id,shop_name,district,cluster_area,owner_name,phone,full_address,primary_category,estimated_monthly_volume
1,"Jai Pal Paint & Sanitary Store",Jodhpur,"Pal Road","Trader B Jodhpur",+919414000013,"Shop 16, Main Road, Pal Road, Jodhpur, Rajasthan","Water-Based Paints & Hardware",53
2,"New Indraprastha Colors & Coatings Agency",Kota,"Indraprastha Industrial Area","Trader C Kota",+919414000015,"Shop 17, Main Road, Indraprastha Industrial Area, Kota, Rajasthan","Water-Based Paints & Hardware",66
3,"Royal Sadul Hardware & Building Materials",Bikaner,"Sadul Colony","Trader D Bikaner",+919414000017,"Shop 18, Main Road, Sadul Colony, Bikaner, Rajasthan","Water-Based Paints & Hardware",79
4,"Modern Kishangarh Wall Protect & Texture Depot",Ajmer,"Kishangarh Marble Mandi","Trader E Ajmer",+919414000019,"Shop 19, Main Road, Kishangarh Marble Mandi, Ajmer, Rajasthan","Water-Based Paints & Hardware",92
5,"Star Fatehpura Trade Associates",Udaipur,"Fatehpura","Trader F Udaipur",+919414000021,"Shop 20, Main Road, Fatehpura, Udaipur, Rajasthan","Water-Based Paints & Hardware",105
6,"Classic RIICO Paints & Hardware Mart",Bhilwara,"RIICO Industrial Area","Trader G Bhilwara",+919414000023,"Shop 21, Main Road, RIICO Industrial Area, Bhilwara, Rajasthan","Water-Based Paints & Hardware",118
7,"National Manu Paint & Sanitary Store",Alwar,"Manu Marg","Trader H Alwar",+919414000025,"Shop 22, Main Road, Manu Marg, Alwar, Rajasthan","Water-Based Paints & Hardware",131
8,"Ganesh Fatehpur Colors & Coatings Agency",Sikar,"Fatehpur Road","Trader I Sikar",+919414000027,"Shop 23, Main Road, Fatehpur Road, Sikar, Rajasthan","Water-Based Paints & Hardware",144
9,"Maruti Padampur Hardware & Building Materials",Sri Ganganagar,"Padampur Road","Trader J Sri Ganganagar",+919414000029,"Shop 24, Main Road, Padampur Road, Sri Ganganagar, Rajasthan","Water-Based Paints & Hardware",157
10,"Balaji Anah Wall Protect & Texture Depot",Bharatpur,"Anah Gate","Trader K Bharatpur",+919414000031,"Shop 25, Main Road, Anah Gate, Bharatpur, Rajasthan","Water-Based Paints & Hardware",170
11,"Kalyan Sumerpur Trade Associates",Pali,"Sumerpur Road","Trader L Pali",+919414000033,"Shop 26, Main Road, Sumerpur Road, Pali, Rajasthan","Water-Based Paints & Hardware",183
12,"Krishna Collectorate Paints & Hardware Mart",Chittorgarh,"Collectorate Road","Trader M Chittorgarh",+919414000035,"Shop 27, Main Road, Collectorate Road, Chittorgarh, Rajasthan","Water-Based Paints & Hardware",196
13,"Vikas Makrana Paint & Sanitary Store",Nagaur,"Makrana Marble Zone","Trader N Nagaur",+919414000037,"Shop 28, Main Road, Makrana Marble Zone, Nagaur, Rajasthan","Water-Based Paints & Hardware",209
14,"Shree Khetri Colors & Coatings Agency",Jhunjhunu,"Khetri Nagar","Trader O Jhunjhunu",+919414000039,"Shop 29, Main Road, Khetri Nagar, Jhunjhunu, Rajasthan","Water-Based Paints & Hardware",222
15,"Jai Malpura Hardware & Building Materials",Tonk,"Malpura Road","Trader P Tonk",+919414000041,"Shop 30, Main Road, Malpura Road, Tonk, Rajasthan","Water-Based Paints & Hardware",235
16,"New Junction Wall Protect & Texture Depot",Hanumangarh,"Junction Market","Trader Q Hanumangarh",+919414000043,"Shop 31, Main Road, Junction Market, Hanumangarh, Rajasthan","Water-Based Paints & Hardware",248
17,"Royal Station Trade Associates",Dausa,"Station Road","Trader R Dausa",+919414000045,"Shop 32, Main Road, Station Road, Dausa, Rajasthan","Water-Based Paints & Hardware",261
18,"Modern Sindhari Paints & Hardware Mart",Barmer,"Sindhari Road","Trader S Barmer",+919414000047,"Shop 33, Main Road, Sindhari Road, Barmer, Rajasthan","Water-Based Paints & Hardware",274
19,"Star Tonk Paint & Sanitary Store",Jaipur,"Tonk Road","Trader T Jaipur",+919414000049,"Shop 34, Main Road, Tonk Road, Jaipur, Rajasthan","Water-Based Paints & Hardware",287
20,"Classic Shastri Colors & Coatings Agency",Jodhpur,"Shastri Nagar","Trader U Jodhpur",+919414000051,"Shop 35, Main Road, Shastri Nagar, Jodhpur, Rajasthan","Water-Based Paints & Hardware",300
21,"National Gumanpura Hardware & Building Materials",Kota,"Gumanpura","Trader V Kota",+919414000053,"Shop 36, Main Road, Gumanpura, Kota, Rajasthan","Water-Based Paints & Hardware",313
22,"Ganesh Bichhwal Wall Protect & Texture Depot",Bikaner,"Bichhwal Industrial Area","Trader W Bikaner",+919414000055,"Shop 37, Main Road, Bichhwal Industrial Area, Bikaner, Rajasthan","Water-Based Paints & Hardware",326
23,"Maruti Beawar Trade Associates",Ajmer,"Beawar City","Trader X Ajmer",+919414000057,"Shop 38, Main Road, Beawar City, Ajmer, Rajasthan","Water-Based Paints & Hardware",339
24,"Balaji Sukher Paints & Hardware Mart",Udaipur,"Sukher Industrial Area","Trader Y Udaipur",+919414000059,"Shop 39, Main Road, Sukher Industrial Area, Udaipur, Rajasthan","Water-Based Paints & Hardware",352
25,"Kalyan Bhopalganj Paint & Sanitary Store",Bhilwara,"Bhopalganj","Trader Z Bhilwara",+919414000061,"Shop 40, Main Road, Bhopalganj, Bhilwara, Rajasthan","Water-Based Paints & Hardware",365
26,"Krishna Company Colors & Coatings Agency",Alwar,"Company Bagh","Trader A Alwar",+919414000063,"Shop 41, Main Road, Company Bagh, Alwar, Rajasthan","Water-Based Paints & Hardware",378
27,"Vikas Piprali Hardware & Building Materials",Sikar,"Piprali Road","Trader B Sikar",+919414000065,"Shop 42, Main Road, Piprali Road, Sikar, Rajasthan","Water-Based Paints & Hardware",391
28,"Shree Gola Wall Protect & Texture Depot",Sri Ganganagar,"Gola Market","Trader C Sri Ganganagar",+919414000067,"Shop 43, Main Road, Gola Market, Sri Ganganagar, Rajasthan","Water-Based Paints & Hardware",404
29,"Jai Circular Trade Associates",Bharatpur,"Circular Road","Trader D Bharatpur",+919414000069,"Shop 44, Main Road, Circular Road, Bharatpur, Rajasthan","Water-Based Paints & Hardware",417
30,"New Somnath Paints & Hardware Mart",Pali,"Somnath Temple Market","Trader E Pali",+919414000071,"Shop 45, Main Road, Somnath Temple Market, Pali, Rajasthan","Water-Based Paints & Hardware",430
31,"Royal Nimbahera Paint & Sanitary Store",Chittorgarh,"Nimbahera Town","Trader F Chittorgarh",+919414000073,"Shop 46, Main Road, Nimbahera Town, Chittorgarh, Rajasthan","Water-Based Paints & Hardware",43
32,"Modern Didwana Colors & Coatings Agency",Nagaur,"Didwana Road","Trader G Nagaur",+919414000075,"Shop 47, Main Road, Didwana Road, Nagaur, Rajasthan","Water-Based Paints & Hardware",56
33,"Star Chirawa Hardware & Building Materials",Jhunjhunu,"Chirawa Road","Trader H Jhunjhunu",+919414000077,"Shop 48, Main Road, Chirawa Road, Jhunjhunu, Rajasthan","Water-Based Paints & Hardware",69
34,"Classic Civil Wall Protect & Texture Depot",Tonk,"Civil Lines","Trader I Tonk",+919414000079,"Shop 49, Main Road, Civil Lines, Tonk, Rajasthan","Water-Based Paints & Hardware",82
35,"National Rawatsar Trade Associates",Hanumangarh,"Rawatsar Road","Trader J Hanumangarh",+919414000081,"Shop 50, Main Road, Rawatsar Road, Hanumangarh, Rajasthan","Water-Based Paints & Hardware",95
36,"Ganesh Lalsot Paints & Hardware Mart",Dausa,"Lalsot Road","Trader K Dausa",+919414000083,"Shop 51, Main Road, Lalsot Road, Dausa, Rajasthan","Water-Based Paints & Hardware",108
37,"Maruti Balotra Paint & Sanitary Store",Barmer,"Balotra Textile & Hardware Hub","Trader L Barmer",+919414000085,"Shop 52, Main Road, Balotra Textile & Hardware Hub, Barmer, Rajasthan","Water-Based Paints & Hardware",121
38,"Balaji Amer Colors & Coatings Agency",Jaipur,"Amer Road","Trader M Jaipur",+919414000087,"Shop 53, Main Road, Amer Road, Jaipur, Rajasthan","Water-Based Paints & Hardware",134
39,"Kalyan Boranada Hardware & Building Materials",Jodhpur,"Boranada SEZ","Trader N Jodhpur",+919414000089,"Shop 54, Main Road, Boranada SEZ, Jodhpur, Rajasthan","Water-Based Paints & Hardware",147
40,"Krishna DCM Wall Protect & Texture Depot",Kota,"DCM Road","Trader O Kota",+919414000091,"Shop 55, Main Road, DCM Road, Kota, Rajasthan","Water-Based Paints & Hardware",160
41,"Vikas Rani Trade Associates",Bikaner,"Rani Bazar Industrial Area","Trader P Bikaner",+919414000093,"Shop 56, Main Road, Rani Bazar Industrial Area, Bikaner, Rajasthan","Water-Based Paints & Hardware",173
42,"Shree Kutchery Paints & Hardware Mart",Ajmer,"Kutchery Road","Trader Q Ajmer",+919414000095,"Shop 57, Main Road, Kutchery Road, Ajmer, Rajasthan","Water-Based Paints & Hardware",186
43,"Jai Hiran Paint & Sanitary Store",Udaipur,"Hiran Magri","Trader R Udaipur",+919414000097,"Shop 58, Main Road, Hiran Magri, Udaipur, Rajasthan","Water-Based Paints & Hardware",199
44,"New Sanganer Colors & Coatings Agency",Bhilwara,"Sanganer Road","Trader S Bhilwara",+919414000099,"Shop 59, Main Road, Sanganer Road, Bhilwara, Rajasthan","Water-Based Paints & Hardware",212
45,"Royal Bhiwadi Hardware & Building Materials",Alwar,"Bhiwadi Industrial Zone","Trader T Alwar",+919414000101,"Shop 60, Main Road, Bhiwadi Industrial Zone, Alwar, Rajasthan","Water-Based Paints & Hardware",225
46,"Modern Kotwali Wall Protect & Texture Depot",Sikar,"Kotwali Market","Trader U Sikar",+919414000103,"Shop 61, Main Road, Kotwali Market, Sikar, Rajasthan","Water-Based Paints & Hardware",238
47,"Star Purani Trade Associates",Sri Ganganagar,"Purani Abadi","Trader V Sri Ganganagar",+919414000105,"Shop 62, Main Road, Purani Abadi, Sri Ganganagar, Rajasthan","Water-Based Paints & Hardware",251
48,"Classic Mathura Paints & Hardware Mart",Bharatpur,"Mathura Road","Trader W Bharatpur",+919414000107,"Shop 63, Main Road, Mathura Road, Bharatpur, Rajasthan","Water-Based Paints & Hardware",264
49,"National Suraj Paint & Sanitary Store",Pali,"Suraj Pole","Trader X Pali",+919414000109,"Shop 64, Main Road, Suraj Pole, Pali, Rajasthan","Water-Based Paints & Hardware",277
50,"Ganesh Fort Colors & Coatings Agency",Chittorgarh,"Fort Road","Trader Y Chittorgarh",+919414000111,"Shop 65, Main Road, Fort Road, Chittorgarh, Rajasthan","Water-Based Paints & Hardware",290
51,"Maruti Kuchaman Hardware & Building Materials",Nagaur,"Kuchaman City","Trader Z Nagaur",+919414000113,"Shop 66, Main Road, Kuchaman City, Nagaur, Rajasthan","Water-Based Paints & Hardware",303
52,"Balaji Peeru Wall Protect & Texture Depot",Jhunjhunu,"Peeru Singh Circle","Trader A Jhunjhunu",+919414000115,"Shop 67, Main Road, Peeru Singh Circle, Jhunjhunu, Rajasthan","Water-Based Paints & Hardware",316
53,"Kalyan Subhash Trade Associates",Tonk,"Subhash Chowk","Trader B Tonk",+919414000117,"Shop 68, Main Road, Subhash Chowk, Tonk, Rajasthan","Water-Based Paints & Hardware",329
54,"Krishna Industrial Paints & Hardware Mart",Hanumangarh,"Industrial Area","Trader C Hanumangarh",+919414000119,"Shop 69, Main Road, Industrial Area, Hanumangarh, Rajasthan","Water-Based Paints & Hardware",342
55,"Vikas Agra Paint & Sanitary Store",Dausa,"Agra Road","Trader D Dausa",+919414000121,"Shop 70, Main Road, Agra Road, Dausa, Rajasthan","Water-Based Paints & Hardware",355
56,"Shree Station Colors & Coatings Agency",Barmer,"Station Road","Trader E Barmer",+919414000123,"Shop 71, Main Road, Station Road, Barmer, Rajasthan","Water-Based Paints & Hardware",368
57,"Jai Chomu Hardware & Building Materials",Jaipur,"Chomu","Trader F Jaipur",+919414000125,"Shop 72, Main Road, Chomu, Jaipur, Rajasthan","Water-Based Paints & Hardware",381
58,"New Sardarpura Wall Protect & Texture Depot",Jodhpur,"Sardarpura","Trader G Jodhpur",+919414000127,"Shop 73, Main Road, Sardarpura, Jodhpur, Rajasthan","Water-Based Paints & Hardware",394
59,"Royal Rampura Trade Associates",Kota,"Rampura","Trader H Kota",+919414000129,"Shop 74, Main Road, Rampura, Kota, Rajasthan","Water-Based Paints & Hardware",407
60,"Modern Kote Paints & Hardware Mart",Bikaner,"Kote Gate","Trader I Bikaner",+919414000131,"Shop 75, Main Road, Kote Gate, Bikaner, Rajasthan","Water-Based Paints & Hardware",420
61,"Star Madar Paint & Sanitary Store",Ajmer,"Madar Gate","Trader J Ajmer",+919414000133,"Shop 76, Main Road, Madar Gate, Ajmer, Rajasthan","Water-Based Paints & Hardware",433
62,"Classic Bapu Colors & Coatings Agency",Udaipur,"Bapu Bazar","Trader K Udaipur",+919414000135,"Shop 77, Main Road, Bapu Bazar, Udaipur, Rajasthan","Water-Based Paints & Hardware",46
63,"National Pur Hardware & Building Materials",Bhilwara,"Pur Road","Trader L Bhilwara",+919414000137,"Shop 78, Main Road, Pur Road, Bhilwara, Rajasthan","Water-Based Paints & Hardware",59
64,"Ganesh Neemrana Wall Protect & Texture Depot",Alwar,"Neemrana Japanese Zone","Trader M Alwar",+919414000139,"Shop 79, Main Road, Neemrana Japanese Zone, Alwar, Rajasthan","Water-Based Paints & Hardware",72
65,"Maruti Salasar Trade Associates",Sikar,"Salasar Bus Stand","Trader N Sikar",+919414000141,"Shop 80, Main Road, Salasar Bus Stand, Sikar, Rajasthan","Water-Based Paints & Hardware",85
66,"Balaji Birbal Paints & Hardware Mart",Sri Ganganagar,"Birbal Chowk","Trader O Sri Ganganagar",+919414000143,"Shop 81, Main Road, Birbal Chowk, Sri Ganganagar, Rajasthan","Water-Based Paints & Hardware",98
67,"Kalyan Sewar Paint & Sanitary Store",Bharatpur,"Sewar Industrial Area","Trader P Bharatpur",+919414000145,"Shop 82, Main Road, Sewar Industrial Area, Bharatpur, Rajasthan","Water-Based Paints & Hardware",111
68,"Krishna Mandia Colors & Coatings Agency",Pali,"Mandia Road Industrial Area","Trader Q Pali",+919414000147,"Shop 83, Main Road, Mandia Road Industrial Area, Pali, Rajasthan","Water-Based Paints & Hardware",124
69,"Vikas Chanderiya Hardware & Building Materials",Chittorgarh,"Chanderiya Industrial Area","Trader R Chittorgarh",+919414000149,"Shop 84, Main Road, Chanderiya Industrial Area, Chittorgarh, Rajasthan","Water-Based Paints & Hardware",137
70,"Shree Merta Wall Protect & Texture Depot",Nagaur,"Merta City","Trader S Nagaur",+919414000151,"Shop 85, Main Road, Merta City, Nagaur, Rajasthan","Water-Based Paints & Hardware",150
71,"Jai Gugali Trade Associates",Jhunjhunu,"Gugali Market","Trader T Jhunjhunu",+919414000153,"Shop 86, Main Road, Gugali Market, Jhunjhunu, Rajasthan","Water-Based Paints & Hardware",163
72,"New Niwai Paints & Hardware Mart",Tonk,"Niwai Industrial Area","Trader U Tonk",+919414000155,"Shop 87, Main Road, Niwai Industrial Area, Tonk, Rajasthan","Water-Based Paints & Hardware",176
73,"Royal Town Paint & Sanitary Store",Hanumangarh,"Town Main Bazaar","Trader V Hanumangarh",+919414000157,"Shop 88, Main Road, Town Main Bazaar, Hanumangarh, Rajasthan","Water-Based Paints & Hardware",189
74,"Modern Bandikui Colors & Coatings Agency",Dausa,"Bandikui Mandi","Trader W Dausa",+919414000159,"Shop 89, Main Road, Bandikui Mandi, Dausa, Rajasthan","Water-Based Paints & Hardware",202
75,"Star Refinery Hardware & Building Materials",Barmer,"Refinery Site Corridor","Trader X Barmer",+919414000161,"Shop 90, Main Road, Refinery Site Corridor, Barmer, Rajasthan","Water-Based Paints & Hardware",215
76,"Classic Malviya Wall Protect & Texture Depot",Jaipur,"Malviya Nagar","Trader Y Jaipur",+919414000163,"Shop 91, Main Road, Malviya Nagar, Jaipur, Rajasthan","Water-Based Paints & Hardware",228
77,"National Basni Trade Associates",Jodhpur,"Basni Industrial Area","Trader Z Jodhpur",+919414000165,"Shop 92, Main Road, Basni Industrial Area, Jodhpur, Rajasthan","Water-Based Paints & Hardware",241
78,"Ganesh Vigyan Paints & Hardware Mart",Kota,"Vigyan Nagar","Trader A Kota",+919414000167,"Shop 93, Main Road, Vigyan Nagar, Kota, Rajasthan","Water-Based Paints & Hardware",254
79,"Maruti Nokha Paint & Sanitary Store",Bikaner,"Nokha Road","Trader B Bikaner",+919414000169,"Shop 94, Main Road, Nokha Road, Bikaner, Rajasthan","Water-Based Paints & Hardware",267
80,"Balaji Clock Colors & Coatings Agency",Ajmer,"Clock Tower Market","Trader C Ajmer",+919414000171,"Shop 95, Main Road, Clock Tower Market, Ajmer, Rajasthan","Water-Based Paints & Hardware",280
81,"Kalyan Mewar Hardware & Building Materials",Udaipur,"Mewar Industrial Area","Trader D Udaipur",+919414000173,"Shop 96, Main Road, Mewar Industrial Area, Udaipur, Rajasthan","Water-Based Paints & Hardware",293
82,"Krishna Gandhi Wall Protect & Texture Depot",Bhilwara,"Gandhi Nagar","Trader E Bhilwara",+919414000175,"Shop 97, Main Road, Gandhi Nagar, Bhilwara, Rajasthan","Water-Based Paints & Hardware",306
83,"Vikas Tijara Trade Associates",Alwar,"Tijara Road","Trader F Alwar",+919414000177,"Shop 98, Main Road, Tijara Road, Alwar, Rajasthan","Water-Based Paints & Hardware",319
84,"Shree Station Paints & Hardware Mart",Sikar,"Station Road","Trader G Sikar",+919414000179,"Shop 99, Main Road, Station Road, Sikar, Rajasthan","Water-Based Paints & Hardware",332
85,"Jai Suratgarh Paint & Sanitary Store",Sri Ganganagar,"Suratgarh Road","Trader H Sri Ganganagar",+919414000181,"Shop 100, Main Road, Suratgarh Road, Sri Ganganagar, Rajasthan","Water-Based Paints & Hardware",345
86,"New Kumher Colors & Coatings Agency",Bharatpur,"Kumher Gate","Trader I Bharatpur",+919414000183,"Shop 101, Main Road, Kumher Gate, Bharatpur, Rajasthan","Water-Based Paints & Hardware",358
87,"Royal Sumerpur Hardware & Building Materials",Pali,"Sumerpur Road","Trader J Pali",+919414000185,"Shop 102, Main Road, Sumerpur Road, Pali, Rajasthan","Water-Based Paints & Hardware",371
88,"Modern Collectorate Wall Protect & Texture Depot",Chittorgarh,"Collectorate Road","Trader K Chittorgarh",+919414000187,"Shop 103, Main Road, Collectorate Road, Chittorgarh, Rajasthan","Water-Based Paints & Hardware",384
89,"Star Gandhi Trade Associates",Nagaur,"Gandhi Chowk","Trader L Nagaur",+919414000189,"Shop 104, Main Road, Gandhi Chowk, Nagaur, Rajasthan","Water-Based Paints & Hardware",397
90,"Classic Mandawa Paints & Hardware Mart",Jhunjhunu,"Mandawa Road","Trader M Jhunjhunu",+919414000191,"Shop 105, Main Road, Mandawa Road, Jhunjhunu, Rajasthan","Water-Based Paints & Hardware",410
91,"National Malpura Paint & Sanitary Store",Tonk,"Malpura Road","Trader N Tonk",+919414000193,"Shop 106, Main Road, Malpura Road, Tonk, Rajasthan","Water-Based Paints & Hardware",423
92,"Ganesh Junction Colors & Coatings Agency",Hanumangarh,"Junction Market","Trader O Hanumangarh",+919414000195,"Shop 107, Main Road, Junction Market, Hanumangarh, Rajasthan","Water-Based Paints & Hardware",436
93,"Maruti Station Hardware & Building Materials",Dausa,"Station Road","Trader P Dausa",+919414000197,"Shop 108, Main Road, Station Road, Dausa, Rajasthan","Water-Based Paints & Hardware",49
94,"Balaji Sindhari Wall Protect & Texture Depot",Barmer,"Sindhari Road","Trader Q Barmer",+919414000199,"Shop 109, Main Road, Sindhari Road, Barmer, Rajasthan","Water-Based Paints & Hardware",62
95,"Kalyan Transport Trade Associates",Jaipur,"Transport Nagar","Trader R Jaipur",+919414000201,"Shop 110, Main Road, Transport Nagar, Jaipur, Rajasthan","Water-Based Paints & Hardware",75
96,"Krishna Ratanada Paints & Hardware Mart",Jodhpur,"Ratanada","Trader S Jodhpur",+919414000203,"Shop 111, Main Road, Ratanada, Jodhpur, Rajasthan","Water-Based Paints & Hardware",88
97,"Vikas Mahaveer Paint & Sanitary Store",Kota,"Mahaveer Nagar","Trader T Kota",+919414000205,"Shop 112, Main Road, Mahaveer Nagar, Kota, Rajasthan","Water-Based Paints & Hardware",101
98,"Shree Sadul Colors & Coatings Agency",Bikaner,"Sadul Colony","Trader U Bikaner",+919414000207,"Shop 113, Main Road, Sadul Colony, Bikaner, Rajasthan","Water-Based Paints & Hardware",114
99,"Jai Parbatpura Hardware & Building Materials",Ajmer,"Parbatpura Industrial Area","Trader V Ajmer",+919414000209,"Shop 114, Main Road, Parbatpura Industrial Area, Ajmer, Rajasthan","Water-Based Paints & Hardware",127
100,"New Udaisagar Wall Protect & Texture Depot",Udaipur,"Udaisagar Road","Trader W Udaipur",+919414000211,"Shop 115, Main Road, Udaisagar Road, Udaipur, Rajasthan","Water-Based Paints & Hardware",140
101,"Royal RIICO Trade Associates",Bhilwara,"RIICO Industrial Area","Trader X Bhilwara",+919414000213,"Shop 116, Main Road, RIICO Industrial Area, Bhilwara, Rajasthan","Water-Based Paints & Hardware",153
102,"Modern MIA Paints & Hardware Mart",Alwar,"MIA Industrial Area","Trader Y Alwar",+919414000215,"Shop 117, Main Road, MIA Industrial Area, Alwar, Rajasthan","Water-Based Paints & Hardware",166
103,"Star Bajoria Paint & Sanitary Store",Sikar,"Bajoria Road","Trader Z Sikar",+919414000217,"Shop 118, Main Road, Bajoria Road, Sikar, Rajasthan","Water-Based Paints & Hardware",179
104,"Classic Padampur Colors & Coatings Agency",Sri Ganganagar,"Padampur Road","Trader A Sri Ganganagar",+919414000219,"Shop 119, Main Road, Padampur Road, Sri Ganganagar, Rajasthan","Water-Based Paints & Hardware",192
105,"National Anah Hardware & Building Materials",Bharatpur,"Anah Gate","Trader B Bharatpur",+919414000221,"Shop 120, Main Road, Anah Gate, Bharatpur, Rajasthan","Water-Based Paints & Hardware",205
106,"Ganesh Somnath Wall Protect & Texture Depot",Pali,"Somnath Temple Market","Trader C Pali",+919414000223,"Shop 121, Main Road, Somnath Temple Market, Pali, Rajasthan","Water-Based Paints & Hardware",218
107,"Maruti Nimbahera Trade Associates",Chittorgarh,"Nimbahera Town","Trader D Chittorgarh",+919414000225,"Shop 122, Main Road, Nimbahera Town, Chittorgarh, Rajasthan","Water-Based Paints & Hardware",231
108,"Balaji Makrana Paints & Hardware Mart",Nagaur,"Makrana Marble Zone","Trader E Nagaur",+919414000227,"Shop 123, Main Road, Makrana Marble Zone, Nagaur, Rajasthan","Water-Based Paints & Hardware",244
109,"Kalyan Khetri Paint & Sanitary Store",Jhunjhunu,"Khetri Nagar","Trader F Jhunjhunu",+919414000229,"Shop 124, Main Road, Khetri Nagar, Jhunjhunu, Rajasthan","Water-Based Paints & Hardware",257
110,"Krishna Civil Colors & Coatings Agency",Tonk,"Civil Lines","Trader G Tonk",+919414000231,"Shop 125, Main Road, Civil Lines, Tonk, Rajasthan","Water-Based Paints & Hardware",270
111,"Vikas Rawatsar Hardware & Building Materials",Hanumangarh,"Rawatsar Road","Trader H Hanumangarh",+919414000233,"Shop 126, Main Road, Rawatsar Road, Hanumangarh, Rajasthan","Water-Based Paints & Hardware",283
112,"Shree Lalsot Wall Protect & Texture Depot",Dausa,"Lalsot Road","Trader I Dausa",+919414000235,"Shop 127, Main Road, Lalsot Road, Dausa, Rajasthan","Water-Based Paints & Hardware",296
113,"Jai Balotra Trade Associates",Barmer,"Balotra Textile & Hardware Hub","Trader J Barmer",+919414000237,"Shop 128, Main Road, Balotra Textile & Hardware Hub, Barmer, Rajasthan","Water-Based Paints & Hardware",309
114,"New Vaishali Paints & Hardware Mart",Jaipur,"Vaishali Nagar","Trader K Jaipur",+919414000239,"Shop 129, Main Road, Vaishali Nagar, Jaipur, Rajasthan","Water-Based Paints & Hardware",322
115,"Royal Mandore Paint & Sanitary Store",Jodhpur,"Mandore Road","Trader L Jodhpur",+919414000241,"Shop 130, Main Road, Mandore Road, Jodhpur, Rajasthan","Water-Based Paints & Hardware",335
116,"Modern Borkhera Colors & Coatings Agency",Kota,"Borkhera","Trader M Kota",+919414000243,"Shop 131, Main Road, Borkhera, Kota, Rajasthan","Water-Based Paints & Hardware",348
117,"Star Bichhwal Hardware & Building Materials",Bikaner,"Bichhwal Industrial Area","Trader N Bikaner",+919414000245,"Shop 132, Main Road, Bichhwal Industrial Area, Bikaner, Rajasthan","Water-Based Paints & Hardware",361
118,"Classic Kishangarh Wall Protect & Texture Depot",Ajmer,"Kishangarh Marble Mandi","Trader O Ajmer",+919414000247,"Shop 133, Main Road, Kishangarh Marble Mandi, Ajmer, Rajasthan","Water-Based Paints & Hardware",374
119,"National Fatehpura Trade Associates",Udaipur,"Fatehpura","Trader P Udaipur",+919414000249,"Shop 134, Main Road, Fatehpura, Udaipur, Rajasthan","Water-Based Paints & Hardware",387
120,"Ganesh Bhopalganj Paints & Hardware Mart",Bhilwara,"Bhopalganj","Trader Q Bhilwara",+919414000251,"Shop 135, Main Road, Bhopalganj, Bhilwara, Rajasthan","Water-Based Paints & Hardware",400
121,"Maruti Manu Paint & Sanitary Store",Alwar,"Manu Marg","Trader R Alwar",+919414000253,"Shop 136, Main Road, Manu Marg, Alwar, Rajasthan","Water-Based Paints & Hardware",413
122,"Balaji Fatehpur Colors & Coatings Agency",Sikar,"Fatehpur Road","Trader S Sikar",+919414000255,"Shop 137, Main Road, Fatehpur Road, Sikar, Rajasthan","Water-Based Paints & Hardware",426
123,"Kalyan Gola Hardware & Building Materials",Sri Ganganagar,"Gola Market","Trader T Sri Ganganagar",+919414000257,"Shop 138, Main Road, Gola Market, Sri Ganganagar, Rajasthan","Water-Based Paints & Hardware",439
124,"Krishna Circular Wall Protect & Texture Depot",Bharatpur,"Circular Road","Trader U Bharatpur",+919414000259,"Shop 139, Main Road, Circular Road, Bharatpur, Rajasthan","Water-Based Paints & Hardware",52
125,"Vikas Suraj Trade Associates",Pali,"Suraj Pole","Trader V Pali",+919414000261,"Shop 140, Main Road, Suraj Pole, Pali, Rajasthan","Water-Based Paints & Hardware",65
126,"Shree Fort Paints & Hardware Mart",Chittorgarh,"Fort Road","Trader W Chittorgarh",+919414000263,"Shop 141, Main Road, Fort Road, Chittorgarh, Rajasthan","Water-Based Paints & Hardware",78
127,"Jai Didwana Paint & Sanitary Store",Nagaur,"Didwana Road","Trader X Nagaur",+919414000265,"Shop 142, Main Road, Didwana Road, Nagaur, Rajasthan","Water-Based Paints & Hardware",91
128,"New Chirawa Colors & Coatings Agency",Jhunjhunu,"Chirawa Road","Trader Y Jhunjhunu",+919414000267,"Shop 143, Main Road, Chirawa Road, Jhunjhunu, Rajasthan","Water-Based Paints & Hardware",104
129,"Royal Subhash Hardware & Building Materials",Tonk,"Subhash Chowk","Trader Z Tonk",+919414000269,"Shop 144, Main Road, Subhash Chowk, Tonk, Rajasthan","Water-Based Paints & Hardware",117
130,"Modern Industrial Wall Protect & Texture Depot",Hanumangarh,"Industrial Area","Trader A Hanumangarh",+919414000271,"Shop 145, Main Road, Industrial Area, Hanumangarh, Rajasthan","Water-Based Paints & Hardware",130
131,"Star Agra Trade Associates",Dausa,"Agra Road","Trader B Dausa",+919414000273,"Shop 146, Main Road, Agra Road, Dausa, Rajasthan","Water-Based Paints & Hardware",143
132,"Classic Station Paints & Hardware Mart",Barmer,"Station Road","Trader C Barmer",+919414000275,"Shop 147, Main Road, Station Road, Barmer, Rajasthan","Water-Based Paints & Hardware",156
133,"National Jhotwara Paint & Sanitary Store",Jaipur,"Jhotwara","Trader D Jaipur",+919414000277,"Shop 148, Main Road, Jhotwara, Jaipur, Rajasthan","Water-Based Paints & Hardware",169
134,"Ganesh Pal Colors & Coatings Agency",Jodhpur,"Pal Road","Trader E Jodhpur",+919414000279,"Shop 149, Main Road, Pal Road, Jodhpur, Rajasthan","Water-Based Paints & Hardware",182
135,"Maruti Indraprastha Hardware & Building Materials",Kota,"Indraprastha Industrial Area","Trader F Kota",+919414000281,"Shop 150, Main Road, Indraprastha Industrial Area, Kota, Rajasthan","Water-Based Paints & Hardware",195
136,"Balaji Rani Wall Protect & Texture Depot",Bikaner,"Rani Bazar Industrial Area","Trader G Bikaner",+919414000283,"Shop 151, Main Road, Rani Bazar Industrial Area, Bikaner, Rajasthan","Water-Based Paints & Hardware",208
137,"Kalyan Beawar Trade Associates",Ajmer,"Beawar City","Trader H Ajmer",+919414000285,"Shop 152, Main Road, Beawar City, Ajmer, Rajasthan","Water-Based Paints & Hardware",221
138,"Krishna Sukher Paints & Hardware Mart",Udaipur,"Sukher Industrial Area","Trader I Udaipur",+919414000287,"Shop 153, Main Road, Sukher Industrial Area, Udaipur, Rajasthan","Water-Based Paints & Hardware",234
139,"Vikas Sanganer Paint & Sanitary Store",Bhilwara,"Sanganer Road","Trader J Bhilwara",+919414000289,"Shop 154, Main Road, Sanganer Road, Bhilwara, Rajasthan","Water-Based Paints & Hardware",247
140,"Shree Company Colors & Coatings Agency",Alwar,"Company Bagh","Trader K Alwar",+919414000291,"Shop 155, Main Road, Company Bagh, Alwar, Rajasthan","Water-Based Paints & Hardware",260
141,"Jai Piprali Hardware & Building Materials",Sikar,"Piprali Road","Trader L Sikar",+919414000293,"Shop 156, Main Road, Piprali Road, Sikar, Rajasthan","Water-Based Paints & Hardware",273
142,"New Purani Wall Protect & Texture Depot",Sri Ganganagar,"Purani Abadi","Trader M Sri Ganganagar",+919414000295,"Shop 157, Main Road, Purani Abadi, Sri Ganganagar, Rajasthan","Water-Based Paints & Hardware",286
143,"Royal Mathura Trade Associates",Bharatpur,"Mathura Road","Trader N Bharatpur",+919414000297,"Shop 158, Main Road, Mathura Road, Bharatpur, Rajasthan","Water-Based Paints & Hardware",299
144,"Modern Mandia Paints & Hardware Mart",Pali,"Mandia Road Industrial Area","Trader O Pali",+919414000299,"Shop 159, Main Road, Mandia Road Industrial Area, Pali, Rajasthan","Water-Based Paints & Hardware",312
145,"Star Chanderiya Paint & Sanitary Store",Chittorgarh,"Chanderiya Industrial Area","Trader P Chittorgarh",+919414000301,"Shop 160, Main Road, Chanderiya Industrial Area, Chittorgarh, Rajasthan","Water-Based Paints & Hardware",325
146,"Classic Kuchaman Colors & Coatings Agency",Nagaur,"Kuchaman City","Trader Q Nagaur",+919414000303,"Shop 161, Main Road, Kuchaman City, Nagaur, Rajasthan","Water-Based Paints & Hardware",338
147,"National Peeru Hardware & Building Materials",Jhunjhunu,"Peeru Singh Circle","Trader R Jhunjhunu",+919414000305,"Shop 162, Main Road, Peeru Singh Circle, Jhunjhunu, Rajasthan","Water-Based Paints & Hardware",351
148,"Ganesh Niwai Wall Protect & Texture Depot",Tonk,"Niwai Industrial Area","Trader S Tonk",+919414000307,"Shop 163, Main Road, Niwai Industrial Area, Tonk, Rajasthan","Water-Based Paints & Hardware",364
149,"Maruti Town Trade Associates",Hanumangarh,"Town Main Bazaar","Trader T Hanumangarh",+919414000309,"Shop 164, Main Road, Town Main Bazaar, Hanumangarh, Rajasthan","Water-Based Paints & Hardware",377
150,"Balaji Bandikui Paints & Hardware Mart",Dausa,"Bandikui Mandi","Trader U Dausa",+919414000311,"Shop 165, Main Road, Bandikui Mandi, Dausa, Rajasthan","Water-Based Paints & Hardware",390
151,"Kalyan Refinery Paint & Sanitary Store",Barmer,"Refinery Site Corridor","Trader V Barmer",+919414000313,"Shop 166, Main Road, Refinery Site Corridor, Barmer, Rajasthan","Water-Based Paints & Hardware",403
152,"Krishna Sanganer Colors & Coatings Agency",Jaipur,"Sanganer Town","Trader W Jaipur",+919414000315,"Shop 167, Main Road, Sanganer Town, Jaipur, Rajasthan","Water-Based Paints & Hardware",416
153,"Vikas Shastri Hardware & Building Materials",Jodhpur,"Shastri Nagar","Trader X Jodhpur",+919414000317,"Shop 168, Main Road, Shastri Nagar, Jodhpur, Rajasthan","Water-Based Paints & Hardware",429
154,"Shree Gumanpura Wall Protect & Texture Depot",Kota,"Gumanpura","Trader Y Kota",+919414000319,"Shop 169, Main Road, Gumanpura, Kota, Rajasthan","Water-Based Paints & Hardware",42
155,"Jai Kote Trade Associates",Bikaner,"Kote Gate","Trader Z Bikaner",+919414000321,"Shop 170, Main Road, Kote Gate, Bikaner, Rajasthan","Water-Based Paints & Hardware",55
156,"New Kutchery Paints & Hardware Mart",Ajmer,"Kutchery Road","Trader A Ajmer",+919414000323,"Shop 171, Main Road, Kutchery Road, Ajmer, Rajasthan","Water-Based Paints & Hardware",68
157,"Royal Hiran Paint & Sanitary Store",Udaipur,"Hiran Magri","Trader B Udaipur",+919414000325,"Shop 172, Main Road, Hiran Magri, Udaipur, Rajasthan","Water-Based Paints & Hardware",81
158,"Modern Pur Colors & Coatings Agency",Bhilwara,"Pur Road","Trader C Bhilwara",+919414000327,"Shop 173, Main Road, Pur Road, Bhilwara, Rajasthan","Water-Based Paints & Hardware",94
159,"Star Bhiwadi Hardware & Building Materials",Alwar,"Bhiwadi Industrial Zone","Trader D Alwar",+919414000329,"Shop 174, Main Road, Bhiwadi Industrial Zone, Alwar, Rajasthan","Water-Based Paints & Hardware",107
160,"Classic Kotwali Wall Protect & Texture Depot",Sikar,"Kotwali Market","Trader E Sikar",+919414000331,"Shop 175, Main Road, Kotwali Market, Sikar, Rajasthan","Water-Based Paints & Hardware",120
161,"National Birbal Trade Associates",Sri Ganganagar,"Birbal Chowk","Trader F Sri Ganganagar",+919414000333,"Shop 176, Main Road, Birbal Chowk, Sri Ganganagar, Rajasthan","Water-Based Paints & Hardware",133
162,"Ganesh Sewar Paints & Hardware Mart",Bharatpur,"Sewar Industrial Area","Trader G Bharatpur",+919414000335,"Shop 177, Main Road, Sewar Industrial Area, Bharatpur, Rajasthan","Water-Based Paints & Hardware",146
163,"Maruti Sumerpur Paint & Sanitary Store",Pali,"Sumerpur Road","Trader H Pali",+919414000337,"Shop 178, Main Road, Sumerpur Road, Pali, Rajasthan","Water-Based Paints & Hardware",159
164,"Balaji Collectorate Colors & Coatings Agency",Chittorgarh,"Collectorate Road","Trader I Chittorgarh",+919414000339,"Shop 179, Main Road, Collectorate Road, Chittorgarh, Rajasthan","Water-Based Paints & Hardware",172
165,"Kalyan Merta Hardware & Building Materials",Nagaur,"Merta City","Trader J Nagaur",+919414000341,"Shop 180, Main Road, Merta City, Nagaur, Rajasthan","Water-Based Paints & Hardware",185
166,"Krishna Gugali Wall Protect & Texture Depot",Jhunjhunu,"Gugali Market","Trader K Jhunjhunu",+919414000343,"Shop 181, Main Road, Gugali Market, Jhunjhunu, Rajasthan","Water-Based Paints & Hardware",198
167,"Vikas Malpura Trade Associates",Tonk,"Malpura Road","Trader L Tonk",+919414000345,"Shop 182, Main Road, Malpura Road, Tonk, Rajasthan","Water-Based Paints & Hardware",211
168,"Shree Junction Paints & Hardware Mart",Hanumangarh,"Junction Market","Trader M Hanumangarh",+919414000347,"Shop 183, Main Road, Junction Market, Hanumangarh, Rajasthan","Water-Based Paints & Hardware",224
169,"Jai Station Paint & Sanitary Store",Dausa,"Station Road","Trader N Dausa",+919414000349,"Shop 184, Main Road, Station Road, Dausa, Rajasthan","Water-Based Paints & Hardware",237
170,"New Sindhari Colors & Coatings Agency",Barmer,"Sindhari Road","Trader O Barmer",+919414000351,"Shop 185, Main Road, Sindhari Road, Barmer, Rajasthan","Water-Based Paints & Hardware",250
171,"Royal VKI Hardware & Building Materials",Jaipur,"VKI Industrial Area","Trader P Jaipur",+919414000353,"Shop 186, Main Road, VKI Industrial Area, Jaipur, Rajasthan","Water-Based Paints & Hardware",263
172,"Modern Boranada Wall Protect & Texture Depot",Jodhpur,"Boranada SEZ","Trader Q Jodhpur",+919414000355,"Shop 187, Main Road, Boranada SEZ, Jodhpur, Rajasthan","Water-Based Paints & Hardware",276
173,"Star DCM Trade Associates",Kota,"DCM Road","Trader R Kota",+919414000357,"Shop 188, Main Road, DCM Road, Kota, Rajasthan","Water-Based Paints & Hardware",289
174,"Classic Nokha Paints & Hardware Mart",Bikaner,"Nokha Road","Trader S Bikaner",+919414000359,"Shop 189, Main Road, Nokha Road, Bikaner, Rajasthan","Water-Based Paints & Hardware",302
175,"National Madar Paint & Sanitary Store",Ajmer,"Madar Gate","Trader T Ajmer",+919414000361,"Shop 190, Main Road, Madar Gate, Ajmer, Rajasthan","Water-Based Paints & Hardware",315
176,"Ganesh Bapu Colors & Coatings Agency",Udaipur,"Bapu Bazar","Trader U Udaipur",+919414000363,"Shop 191, Main Road, Bapu Bazar, Udaipur, Rajasthan","Water-Based Paints & Hardware",328
177,"Maruti Gandhi Hardware & Building Materials",Bhilwara,"Gandhi Nagar","Trader V Bhilwara",+919414000365,"Shop 192, Main Road, Gandhi Nagar, Bhilwara, Rajasthan","Water-Based Paints & Hardware",341
178,"Balaji Neemrana Wall Protect & Texture Depot",Alwar,"Neemrana Japanese Zone","Trader W Alwar",+919414000367,"Shop 193, Main Road, Neemrana Japanese Zone, Alwar, Rajasthan","Water-Based Paints & Hardware",354
179,"Kalyan Salasar Trade Associates",Sikar,"Salasar Bus Stand","Trader X Sikar",+919414000369,"Shop 194, Main Road, Salasar Bus Stand, Sikar, Rajasthan","Water-Based Paints & Hardware",367
180,"Krishna Suratgarh Paints & Hardware Mart",Sri Ganganagar,"Suratgarh Road","Trader Y Sri Ganganagar",+919414000371,"Shop 195, Main Road, Suratgarh Road, Sri Ganganagar, Rajasthan","Water-Based Paints & Hardware",380
181,"Vikas Kumher Paint & Sanitary Store",Bharatpur,"Kumher Gate","Trader Z Bharatpur",+919414000373,"Shop 196, Main Road, Kumher Gate, Bharatpur, Rajasthan","Water-Based Paints & Hardware",393
182,"Shree Somnath Colors & Coatings Agency",Pali,"Somnath Temple Market","Trader A Pali",+919414000375,"Shop 197, Main Road, Somnath Temple Market, Pali, Rajasthan","Water-Based Paints & Hardware",406
183,"Jai Nimbahera Hardware & Building Materials",Chittorgarh,"Nimbahera Town","Trader B Chittorgarh",+919414000377,"Shop 198, Main Road, Nimbahera Town, Chittorgarh, Rajasthan","Water-Based Paints & Hardware",419
184,"New Gandhi Wall Protect & Texture Depot",Nagaur,"Gandhi Chowk","Trader C Nagaur",+919414000379,"Shop 199, Main Road, Gandhi Chowk, Nagaur, Rajasthan","Water-Based Paints & Hardware",432
185,"Royal Mandawa Trade Associates",Jhunjhunu,"Mandawa Road","Trader D Jhunjhunu",+919414000381,"Shop 200, Main Road, Mandawa Road, Jhunjhunu, Rajasthan","Water-Based Paints & Hardware",45
186,"Modern Civil Paints & Hardware Mart",Tonk,"Civil Lines","Trader E Tonk",+919414000383,"Shop 201, Main Road, Civil Lines, Tonk, Rajasthan","Water-Based Paints & Hardware",58
187,"Star Rawatsar Paint & Sanitary Store",Hanumangarh,"Rawatsar Road","Trader F Hanumangarh",+919414000385,"Shop 202, Main Road, Rawatsar Road, Hanumangarh, Rajasthan","Water-Based Paints & Hardware",71
188,"Classic Lalsot Colors & Coatings Agency",Dausa,"Lalsot Road","Trader G Dausa",+919414000387,"Shop 203, Main Road, Lalsot Road, Dausa, Rajasthan","Water-Based Paints & Hardware",84
189,"National Balotra Hardware & Building Materials",Barmer,"Balotra Textile & Hardware Hub","Trader H Barmer",+919414000389,"Shop 204, Main Road, Balotra Textile & Hardware Hub, Barmer, Rajasthan","Water-Based Paints & Hardware",97
190,"Ganesh Mansarovar Wall Protect & Texture Depot",Jaipur,"Mansarovar","Trader I Jaipur",+919414000391,"Shop 205, Main Road, Mansarovar, Jaipur, Rajasthan","Water-Based Paints & Hardware",110
191,"Maruti Sardarpura Trade Associates",Jodhpur,"Sardarpura","Trader J Jodhpur",+919414000393,"Shop 206, Main Road, Sardarpura, Jodhpur, Rajasthan","Water-Based Paints & Hardware",123
192,"Balaji Rampura Paints & Hardware Mart",Kota,"Rampura","Trader K Kota",+919414000395,"Shop 207, Main Road, Rampura, Kota, Rajasthan","Water-Based Paints & Hardware",136
193,"Kalyan Sadul Paint & Sanitary Store",Bikaner,"Sadul Colony","Trader L Bikaner",+919414000397,"Shop 208, Main Road, Sadul Colony, Bikaner, Rajasthan","Water-Based Paints & Hardware",149
194,"Krishna Clock Colors & Coatings Agency",Ajmer,"Clock Tower Market","Trader M Ajmer",+919414000399,"Shop 209, Main Road, Clock Tower Market, Ajmer, Rajasthan","Water-Based Paints & Hardware",162
195,"Vikas Mewar Hardware & Building Materials",Udaipur,"Mewar Industrial Area","Trader N Udaipur",+919414000401,"Shop 210, Main Road, Mewar Industrial Area, Udaipur, Rajasthan","Water-Based Paints & Hardware",175
196,"Shree RIICO Wall Protect & Texture Depot",Bhilwara,"RIICO Industrial Area","Trader O Bhilwara",+919414000403,"Shop 211, Main Road, RIICO Industrial Area, Bhilwara, Rajasthan","Water-Based Paints & Hardware",188
197,"Jai Tijara Trade Associates",Alwar,"Tijara Road","Trader P Alwar",+919414000405,"Shop 212, Main Road, Tijara Road, Alwar, Rajasthan","Water-Based Paints & Hardware",201
198,"New Station Paints & Hardware Mart",Sikar,"Station Road","Trader Q Sikar",+919414000407,"Shop 213, Main Road, Station Road, Sikar, Rajasthan","Water-Based Paints & Hardware",214
199,"Royal Padampur Paint & Sanitary Store",Sri Ganganagar,"Padampur Road","Trader R Sri Ganganagar",+919414000409,"Shop 214, Main Road, Padampur Road, Sri Ganganagar, Rajasthan","Water-Based Paints & Hardware",227
200,"Modern Anah Colors & Coatings Agency",Bharatpur,"Anah Gate","Trader S Bharatpur",+919414000411,"Shop 15, Main Road, Anah Gate, Bharatpur, Rajasthan","Water-Based Paints & Hardware",240
201,"Star Suraj Hardware & Building Materials",Pali,"Suraj Pole","Trader T Pali",+919414000413,"Shop 16, Main Road, Suraj Pole, Pali, Rajasthan","Water-Based Paints & Hardware",253
202,"Classic Fort Wall Protect & Texture Depot",Chittorgarh,"Fort Road","Trader U Chittorgarh",+919414000415,"Shop 17, Main Road, Fort Road, Chittorgarh, Rajasthan","Water-Based Paints & Hardware",266
203,"National Makrana Trade Associates",Nagaur,"Makrana Marble Zone","Trader V Nagaur",+919414000417,"Shop 18, Main Road, Makrana Marble Zone, Nagaur, Rajasthan","Water-Based Paints & Hardware",279
204,"Ganesh Khetri Paints & Hardware Mart",Jhunjhunu,"Khetri Nagar","Trader W Jhunjhunu",+919414000419,"Shop 19, Main Road, Khetri Nagar, Jhunjhunu, Rajasthan","Water-Based Paints & Hardware",292
205,"Maruti Subhash Paint & Sanitary Store",Tonk,"Subhash Chowk","Trader X Tonk",+919414000421,"Shop 20, Main Road, Subhash Chowk, Tonk, Rajasthan","Water-Based Paints & Hardware",305
206,"Balaji Industrial Colors & Coatings Agency",Hanumangarh,"Industrial Area","Trader Y Hanumangarh",+919414000423,"Shop 21, Main Road, Industrial Area, Hanumangarh, Rajasthan","Water-Based Paints & Hardware",318
207,"Kalyan Agra Hardware & Building Materials",Dausa,"Agra Road","Trader Z Dausa",+919414000425,"Shop 22, Main Road, Agra Road, Dausa, Rajasthan","Water-Based Paints & Hardware",331
208,"Krishna Station Wall Protect & Texture Depot",Barmer,"Station Road","Trader A Barmer",+919414000427,"Shop 23, Main Road, Station Road, Barmer, Rajasthan","Water-Based Paints & Hardware",344
209,"Vikas Tonk Trade Associates",Jaipur,"Tonk Road","Trader B Jaipur",+919414000429,"Shop 24, Main Road, Tonk Road, Jaipur, Rajasthan","Water-Based Paints & Hardware",357
210,"Shree Basni Paints & Hardware Mart",Jodhpur,"Basni Industrial Area","Trader C Jodhpur",+919414000431,"Shop 25, Main Road, Basni Industrial Area, Jodhpur, Rajasthan","Water-Based Paints & Hardware",370
211,"Jai Vigyan Paint & Sanitary Store",Kota,"Vigyan Nagar","Trader D Kota",+919414000433,"Shop 26, Main Road, Vigyan Nagar, Kota, Rajasthan","Water-Based Paints & Hardware",383
212,"New Bichhwal Colors & Coatings Agency",Bikaner,"Bichhwal Industrial Area","Trader E Bikaner",+919414000435,"Shop 27, Main Road, Bichhwal Industrial Area, Bikaner, Rajasthan","Water-Based Paints & Hardware",396
213,"Royal Parbatpura Hardware & Building Materials",Ajmer,"Parbatpura Industrial Area","Trader F Ajmer",+919414000437,"Shop 28, Main Road, Parbatpura Industrial Area, Ajmer, Rajasthan","Water-Based Paints & Hardware",409
214,"Modern Udaisagar Wall Protect & Texture Depot",Udaipur,"Udaisagar Road","Trader G Udaipur",+919414000439,"Shop 29, Main Road, Udaisagar Road, Udaipur, Rajasthan","Water-Based Paints & Hardware",422
215,"Star Bhopalganj Trade Associates",Bhilwara,"Bhopalganj","Trader H Bhilwara",+919414000441,"Shop 30, Main Road, Bhopalganj, Bhilwara, Rajasthan","Water-Based Paints & Hardware",435
216,"Classic MIA Paints & Hardware Mart",Alwar,"MIA Industrial Area","Trader I Alwar",+919414000443,"Shop 31, Main Road, MIA Industrial Area, Alwar, Rajasthan","Water-Based Paints & Hardware",48
217,"National Bajoria Paint & Sanitary Store",Sikar,"Bajoria Road","Trader J Sikar",+919414000445,"Shop 32, Main Road, Bajoria Road, Sikar, Rajasthan","Water-Based Paints & Hardware",61
218,"Ganesh Gola Colors & Coatings Agency",Sri Ganganagar,"Gola Market","Trader K Sri Ganganagar",+919414000447,"Shop 33, Main Road, Gola Market, Sri Ganganagar, Rajasthan","Water-Based Paints & Hardware",74
219,"Maruti Circular Hardware & Building Materials",Bharatpur,"Circular Road","Trader L Bharatpur",+919414000449,"Shop 34, Main Road, Circular Road, Bharatpur, Rajasthan","Water-Based Paints & Hardware",87
220,"Balaji Mandia Wall Protect & Texture Depot",Pali,"Mandia Road Industrial Area","Trader M Pali",+919414000451,"Shop 35, Main Road, Mandia Road Industrial Area, Pali, Rajasthan","Water-Based Paints & Hardware",100
221,"Kalyan Chanderiya Trade Associates",Chittorgarh,"Chanderiya Industrial Area","Trader N Chittorgarh",+919414000453,"Shop 36, Main Road, Chanderiya Industrial Area, Chittorgarh, Rajasthan","Water-Based Paints & Hardware",113
222,"Krishna Didwana Paints & Hardware Mart",Nagaur,"Didwana Road","Trader O Nagaur",+919414000455,"Shop 37, Main Road, Didwana Road, Nagaur, Rajasthan","Water-Based Paints & Hardware",126
223,"Vikas Chirawa Paint & Sanitary Store",Jhunjhunu,"Chirawa Road","Trader P Jhunjhunu",+919414000457,"Shop 38, Main Road, Chirawa Road, Jhunjhunu, Rajasthan","Water-Based Paints & Hardware",139
224,"Shree Niwai Colors & Coatings Agency",Tonk,"Niwai Industrial Area","Trader Q Tonk",+919414000459,"Shop 39, Main Road, Niwai Industrial Area, Tonk, Rajasthan","Water-Based Paints & Hardware",152
225,"Jai Town Hardware & Building Materials",Hanumangarh,"Town Main Bazaar","Trader R Hanumangarh",+919414000461,"Shop 40, Main Road, Town Main Bazaar, Hanumangarh, Rajasthan","Water-Based Paints & Hardware",165
226,"New Bandikui Wall Protect & Texture Depot",Dausa,"Bandikui Mandi","Trader S Dausa",+919414000463,"Shop 41, Main Road, Bandikui Mandi, Dausa, Rajasthan","Water-Based Paints & Hardware",178
227,"Royal Refinery Trade Associates",Barmer,"Refinery Site Corridor","Trader T Barmer",+919414000465,"Shop 42, Main Road, Refinery Site Corridor, Barmer, Rajasthan","Water-Based Paints & Hardware",191
228,"Modern Amer Paints & Hardware Mart",Jaipur,"Amer Road","Trader U Jaipur",+919414000467,"Shop 43, Main Road, Amer Road, Jaipur, Rajasthan","Water-Based Paints & Hardware",204
229,"Star Ratanada Paint & Sanitary Store",Jodhpur,"Ratanada","Trader V Jodhpur",+919414000469,"Shop 44, Main Road, Ratanada, Jodhpur, Rajasthan","Water-Based Paints & Hardware",217
230,"Classic Mahaveer Colors & Coatings Agency",Kota,"Mahaveer Nagar","Trader W Kota",+919414000471,"Shop 45, Main Road, Mahaveer Nagar, Kota, Rajasthan","Water-Based Paints & Hardware",230
231,"National Rani Hardware & Building Materials",Bikaner,"Rani Bazar Industrial Area","Trader X Bikaner",+919414000473,"Shop 46, Main Road, Rani Bazar Industrial Area, Bikaner, Rajasthan","Water-Based Paints & Hardware",243
232,"Ganesh Kishangarh Wall Protect & Texture Depot",Ajmer,"Kishangarh Marble Mandi","Trader Y Ajmer",+919414000475,"Shop 47, Main Road, Kishangarh Marble Mandi, Ajmer, Rajasthan","Water-Based Paints & Hardware",256
233,"Maruti Fatehpura Trade Associates",Udaipur,"Fatehpura","Trader Z Udaipur",+919414000477,"Shop 48, Main Road, Fatehpura, Udaipur, Rajasthan","Water-Based Paints & Hardware",269
234,"Balaji Sanganer Paints & Hardware Mart",Bhilwara,"Sanganer Road","Trader A Bhilwara",+919414000479,"Shop 49, Main Road, Sanganer Road, Bhilwara, Rajasthan","Water-Based Paints & Hardware",282
235,"Kalyan Manu Paint & Sanitary Store",Alwar,"Manu Marg","Trader B Alwar",+919414000481,"Shop 50, Main Road, Manu Marg, Alwar, Rajasthan","Water-Based Paints & Hardware",295
236,"Krishna Fatehpur Colors & Coatings Agency",Sikar,"Fatehpur Road","Trader C Sikar",+919414000483,"Shop 51, Main Road, Fatehpur Road, Sikar, Rajasthan","Water-Based Paints & Hardware",308
237,"Vikas Purani Hardware & Building Materials",Sri Ganganagar,"Purani Abadi","Trader D Sri Ganganagar",+919414000485,"Shop 52, Main Road, Purani Abadi, Sri Ganganagar, Rajasthan","Water-Based Paints & Hardware",321
238,"Shree Mathura Wall Protect & Texture Depot",Bharatpur,"Mathura Road","Trader E Bharatpur",+919414000487,"Shop 53, Main Road, Mathura Road, Bharatpur, Rajasthan","Water-Based Paints & Hardware",334
239,"Jai Sumerpur Trade Associates",Pali,"Sumerpur Road","Trader F Pali",+919414000489,"Shop 54, Main Road, Sumerpur Road, Pali, Rajasthan","Water-Based Paints & Hardware",347
240,"New Collectorate Paints & Hardware Mart",Chittorgarh,"Collectorate Road","Trader G Chittorgarh",+919414000491,"Shop 55, Main Road, Collectorate Road, Chittorgarh, Rajasthan","Water-Based Paints & Hardware",360
241,"Royal Kuchaman Paint & Sanitary Store",Nagaur,"Kuchaman City","Trader H Nagaur",+919414000493,"Shop 56, Main Road, Kuchaman City, Nagaur, Rajasthan","Water-Based Paints & Hardware",373
242,"Modern Peeru Colors & Coatings Agency",Jhunjhunu,"Peeru Singh Circle","Trader I Jhunjhunu",+919414000495,"Shop 57, Main Road, Peeru Singh Circle, Jhunjhunu, Rajasthan","Water-Based Paints & Hardware",386
243,"Star Malpura Hardware & Building Materials",Tonk,"Malpura Road","Trader J Tonk",+919414000497,"Shop 58, Main Road, Malpura Road, Tonk, Rajasthan","Water-Based Paints & Hardware",399
244,"Classic Junction Wall Protect & Texture Depot",Hanumangarh,"Junction Market","Trader K Hanumangarh",+919414000499,"Shop 59, Main Road, Junction Market, Hanumangarh, Rajasthan","Water-Based Paints & Hardware",412
245,"National Station Trade Associates",Dausa,"Station Road","Trader L Dausa",+919414000501,"Shop 60, Main Road, Station Road, Dausa, Rajasthan","Water-Based Paints & Hardware",425
246,"Ganesh Sindhari Paints & Hardware Mart",Barmer,"Sindhari Road","Trader M Barmer",+919414000503,"Shop 61, Main Road, Sindhari Road, Barmer, Rajasthan","Water-Based Paints & Hardware",438
247,"Maruti Chomu Paint & Sanitary Store",Jaipur,"Chomu","Trader N Jaipur",+919414000505,"Shop 62, Main Road, Chomu, Jaipur, Rajasthan","Water-Based Paints & Hardware",51
248,"Balaji Mandore Colors & Coatings Agency",Jodhpur,"Mandore Road","Trader O Jodhpur",+919414000507,"Shop 63, Main Road, Mandore Road, Jodhpur, Rajasthan","Water-Based Paints & Hardware",64
249,"Kalyan Borkhera Hardware & Building Materials",Kota,"Borkhera","Trader P Kota",+919414000509,"Shop 64, Main Road, Borkhera, Kota, Rajasthan","Water-Based Paints & Hardware",77
250,"Krishna Kote Wall Protect & Texture Depot",Bikaner,"Kote Gate","Trader Q Bikaner",+919414000511,"Shop 65, Main Road, Kote Gate, Bikaner, Rajasthan","Water-Based Paints & Hardware",90
251,"Vikas Beawar Trade Associates",Ajmer,"Beawar City","Trader R Ajmer",+919414000513,"Shop 66, Main Road, Beawar City, Ajmer, Rajasthan","Water-Based Paints & Hardware",103
252,"Shree Sukher Paints & Hardware Mart",Udaipur,"Sukher Industrial Area","Trader S Udaipur",+919414000515,"Shop 67, Main Road, Sukher Industrial Area, Udaipur, Rajasthan","Water-Based Paints & Hardware",116
253,"Jai Pur Paint & Sanitary Store",Bhilwara,"Pur Road","Trader T Bhilwara",+919414000517,"Shop 68, Main Road, Pur Road, Bhilwara, Rajasthan","Water-Based Paints & Hardware",129
254,"New Company Colors & Coatings Agency",Alwar,"Company Bagh","Trader U Alwar",+919414000519,"Shop 69, Main Road, Company Bagh, Alwar, Rajasthan","Water-Based Paints & Hardware",142
255,"Royal Piprali Hardware & Building Materials",Sikar,"Piprali Road","Trader V Sikar",+919414000521,"Shop 70, Main Road, Piprali Road, Sikar, Rajasthan","Water-Based Paints & Hardware",155
256,"Modern Birbal Wall Protect & Texture Depot",Sri Ganganagar,"Birbal Chowk","Trader W Sri Ganganagar",+919414000523,"Shop 71, Main Road, Birbal Chowk, Sri Ganganagar, Rajasthan","Water-Based Paints & Hardware",168
257,"Star Sewar Trade Associates",Bharatpur,"Sewar Industrial Area","Trader X Bharatpur",+919414000525,"Shop 72, Main Road, Sewar Industrial Area, Bharatpur, Rajasthan","Water-Based Paints & Hardware",181
258,"Classic Somnath Paints & Hardware Mart",Pali,"Somnath Temple Market","Trader Y Pali",+919414000527,"Shop 73, Main Road, Somnath Temple Market, Pali, Rajasthan","Water-Based Paints & Hardware",194
259,"National Nimbahera Paint & Sanitary Store",Chittorgarh,"Nimbahera Town","Trader Z Chittorgarh",+919414000529,"Shop 74, Main Road, Nimbahera Town, Chittorgarh, Rajasthan","Water-Based Paints & Hardware",207
260,"Ganesh Merta Colors & Coatings Agency",Nagaur,"Merta City","Trader A Nagaur",+919414000531,"Shop 75, Main Road, Merta City, Nagaur, Rajasthan","Water-Based Paints & Hardware",220
261,"Maruti Gugali Hardware & Building Materials",Jhunjhunu,"Gugali Market","Trader B Jhunjhunu",+919414000533,"Shop 76, Main Road, Gugali Market, Jhunjhunu, Rajasthan","Water-Based Paints & Hardware",233
262,"Balaji Civil Wall Protect & Texture Depot",Tonk,"Civil Lines","Trader C Tonk",+919414000535,"Shop 77, Main Road, Civil Lines, Tonk, Rajasthan","Water-Based Paints & Hardware",246
263,"Kalyan Rawatsar Trade Associates",Hanumangarh,"Rawatsar Road","Trader D Hanumangarh",+919414000537,"Shop 78, Main Road, Rawatsar Road, Hanumangarh, Rajasthan","Water-Based Paints & Hardware",259
264,"Krishna Lalsot Paints & Hardware Mart",Dausa,"Lalsot Road","Trader E Dausa",+919414000539,"Shop 79, Main Road, Lalsot Road, Dausa, Rajasthan","Water-Based Paints & Hardware",272
265,"Vikas Balotra Paint & Sanitary Store",Barmer,"Balotra Textile & Hardware Hub","Trader F Barmer",+919414000541,"Shop 80, Main Road, Balotra Textile & Hardware Hub, Barmer, Rajasthan","Water-Based Paints & Hardware",285
266,"Shree Malviya Colors & Coatings Agency",Jaipur,"Malviya Nagar","Trader G Jaipur",+919414000543,"Shop 81, Main Road, Malviya Nagar, Jaipur, Rajasthan","Water-Based Paints & Hardware",298
267,"Jai Pal Hardware & Building Materials",Jodhpur,"Pal Road","Trader H Jodhpur",+919414000545,"Shop 82, Main Road, Pal Road, Jodhpur, Rajasthan","Water-Based Paints & Hardware",311
268,"New Indraprastha Wall Protect & Texture Depot",Kota,"Indraprastha Industrial Area","Trader I Kota",+919414000547,"Shop 83, Main Road, Indraprastha Industrial Area, Kota, Rajasthan","Water-Based Paints & Hardware",324
269,"Royal Nokha Trade Associates",Bikaner,"Nokha Road","Trader J Bikaner",+919414000549,"Shop 84, Main Road, Nokha Road, Bikaner, Rajasthan","Water-Based Paints & Hardware",337
270,"Modern Kutchery Paints & Hardware Mart",Ajmer,"Kutchery Road","Trader K Ajmer",+919414000551,"Shop 85, Main Road, Kutchery Road, Ajmer, Rajasthan","Water-Based Paints & Hardware",350
271,"Star Hiran Paint & Sanitary Store",Udaipur,"Hiran Magri","Trader L Udaipur",+919414000553,"Shop 86, Main Road, Hiran Magri, Udaipur, Rajasthan","Water-Based Paints & Hardware",363
272,"Classic Gandhi Colors & Coatings Agency",Bhilwara,"Gandhi Nagar","Trader M Bhilwara",+919414000555,"Shop 87, Main Road, Gandhi Nagar, Bhilwara, Rajasthan","Water-Based Paints & Hardware",376
273,"National Bhiwadi Hardware & Building Materials",Alwar,"Bhiwadi Industrial Zone","Trader N Alwar",+919414000557,"Shop 88, Main Road, Bhiwadi Industrial Zone, Alwar, Rajasthan","Water-Based Paints & Hardware",389
274,"Ganesh Kotwali Wall Protect & Texture Depot",Sikar,"Kotwali Market","Trader O Sikar",+919414000559,"Shop 89, Main Road, Kotwali Market, Sikar, Rajasthan","Water-Based Paints & Hardware",402
275,"Maruti Suratgarh Trade Associates",Sri Ganganagar,"Suratgarh Road","Trader P Sri Ganganagar",+919414000561,"Shop 90, Main Road, Suratgarh Road, Sri Ganganagar, Rajasthan","Water-Based Paints & Hardware",415
276,"Balaji Kumher Paints & Hardware Mart",Bharatpur,"Kumher Gate","Trader Q Bharatpur",+919414000563,"Shop 91, Main Road, Kumher Gate, Bharatpur, Rajasthan","Water-Based Paints & Hardware",428
277,"Kalyan Suraj Paint & Sanitary Store",Pali,"Suraj Pole","Trader R Pali",+919414000565,"Shop 92, Main Road, Suraj Pole, Pali, Rajasthan","Water-Based Paints & Hardware",41
278,"Krishna Fort Colors & Coatings Agency",Chittorgarh,"Fort Road","Trader S Chittorgarh",+919414000567,"Shop 93, Main Road, Fort Road, Chittorgarh, Rajasthan","Water-Based Paints & Hardware",54
279,"Vikas Gandhi Hardware & Building Materials",Nagaur,"Gandhi Chowk","Trader T Nagaur",+919414000569,"Shop 94, Main Road, Gandhi Chowk, Nagaur, Rajasthan","Water-Based Paints & Hardware",67
280,"Shree Mandawa Wall Protect & Texture Depot",Jhunjhunu,"Mandawa Road","Trader U Jhunjhunu",+919414000571,"Shop 95, Main Road, Mandawa Road, Jhunjhunu, Rajasthan","Water-Based Paints & Hardware",80
281,"Jai Subhash Trade Associates",Tonk,"Subhash Chowk","Trader V Tonk",+919414000573,"Shop 96, Main Road, Subhash Chowk, Tonk, Rajasthan","Water-Based Paints & Hardware",93
282,"New Industrial Paints & Hardware Mart",Hanumangarh,"Industrial Area","Trader W Hanumangarh",+919414000575,"Shop 97, Main Road, Industrial Area, Hanumangarh, Rajasthan","Water-Based Paints & Hardware",106
283,"Royal Agra Paint & Sanitary Store",Dausa,"Agra Road","Trader X Dausa",+919414000577,"Shop 98, Main Road, Agra Road, Dausa, Rajasthan","Water-Based Paints & Hardware",119
284,"Modern Station Colors & Coatings Agency",Barmer,"Station Road","Trader Y Barmer",+919414000579,"Shop 99, Main Road, Station Road, Barmer, Rajasthan","Water-Based Paints & Hardware",132
285,"Star Transport Hardware & Building Materials",Jaipur,"Transport Nagar","Trader Z Jaipur",+919414000581,"Shop 100, Main Road, Transport Nagar, Jaipur, Rajasthan","Water-Based Paints & Hardware",145
286,"Classic Shastri Wall Protect & Texture Depot",Jodhpur,"Shastri Nagar","Trader A Jodhpur",+919414000583,"Shop 101, Main Road, Shastri Nagar, Jodhpur, Rajasthan","Water-Based Paints & Hardware",158
287,"National Gumanpura Trade Associates",Kota,"Gumanpura","Trader B Kota",+919414000585,"Shop 102, Main Road, Gumanpura, Kota, Rajasthan","Water-Based Paints & Hardware",171
288,"Ganesh Sadul Paints & Hardware Mart",Bikaner,"Sadul Colony","Trader C Bikaner",+919414000587,"Shop 103, Main Road, Sadul Colony, Bikaner, Rajasthan","Water-Based Paints & Hardware",184
289,"Maruti Madar Paint & Sanitary Store",Ajmer,"Madar Gate","Trader D Ajmer",+919414000589,"Shop 104, Main Road, Madar Gate, Ajmer, Rajasthan","Water-Based Paints & Hardware",197
290,"Balaji Bapu Colors & Coatings Agency",Udaipur,"Bapu Bazar","Trader E Udaipur",+919414000591,"Shop 105, Main Road, Bapu Bazar, Udaipur, Rajasthan","Water-Based Paints & Hardware",210
291,"Kalyan RIICO Hardware & Building Materials",Bhilwara,"RIICO Industrial Area","Trader F Bhilwara",+919414000593,"Shop 106, Main Road, RIICO Industrial Area, Bhilwara, Rajasthan","Water-Based Paints & Hardware",223
292,"Krishna Neemrana Wall Protect & Texture Depot",Alwar,"Neemrana Japanese Zone","Trader G Alwar",+919414000595,"Shop 107, Main Road, Neemrana Japanese Zone, Alwar, Rajasthan","Water-Based Paints & Hardware",236
293,"Vikas Salasar Trade Associates",Sikar,"Salasar Bus Stand","Trader H Sikar",+919414000597,"Shop 108, Main Road, Salasar Bus Stand, Sikar, Rajasthan","Water-Based Paints & Hardware",249
294,"Shree Padampur Paints & Hardware Mart",Sri Ganganagar,"Padampur Road","Trader I Sri Ganganagar",+919414000599,"Shop 109, Main Road, Padampur Road, Sri Ganganagar, Rajasthan","Water-Based Paints & Hardware",262
295,"Jai Anah Paint & Sanitary Store",Bharatpur,"Anah Gate","Trader J Bharatpur",+919414000601,"Shop 110, Main Road, Anah Gate, Bharatpur, Rajasthan","Water-Based Paints & Hardware",275
296,"New Mandia Colors & Coatings Agency",Pali,"Mandia Road Industrial Area","Trader K Pali",+919414000603,"Shop 111, Main Road, Mandia Road Industrial Area, Pali, Rajasthan","Water-Based Paints & Hardware",288
297,"Royal Chanderiya Hardware & Building Materials",Chittorgarh,"Chanderiya Industrial Area","Trader L Chittorgarh",+919414000605,"Shop 112, Main Road, Chanderiya Industrial Area, Chittorgarh, Rajasthan","Water-Based Paints & Hardware",301
298,"Modern Makrana Wall Protect & Texture Depot",Nagaur,"Makrana Marble Zone","Trader M Nagaur",+919414000607,"Shop 113, Main Road, Makrana Marble Zone, Nagaur, Rajasthan","Water-Based Paints & Hardware",314
299,"Star Khetri Trade Associates",Jhunjhunu,"Khetri Nagar","Trader N Jhunjhunu",+919414000609,"Shop 114, Main Road, Khetri Nagar, Jhunjhunu, Rajasthan","Water-Based Paints & Hardware",327
300,"Classic Niwai Paints & Hardware Mart",Tonk,"Niwai Industrial Area","Trader O Tonk",+919414000611,"Shop 115, Main Road, Niwai Industrial Area, Tonk, Rajasthan","Water-Based Paints & Hardware",340
301,"National Town Paint & Sanitary Store",Hanumangarh,"Town Main Bazaar","Trader P Hanumangarh",+919414000613,"Shop 116, Main Road, Town Main Bazaar, Hanumangarh, Rajasthan","Water-Based Paints & Hardware",353
302,"Ganesh Bandikui Colors & Coatings Agency",Dausa,"Bandikui Mandi","Trader Q Dausa",+919414000615,"Shop 117, Main Road, Bandikui Mandi, Dausa, Rajasthan","Water-Based Paints & Hardware",366
303,"Maruti Refinery Hardware & Building Materials",Barmer,"Refinery Site Corridor","Trader R Barmer",+919414000617,"Shop 118, Main Road, Refinery Site Corridor, Barmer, Rajasthan","Water-Based Paints & Hardware",379
304,"Balaji Vaishali Wall Protect & Texture Depot",Jaipur,"Vaishali Nagar","Trader S Jaipur",+919414000619,"Shop 119, Main Road, Vaishali Nagar, Jaipur, Rajasthan","Water-Based Paints & Hardware",392
305,"Kalyan Boranada Trade Associates",Jodhpur,"Boranada SEZ","Trader T Jodhpur",+919414000621,"Shop 120, Main Road, Boranada SEZ, Jodhpur, Rajasthan","Water-Based Paints & Hardware",405
306,"Krishna DCM Paints & Hardware Mart",Kota,"DCM Road","Trader U Kota",+919414000623,"Shop 121, Main Road, DCM Road, Kota, Rajasthan","Water-Based Paints & Hardware",418
307,"Vikas Bichhwal Paint & Sanitary Store",Bikaner,"Bichhwal Industrial Area","Trader V Bikaner",+919414000625,"Shop 122, Main Road, Bichhwal Industrial Area, Bikaner, Rajasthan","Water-Based Paints & Hardware",431
308,"Shree Clock Colors & Coatings Agency",Ajmer,"Clock Tower Market","Trader W Ajmer",+919414000627,"Shop 123, Main Road, Clock Tower Market, Ajmer, Rajasthan","Water-Based Paints & Hardware",44
309,"Jai Mewar Hardware & Building Materials",Udaipur,"Mewar Industrial Area","Trader X Udaipur",+919414000629,"Shop 124, Main Road, Mewar Industrial Area, Udaipur, Rajasthan","Water-Based Paints & Hardware",57
310,"New Bhopalganj Wall Protect & Texture Depot",Bhilwara,"Bhopalganj","Trader Y Bhilwara",+919414000631,"Shop 125, Main Road, Bhopalganj, Bhilwara, Rajasthan","Water-Based Paints & Hardware",70
311,"Royal Tijara Trade Associates",Alwar,"Tijara Road","Trader Z Alwar",+919414000633,"Shop 126, Main Road, Tijara Road, Alwar, Rajasthan","Water-Based Paints & Hardware",83
312,"Modern Station Paints & Hardware Mart",Sikar,"Station Road","Trader A Sikar",+919414000635,"Shop 127, Main Road, Station Road, Sikar, Rajasthan","Water-Based Paints & Hardware",96
313,"Star Gola Paint & Sanitary Store",Sri Ganganagar,"Gola Market","Trader B Sri Ganganagar",+919414000637,"Shop 128, Main Road, Gola Market, Sri Ganganagar, Rajasthan","Water-Based Paints & Hardware",109
314,"Classic Circular Colors & Coatings Agency",Bharatpur,"Circular Road","Trader C Bharatpur",+919414000639,"Shop 129, Main Road, Circular Road, Bharatpur, Rajasthan","Water-Based Paints & Hardware",122
315,"National Sumerpur Hardware & Building Materials",Pali,"Sumerpur Road","Trader D Pali",+919414000641,"Shop 130, Main Road, Sumerpur Road, Pali, Rajasthan","Water-Based Paints & Hardware",135
316,"Ganesh Collectorate Wall Protect & Texture Depot",Chittorgarh,"Collectorate Road","Trader E Chittorgarh",+919414000643,"Shop 131, Main Road, Collectorate Road, Chittorgarh, Rajasthan","Water-Based Paints & Hardware",148
317,"Maruti Didwana Trade Associates",Nagaur,"Didwana Road","Trader F Nagaur",+919414000645,"Shop 132, Main Road, Didwana Road, Nagaur, Rajasthan","Water-Based Paints & Hardware",161
318,"Balaji Chirawa Paints & Hardware Mart",Jhunjhunu,"Chirawa Road","Trader G Jhunjhunu",+919414000647,"Shop 133, Main Road, Chirawa Road, Jhunjhunu, Rajasthan","Water-Based Paints & Hardware",174
319,"Kalyan Malpura Paint & Sanitary Store",Tonk,"Malpura Road","Trader H Tonk",+919414000649,"Shop 134, Main Road, Malpura Road, Tonk, Rajasthan","Water-Based Paints & Hardware",187
320,"Krishna Junction Colors & Coatings Agency",Hanumangarh,"Junction Market","Trader I Hanumangarh",+919414000651,"Shop 135, Main Road, Junction Market, Hanumangarh, Rajasthan","Water-Based Paints & Hardware",200
321,"Vikas Station Hardware & Building Materials",Dausa,"Station Road","Trader J Dausa",+919414000653,"Shop 136, Main Road, Station Road, Dausa, Rajasthan","Water-Based Paints & Hardware",213
322,"Shree Sindhari Wall Protect & Texture Depot",Barmer,"Sindhari Road","Trader K Barmer",+919414000655,"Shop 137, Main Road, Sindhari Road, Barmer, Rajasthan","Water-Based Paints & Hardware",226
323,"Jai Jhotwara Trade Associates",Jaipur,"Jhotwara","Trader L Jaipur",+919414000657,"Shop 138, Main Road, Jhotwara, Jaipur, Rajasthan","Water-Based Paints & Hardware",239
324,"New Sardarpura Paints & Hardware Mart",Jodhpur,"Sardarpura","Trader M Jodhpur",+919414000659,"Shop 139, Main Road, Sardarpura, Jodhpur, Rajasthan","Water-Based Paints & Hardware",252
325,"Royal Rampura Paint & Sanitary Store",Kota,"Rampura","Trader N Kota",+919414000661,"Shop 140, Main Road, Rampura, Kota, Rajasthan","Water-Based Paints & Hardware",265
326,"Modern Rani Colors & Coatings Agency",Bikaner,"Rani Bazar Industrial Area","Trader O Bikaner",+919414000663,"Shop 141, Main Road, Rani Bazar Industrial Area, Bikaner, Rajasthan","Water-Based Paints & Hardware",278
327,"Star Parbatpura Hardware & Building Materials",Ajmer,"Parbatpura Industrial Area","Trader P Ajmer",+919414000665,"Shop 142, Main Road, Parbatpura Industrial Area, Ajmer, Rajasthan","Water-Based Paints & Hardware",291
328,"Classic Udaisagar Wall Protect & Texture Depot",Udaipur,"Udaisagar Road","Trader Q Udaipur",+919414000667,"Shop 143, Main Road, Udaisagar Road, Udaipur, Rajasthan","Water-Based Paints & Hardware",304
329,"National Sanganer Trade Associates",Bhilwara,"Sanganer Road","Trader R Bhilwara",+919414000669,"Shop 144, Main Road, Sanganer Road, Bhilwara, Rajasthan","Water-Based Paints & Hardware",317
330,"Ganesh MIA Paints & Hardware Mart",Alwar,"MIA Industrial Area","Trader S Alwar",+919414000671,"Shop 145, Main Road, MIA Industrial Area, Alwar, Rajasthan","Water-Based Paints & Hardware",330
331,"Maruti Bajoria Paint & Sanitary Store",Sikar,"Bajoria Road","Trader T Sikar",+919414000673,"Shop 146, Main Road, Bajoria Road, Sikar, Rajasthan","Water-Based Paints & Hardware",343
332,"Balaji Purani Colors & Coatings Agency",Sri Ganganagar,"Purani Abadi","Trader U Sri Ganganagar",+919414000675,"Shop 147, Main Road, Purani Abadi, Sri Ganganagar, Rajasthan","Water-Based Paints & Hardware",356
333,"Kalyan Mathura Hardware & Building Materials",Bharatpur,"Mathura Road","Trader V Bharatpur",+919414000677,"Shop 148, Main Road, Mathura Road, Bharatpur, Rajasthan","Water-Based Paints & Hardware",369
334,"Krishna Somnath Wall Protect & Texture Depot",Pali,"Somnath Temple Market","Trader W Pali",+919414000679,"Shop 149, Main Road, Somnath Temple Market, Pali, Rajasthan","Water-Based Paints & Hardware",382
335,"Vikas Nimbahera Trade Associates",Chittorgarh,"Nimbahera Town","Trader X Chittorgarh",+919414000681,"Shop 150, Main Road, Nimbahera Town, Chittorgarh, Rajasthan","Water-Based Paints & Hardware",395
336,"Shree Kuchaman Paints & Hardware Mart",Nagaur,"Kuchaman City","Trader Y Nagaur",+919414000683,"Shop 151, Main Road, Kuchaman City, Nagaur, Rajasthan","Water-Based Paints & Hardware",408
337,"Jai Peeru Paint & Sanitary Store",Jhunjhunu,"Peeru Singh Circle","Trader Z Jhunjhunu",+919414000685,"Shop 152, Main Road, Peeru Singh Circle, Jhunjhunu, Rajasthan","Water-Based Paints & Hardware",421
338,"New Civil Colors & Coatings Agency",Tonk,"Civil Lines","Trader A Tonk",+919414000687,"Shop 153, Main Road, Civil Lines, Tonk, Rajasthan","Water-Based Paints & Hardware",434
339,"Royal Rawatsar Hardware & Building Materials",Hanumangarh,"Rawatsar Road","Trader B Hanumangarh",+919414000689,"Shop 154, Main Road, Rawatsar Road, Hanumangarh, Rajasthan","Water-Based Paints & Hardware",47
340,"Modern Lalsot Wall Protect & Texture Depot",Dausa,"Lalsot Road","Trader C Dausa",+919414000691,"Shop 155, Main Road, Lalsot Road, Dausa, Rajasthan","Water-Based Paints & Hardware",60
341,"Star Balotra Trade Associates",Barmer,"Balotra Textile & Hardware Hub","Trader D Barmer",+919414000693,"Shop 156, Main Road, Balotra Textile & Hardware Hub, Barmer, Rajasthan","Water-Based Paints & Hardware",73
342,"Classic Sanganer Paints & Hardware Mart",Jaipur,"Sanganer Town","Trader E Jaipur",+919414000695,"Shop 157, Main Road, Sanganer Town, Jaipur, Rajasthan","Water-Based Paints & Hardware",86
343,"National Basni Paint & Sanitary Store",Jodhpur,"Basni Industrial Area","Trader F Jodhpur",+919414000697,"Shop 158, Main Road, Basni Industrial Area, Jodhpur, Rajasthan","Water-Based Paints & Hardware",99
344,"Ganesh Vigyan Colors & Coatings Agency",Kota,"Vigyan Nagar","Trader G Kota",+919414000699,"Shop 159, Main Road, Vigyan Nagar, Kota, Rajasthan","Water-Based Paints & Hardware",112
345,"Maruti Kote Hardware & Building Materials",Bikaner,"Kote Gate","Trader H Bikaner",+919414000701,"Shop 160, Main Road, Kote Gate, Bikaner, Rajasthan","Water-Based Paints & Hardware",125
346,"Balaji Kishangarh Wall Protect & Texture Depot",Ajmer,"Kishangarh Marble Mandi","Trader I Ajmer",+919414000703,"Shop 161, Main Road, Kishangarh Marble Mandi, Ajmer, Rajasthan","Water-Based Paints & Hardware",138
347,"Kalyan Fatehpura Trade Associates",Udaipur,"Fatehpura","Trader J Udaipur",+919414000705,"Shop 162, Main Road, Fatehpura, Udaipur, Rajasthan","Water-Based Paints & Hardware",151
348,"Krishna Pur Paints & Hardware Mart",Bhilwara,"Pur Road","Trader K Bhilwara",+919414000707,"Shop 163, Main Road, Pur Road, Bhilwara, Rajasthan","Water-Based Paints & Hardware",164
349,"Vikas Manu Paint & Sanitary Store",Alwar,"Manu Marg","Trader L Alwar",+919414000709,"Shop 164, Main Road, Manu Marg, Alwar, Rajasthan","Water-Based Paints & Hardware",177
350,"Shree Fatehpur Colors & Coatings Agency",Sikar,"Fatehpur Road","Trader M Sikar",+919414000711,"Shop 165, Main Road, Fatehpur Road, Sikar, Rajasthan","Water-Based Paints & Hardware",190
351,"Jai Birbal Hardware & Building Materials",Sri Ganganagar,"Birbal Chowk","Trader N Sri Ganganagar",+919414000713,"Shop 166, Main Road, Birbal Chowk, Sri Ganganagar, Rajasthan","Water-Based Paints & Hardware",203
352,"New Sewar Wall Protect & Texture Depot",Bharatpur,"Sewar Industrial Area","Trader O Bharatpur",+919414000715,"Shop 167, Main Road, Sewar Industrial Area, Bharatpur, Rajasthan","Water-Based Paints & Hardware",216
353,"Royal Suraj Trade Associates",Pali,"Suraj Pole","Trader P Pali",+919414000717,"Shop 168, Main Road, Suraj Pole, Pali, Rajasthan","Water-Based Paints & Hardware",229
354,"Modern Fort Paints & Hardware Mart",Chittorgarh,"Fort Road","Trader Q Chittorgarh",+919414000719,"Shop 169, Main Road, Fort Road, Chittorgarh, Rajasthan","Water-Based Paints & Hardware",242
355,"Star Merta Paint & Sanitary Store",Nagaur,"Merta City","Trader R Nagaur",+919414000721,"Shop 170, Main Road, Merta City, Nagaur, Rajasthan","Water-Based Paints & Hardware",255
356,"Classic Gugali Colors & Coatings Agency",Jhunjhunu,"Gugali Market","Trader S Jhunjhunu",+919414000723,"Shop 171, Main Road, Gugali Market, Jhunjhunu, Rajasthan","Water-Based Paints & Hardware",268
357,"National Subhash Hardware & Building Materials",Tonk,"Subhash Chowk","Trader T Tonk",+919414000725,"Shop 172, Main Road, Subhash Chowk, Tonk, Rajasthan","Water-Based Paints & Hardware",281
358,"Ganesh Industrial Wall Protect & Texture Depot",Hanumangarh,"Industrial Area","Trader U Hanumangarh",+919414000727,"Shop 173, Main Road, Industrial Area, Hanumangarh, Rajasthan","Water-Based Paints & Hardware",294
359,"Maruti Agra Trade Associates",Dausa,"Agra Road","Trader V Dausa",+919414000729,"Shop 174, Main Road, Agra Road, Dausa, Rajasthan","Water-Based Paints & Hardware",307
360,"Balaji Station Paints & Hardware Mart",Barmer,"Station Road","Trader W Barmer",+919414000731,"Shop 175, Main Road, Station Road, Barmer, Rajasthan","Water-Based Paints & Hardware",320
361,"Kalyan VKI Paint & Sanitary Store",Jaipur,"VKI Industrial Area","Trader X Jaipur",+919414000733,"Shop 176, Main Road, VKI Industrial Area, Jaipur, Rajasthan","Water-Based Paints & Hardware",333
362,"Krishna Ratanada Colors & Coatings Agency",Jodhpur,"Ratanada","Trader Y Jodhpur",+919414000735,"Shop 177, Main Road, Ratanada, Jodhpur, Rajasthan","Water-Based Paints & Hardware",346
363,"Vikas Mahaveer Hardware & Building Materials",Kota,"Mahaveer Nagar","Trader Z Kota",+919414000737,"Shop 178, Main Road, Mahaveer Nagar, Kota, Rajasthan","Water-Based Paints & Hardware",359
364,"Shree Nokha Wall Protect & Texture Depot",Bikaner,"Nokha Road","Trader A Bikaner",+919414000739,"Shop 179, Main Road, Nokha Road, Bikaner, Rajasthan","Water-Based Paints & Hardware",372
365,"Jai Beawar Trade Associates",Ajmer,"Beawar City","Trader B Ajmer",+919414000741,"Shop 180, Main Road, Beawar City, Ajmer, Rajasthan","Water-Based Paints & Hardware",385
366,"New Sukher Paints & Hardware Mart",Udaipur,"Sukher Industrial Area","Trader C Udaipur",+919414000743,"Shop 181, Main Road, Sukher Industrial Area, Udaipur, Rajasthan","Water-Based Paints & Hardware",398
367,"Royal Gandhi Paint & Sanitary Store",Bhilwara,"Gandhi Nagar","Trader D Bhilwara",+919414000745,"Shop 182, Main Road, Gandhi Nagar, Bhilwara, Rajasthan","Water-Based Paints & Hardware",411
368,"Modern Company Colors & Coatings Agency",Alwar,"Company Bagh","Trader E Alwar",+919414000747,"Shop 183, Main Road, Company Bagh, Alwar, Rajasthan","Water-Based Paints & Hardware",424
369,"Star Piprali Hardware & Building Materials",Sikar,"Piprali Road","Trader F Sikar",+919414000749,"Shop 184, Main Road, Piprali Road, Sikar, Rajasthan","Water-Based Paints & Hardware",437
370,"Classic Suratgarh Wall Protect & Texture Depot",Sri Ganganagar,"Suratgarh Road","Trader G Sri Ganganagar",+919414000751,"Shop 185, Main Road, Suratgarh Road, Sri Ganganagar, Rajasthan","Water-Based Paints & Hardware",50
371,"National Kumher Trade Associates",Bharatpur,"Kumher Gate","Trader H Bharatpur",+919414000753,"Shop 186, Main Road, Kumher Gate, Bharatpur, Rajasthan","Water-Based Paints & Hardware",63
372,"Ganesh Mandia Paints & Hardware Mart",Pali,"Mandia Road Industrial Area","Trader I Pali",+919414000755,"Shop 187, Main Road, Mandia Road Industrial Area, Pali, Rajasthan","Water-Based Paints & Hardware",76
373,"Maruti Chanderiya Paint & Sanitary Store",Chittorgarh,"Chanderiya Industrial Area","Trader J Chittorgarh",+919414000757,"Shop 188, Main Road, Chanderiya Industrial Area, Chittorgarh, Rajasthan","Water-Based Paints & Hardware",89
374,"Balaji Gandhi Colors & Coatings Agency",Nagaur,"Gandhi Chowk","Trader K Nagaur",+919414000759,"Shop 189, Main Road, Gandhi Chowk, Nagaur, Rajasthan","Water-Based Paints & Hardware",102
375,"Kalyan Mandawa Hardware & Building Materials",Jhunjhunu,"Mandawa Road","Trader L Jhunjhunu",+919414000761,"Shop 190, Main Road, Mandawa Road, Jhunjhunu, Rajasthan","Water-Based Paints & Hardware",115
376,"Krishna Niwai Wall Protect & Texture Depot",Tonk,"Niwai Industrial Area","Trader M Tonk",+919414000763,"Shop 191, Main Road, Niwai Industrial Area, Tonk, Rajasthan","Water-Based Paints & Hardware",128
377,"Vikas Town Trade Associates",Hanumangarh,"Town Main Bazaar","Trader N Hanumangarh",+919414000765,"Shop 192, Main Road, Town Main Bazaar, Hanumangarh, Rajasthan","Water-Based Paints & Hardware",141
378,"Shree Bandikui Paints & Hardware Mart",Dausa,"Bandikui Mandi","Trader O Dausa",+919414000767,"Shop 193, Main Road, Bandikui Mandi, Dausa, Rajasthan","Water-Based Paints & Hardware",154
379,"Jai Refinery Paint & Sanitary Store",Barmer,"Refinery Site Corridor","Trader P Barmer",+919414000769,"Shop 194, Main Road, Refinery Site Corridor, Barmer, Rajasthan","Water-Based Paints & Hardware",167
380,"New Mansarovar Colors & Coatings Agency",Jaipur,"Mansarovar","Trader Q Jaipur",+919414000771,"Shop 195, Main Road, Mansarovar, Jaipur, Rajasthan","Water-Based Paints & Hardware",180
381,"Royal Mandore Hardware & Building Materials",Jodhpur,"Mandore Road","Trader R Jodhpur",+919414000773,"Shop 196, Main Road, Mandore Road, Jodhpur, Rajasthan","Water-Based Paints & Hardware",193
382,"Modern Borkhera Wall Protect & Texture Depot",Kota,"Borkhera","Trader S Kota",+919414000775,"Shop 197, Main Road, Borkhera, Kota, Rajasthan","Water-Based Paints & Hardware",206
383,"Star Sadul Trade Associates",Bikaner,"Sadul Colony","Trader T Bikaner",+919414000777,"Shop 198, Main Road, Sadul Colony, Bikaner, Rajasthan","Water-Based Paints & Hardware",219
384,"Classic Kutchery Paints & Hardware Mart",Ajmer,"Kutchery Road","Trader U Ajmer",+919414000779,"Shop 199, Main Road, Kutchery Road, Ajmer, Rajasthan","Water-Based Paints & Hardware",232
385,"National Hiran Paint & Sanitary Store",Udaipur,"Hiran Magri","Trader V Udaipur",+919414000781,"Shop 200, Main Road, Hiran Magri, Udaipur, Rajasthan","Water-Based Paints & Hardware",245
386,"Ganesh RIICO Colors & Coatings Agency",Bhilwara,"RIICO Industrial Area","Trader W Bhilwara",+919414000783,"Shop 201, Main Road, RIICO Industrial Area, Bhilwara, Rajasthan","Water-Based Paints & Hardware",258
387,"Maruti Bhiwadi Hardware & Building Materials",Alwar,"Bhiwadi Industrial Zone","Trader X Alwar",+919414000785,"Shop 202, Main Road, Bhiwadi Industrial Zone, Alwar, Rajasthan","Water-Based Paints & Hardware",271
388,"Balaji Kotwali Wall Protect & Texture Depot",Sikar,"Kotwali Market","Trader Y Sikar",+919414000787,"Shop 203, Main Road, Kotwali Market, Sikar, Rajasthan","Water-Based Paints & Hardware",284
389,"Kalyan Padampur Trade Associates",Sri Ganganagar,"Padampur Road","Trader Z Sri Ganganagar",+919414000789,"Shop 204, Main Road, Padampur Road, Sri Ganganagar, Rajasthan","Water-Based Paints & Hardware",297
390,"Krishna Anah Paints & Hardware Mart",Bharatpur,"Anah Gate","Trader A Bharatpur",+919414000791,"Shop 205, Main Road, Anah Gate, Bharatpur, Rajasthan","Water-Based Paints & Hardware",310
391,"Vikas Sumerpur Paint & Sanitary Store",Pali,"Sumerpur Road","Trader B Pali",+919414000793,"Shop 206, Main Road, Sumerpur Road, Pali, Rajasthan","Water-Based Paints & Hardware",323
392,"Shree Collectorate Colors & Coatings Agency",Chittorgarh,"Collectorate Road","Trader C Chittorgarh",+919414000795,"Shop 207, Main Road, Collectorate Road, Chittorgarh, Rajasthan","Water-Based Paints & Hardware",336
393,"Jai Makrana Hardware & Building Materials",Nagaur,"Makrana Marble Zone","Trader D Nagaur",+919414000797,"Shop 208, Main Road, Makrana Marble Zone, Nagaur, Rajasthan","Water-Based Paints & Hardware",349
394,"New Khetri Wall Protect & Texture Depot",Jhunjhunu,"Khetri Nagar","Trader E Jhunjhunu",+919414000799,"Shop 209, Main Road, Khetri Nagar, Jhunjhunu, Rajasthan","Water-Based Paints & Hardware",362
395,"Royal Malpura Trade Associates",Tonk,"Malpura Road","Trader F Tonk",+919414000801,"Shop 210, Main Road, Malpura Road, Tonk, Rajasthan","Water-Based Paints & Hardware",375
396,"Modern Junction Paints & Hardware Mart",Hanumangarh,"Junction Market","Trader G Hanumangarh",+919414000803,"Shop 211, Main Road, Junction Market, Hanumangarh, Rajasthan","Water-Based Paints & Hardware",388
397,"Star Station Paint & Sanitary Store",Dausa,"Station Road","Trader H Dausa",+919414000805,"Shop 212, Main Road, Station Road, Dausa, Rajasthan","Water-Based Paints & Hardware",401
398,"Classic Sindhari Colors & Coatings Agency",Barmer,"Sindhari Road","Trader I Barmer",+919414000807,"Shop 213, Main Road, Sindhari Road, Barmer, Rajasthan","Water-Based Paints & Hardware",414
399,"National Tonk Hardware & Building Materials",Jaipur,"Tonk Road","Trader J Jaipur",+919414000809,"Shop 214, Main Road, Tonk Road, Jaipur, Rajasthan","Water-Based Paints & Hardware",427
400,"Ganesh Pal Wall Protect & Texture Depot",Jodhpur,"Pal Road","Trader K Jodhpur",+919414000811,"Shop 15, Main Road, Pal Road, Jodhpur, Rajasthan","Water-Based Paints & Hardware",40
401,"Maruti Indraprastha Trade Associates",Kota,"Indraprastha Industrial Area","Trader L Kota",+919414000813,"Shop 16, Main Road, Indraprastha Industrial Area, Kota, Rajasthan","Water-Based Paints & Hardware",53
402,"Balaji Bichhwal Paints & Hardware Mart",Bikaner,"Bichhwal Industrial Area","Trader M Bikaner",+919414000815,"Shop 17, Main Road, Bichhwal Industrial Area, Bikaner, Rajasthan","Water-Based Paints & Hardware",66
403,"Kalyan Madar Paint & Sanitary Store",Ajmer,"Madar Gate","Trader N Ajmer",+919414000817,"Shop 18, Main Road, Madar Gate, Ajmer, Rajasthan","Water-Based Paints & Hardware",79
404,"Krishna Bapu Colors & Coatings Agency",Udaipur,"Bapu Bazar","Trader O Udaipur",+919414000819,"Shop 19, Main Road, Bapu Bazar, Udaipur, Rajasthan","Water-Based Paints & Hardware",92
405,"Vikas Bhopalganj Hardware & Building Materials",Bhilwara,"Bhopalganj","Trader P Bhilwara",+919414000821,"Shop 20, Main Road, Bhopalganj, Bhilwara, Rajasthan","Water-Based Paints & Hardware",105
406,"Shree Neemrana Wall Protect & Texture Depot",Alwar,"Neemrana Japanese Zone","Trader Q Alwar",+919414000823,"Shop 21, Main Road, Neemrana Japanese Zone, Alwar, Rajasthan","Water-Based Paints & Hardware",118
407,"Jai Salasar Trade Associates",Sikar,"Salasar Bus Stand","Trader R Sikar",+919414000825,"Shop 22, Main Road, Salasar Bus Stand, Sikar, Rajasthan","Water-Based Paints & Hardware",131
408,"New Gola Paints & Hardware Mart",Sri Ganganagar,"Gola Market","Trader S Sri Ganganagar",+919414000827,"Shop 23, Main Road, Gola Market, Sri Ganganagar, Rajasthan","Water-Based Paints & Hardware",144
409,"Royal Circular Paint & Sanitary Store",Bharatpur,"Circular Road","Trader T Bharatpur",+919414000829,"Shop 24, Main Road, Circular Road, Bharatpur, Rajasthan","Water-Based Paints & Hardware",157
410,"Modern Somnath Colors & Coatings Agency",Pali,"Somnath Temple Market","Trader U Pali",+919414000831,"Shop 25, Main Road, Somnath Temple Market, Pali, Rajasthan","Water-Based Paints & Hardware",170
411,"Star Nimbahera Hardware & Building Materials",Chittorgarh,"Nimbahera Town","Trader V Chittorgarh",+919414000833,"Shop 26, Main Road, Nimbahera Town, Chittorgarh, Rajasthan","Water-Based Paints & Hardware",183
412,"Classic Didwana Wall Protect & Texture Depot",Nagaur,"Didwana Road","Trader W Nagaur",+919414000835,"Shop 27, Main Road, Didwana Road, Nagaur, Rajasthan","Water-Based Paints & Hardware",196
413,"National Chirawa Trade Associates",Jhunjhunu,"Chirawa Road","Trader X Jhunjhunu",+919414000837,"Shop 28, Main Road, Chirawa Road, Jhunjhunu, Rajasthan","Water-Based Paints & Hardware",209
414,"Ganesh Civil Paints & Hardware Mart",Tonk,"Civil Lines","Trader Y Tonk",+919414000839,"Shop 29, Main Road, Civil Lines, Tonk, Rajasthan","Water-Based Paints & Hardware",222
415,"Maruti Rawatsar Paint & Sanitary Store",Hanumangarh,"Rawatsar Road","Trader Z Hanumangarh",+919414000841,"Shop 30, Main Road, Rawatsar Road, Hanumangarh, Rajasthan","Water-Based Paints & Hardware",235
416,"Balaji Lalsot Colors & Coatings Agency",Dausa,"Lalsot Road","Trader A Dausa",+919414000843,"Shop 31, Main Road, Lalsot Road, Dausa, Rajasthan","Water-Based Paints & Hardware",248
417,"Kalyan Balotra Hardware & Building Materials",Barmer,"Balotra Textile & Hardware Hub","Trader B Barmer",+919414000845,"Shop 32, Main Road, Balotra Textile & Hardware Hub, Barmer, Rajasthan","Water-Based Paints & Hardware",261
418,"Krishna Amer Wall Protect & Texture Depot",Jaipur,"Amer Road","Trader C Jaipur",+919414000847,"Shop 33, Main Road, Amer Road, Jaipur, Rajasthan","Water-Based Paints & Hardware",274
419,"Vikas Shastri Trade Associates",Jodhpur,"Shastri Nagar","Trader D Jodhpur",+919414000849,"Shop 34, Main Road, Shastri Nagar, Jodhpur, Rajasthan","Water-Based Paints & Hardware",287
420,"Shree Gumanpura Paints & Hardware Mart",Kota,"Gumanpura","Trader E Kota",+919414000851,"Shop 35, Main Road, Gumanpura, Kota, Rajasthan","Water-Based Paints & Hardware",300
421,"Jai Rani Paint & Sanitary Store",Bikaner,"Rani Bazar Industrial Area","Trader F Bikaner",+919414000853,"Shop 36, Main Road, Rani Bazar Industrial Area, Bikaner, Rajasthan","Water-Based Paints & Hardware",313
422,"New Clock Colors & Coatings Agency",Ajmer,"Clock Tower Market","Trader G Ajmer",+919414000855,"Shop 37, Main Road, Clock Tower Market, Ajmer, Rajasthan","Water-Based Paints & Hardware",326
423,"Royal Mewar Hardware & Building Materials",Udaipur,"Mewar Industrial Area","Trader H Udaipur",+919414000857,"Shop 38, Main Road, Mewar Industrial Area, Udaipur, Rajasthan","Water-Based Paints & Hardware",339
424,"Modern Sanganer Wall Protect & Texture Depot",Bhilwara,"Sanganer Road","Trader I Bhilwara",+919414000859,"Shop 39, Main Road, Sanganer Road, Bhilwara, Rajasthan","Water-Based Paints & Hardware",352
425,"Star Tijara Trade Associates",Alwar,"Tijara Road","Trader J Alwar",+919414000861,"Shop 40, Main Road, Tijara Road, Alwar, Rajasthan","Water-Based Paints & Hardware",365
426,"Classic Station Paints & Hardware Mart",Sikar,"Station Road","Trader K Sikar",+919414000863,"Shop 41, Main Road, Station Road, Sikar, Rajasthan","Water-Based Paints & Hardware",378
427,"National Purani Paint & Sanitary Store",Sri Ganganagar,"Purani Abadi","Trader L Sri Ganganagar",+919414000865,"Shop 42, Main Road, Purani Abadi, Sri Ganganagar, Rajasthan","Water-Based Paints & Hardware",391
428,"Ganesh Mathura Colors & Coatings Agency",Bharatpur,"Mathura Road","Trader M Bharatpur",+919414000867,"Shop 43, Main Road, Mathura Road, Bharatpur, Rajasthan","Water-Based Paints & Hardware",404
429,"Maruti Suraj Hardware & Building Materials",Pali,"Suraj Pole","Trader N Pali",+919414000869,"Shop 44, Main Road, Suraj Pole, Pali, Rajasthan","Water-Based Paints & Hardware",417
430,"Balaji Fort Wall Protect & Texture Depot",Chittorgarh,"Fort Road","Trader O Chittorgarh",+919414000871,"Shop 45, Main Road, Fort Road, Chittorgarh, Rajasthan","Water-Based Paints & Hardware",430
431,"Kalyan Kuchaman Trade Associates",Nagaur,"Kuchaman City","Trader P Nagaur",+919414000873,"Shop 46, Main Road, Kuchaman City, Nagaur, Rajasthan","Water-Based Paints & Hardware",43
432,"Krishna Peeru Paints & Hardware Mart",Jhunjhunu,"Peeru Singh Circle","Trader Q Jhunjhunu",+919414000875,"Shop 47, Main Road, Peeru Singh Circle, Jhunjhunu, Rajasthan","Water-Based Paints & Hardware",56
433,"Vikas Subhash Paint & Sanitary Store",Tonk,"Subhash Chowk","Trader R Tonk",+919414000877,"Shop 48, Main Road, Subhash Chowk, Tonk, Rajasthan","Water-Based Paints & Hardware",69
434,"Shree Industrial Colors & Coatings Agency",Hanumangarh,"Industrial Area","Trader S Hanumangarh",+919414000879,"Shop 49, Main Road, Industrial Area, Hanumangarh, Rajasthan","Water-Based Paints & Hardware",82
435,"Jai Agra Hardware & Building Materials",Dausa,"Agra Road","Trader T Dausa",+919414000881,"Shop 50, Main Road, Agra Road, Dausa, Rajasthan","Water-Based Paints & Hardware",95
436,"New Station Wall Protect & Texture Depot",Barmer,"Station Road","Trader U Barmer",+919414000883,"Shop 51, Main Road, Station Road, Barmer, Rajasthan","Water-Based Paints & Hardware",108
437,"Royal Chomu Trade Associates",Jaipur,"Chomu","Trader V Jaipur",+919414000885,"Shop 52, Main Road, Chomu, Jaipur, Rajasthan","Water-Based Paints & Hardware",121
438,"Modern Boranada Paints & Hardware Mart",Jodhpur,"Boranada SEZ","Trader W Jodhpur",+919414000887,"Shop 53, Main Road, Boranada SEZ, Jodhpur, Rajasthan","Water-Based Paints & Hardware",134
439,"Star DCM Paint & Sanitary Store",Kota,"DCM Road","Trader X Kota",+919414000889,"Shop 54, Main Road, DCM Road, Kota, Rajasthan","Water-Based Paints & Hardware",147
440,"Classic Kote Colors & Coatings Agency",Bikaner,"Kote Gate","Trader Y Bikaner",+919414000891,"Shop 55, Main Road, Kote Gate, Bikaner, Rajasthan","Water-Based Paints & Hardware",160
441,"National Parbatpura Hardware & Building Materials",Ajmer,"Parbatpura Industrial Area","Trader Z Ajmer",+919414000893,"Shop 56, Main Road, Parbatpura Industrial Area, Ajmer, Rajasthan","Water-Based Paints & Hardware",173
442,"Ganesh Udaisagar Wall Protect & Texture Depot",Udaipur,"Udaisagar Road","Trader A Udaipur",+919414000895,"Shop 57, Main Road, Udaisagar Road, Udaipur, Rajasthan","Water-Based Paints & Hardware",186
443,"Maruti Pur Trade Associates",Bhilwara,"Pur Road","Trader B Bhilwara",+919414000897,"Shop 58, Main Road, Pur Road, Bhilwara, Rajasthan","Water-Based Paints & Hardware",199
444,"Balaji MIA Paints & Hardware Mart",Alwar,"MIA Industrial Area","Trader C Alwar",+919414000899,"Shop 59, Main Road, MIA Industrial Area, Alwar, Rajasthan","Water-Based Paints & Hardware",212
445,"Kalyan Bajoria Paint & Sanitary Store",Sikar,"Bajoria Road","Trader D Sikar",+919414000901,"Shop 60, Main Road, Bajoria Road, Sikar, Rajasthan","Water-Based Paints & Hardware",225
446,"Krishna Birbal Colors & Coatings Agency",Sri Ganganagar,"Birbal Chowk","Trader E Sri Ganganagar",+919414000903,"Shop 61, Main Road, Birbal Chowk, Sri Ganganagar, Rajasthan","Water-Based Paints & Hardware",238
447,"Vikas Sewar Hardware & Building Materials",Bharatpur,"Sewar Industrial Area","Trader F Bharatpur",+919414000905,"Shop 62, Main Road, Sewar Industrial Area, Bharatpur, Rajasthan","Water-Based Paints & Hardware",251
448,"Shree Mandia Wall Protect & Texture Depot",Pali,"Mandia Road Industrial Area","Trader G Pali",+919414000907,"Shop 63, Main Road, Mandia Road Industrial Area, Pali, Rajasthan","Water-Based Paints & Hardware",264
449,"Jai Chanderiya Trade Associates",Chittorgarh,"Chanderiya Industrial Area","Trader H Chittorgarh",+919414000909,"Shop 64, Main Road, Chanderiya Industrial Area, Chittorgarh, Rajasthan","Water-Based Paints & Hardware",277
450,"New Merta Paints & Hardware Mart",Nagaur,"Merta City","Trader I Nagaur",+919414000911,"Shop 65, Main Road, Merta City, Nagaur, Rajasthan","Water-Based Paints & Hardware",290
451,"Royal Gugali Paint & Sanitary Store",Jhunjhunu,"Gugali Market","Trader J Jhunjhunu",+919414000913,"Shop 66, Main Road, Gugali Market, Jhunjhunu, Rajasthan","Water-Based Paints & Hardware",303
452,"Modern Niwai Colors & Coatings Agency",Tonk,"Niwai Industrial Area","Trader K Tonk",+919414000915,"Shop 67, Main Road, Niwai Industrial Area, Tonk, Rajasthan","Water-Based Paints & Hardware",316
453,"Star Town Hardware & Building Materials",Hanumangarh,"Town Main Bazaar","Trader L Hanumangarh",+919414000917,"Shop 68, Main Road, Town Main Bazaar, Hanumangarh, Rajasthan","Water-Based Paints & Hardware",329
454,"Classic Bandikui Wall Protect & Texture Depot",Dausa,"Bandikui Mandi","Trader M Dausa",+919414000919,"Shop 69, Main Road, Bandikui Mandi, Dausa, Rajasthan","Water-Based Paints & Hardware",342
455,"National Refinery Trade Associates",Barmer,"Refinery Site Corridor","Trader N Barmer",+919414000921,"Shop 70, Main Road, Refinery Site Corridor, Barmer, Rajasthan","Water-Based Paints & Hardware",355
456,"Ganesh Malviya Paints & Hardware Mart",Jaipur,"Malviya Nagar","Trader O Jaipur",+919414000923,"Shop 71, Main Road, Malviya Nagar, Jaipur, Rajasthan","Water-Based Paints & Hardware",368
457,"Maruti Sardarpura Paint & Sanitary Store",Jodhpur,"Sardarpura","Trader P Jodhpur",+919414000925,"Shop 72, Main Road, Sardarpura, Jodhpur, Rajasthan","Water-Based Paints & Hardware",381
458,"Balaji Rampura Colors & Coatings Agency",Kota,"Rampura","Trader Q Kota",+919414000927,"Shop 73, Main Road, Rampura, Kota, Rajasthan","Water-Based Paints & Hardware",394
459,"Kalyan Nokha Hardware & Building Materials",Bikaner,"Nokha Road","Trader R Bikaner",+919414000929,"Shop 74, Main Road, Nokha Road, Bikaner, Rajasthan","Water-Based Paints & Hardware",407
460,"Krishna Kishangarh Wall Protect & Texture Depot",Ajmer,"Kishangarh Marble Mandi","Trader S Ajmer",+919414000931,"Shop 75, Main Road, Kishangarh Marble Mandi, Ajmer, Rajasthan","Water-Based Paints & Hardware",420
461,"Vikas Fatehpura Trade Associates",Udaipur,"Fatehpura","Trader T Udaipur",+919414000933,"Shop 76, Main Road, Fatehpura, Udaipur, Rajasthan","Water-Based Paints & Hardware",433
462,"Shree Gandhi Paints & Hardware Mart",Bhilwara,"Gandhi Nagar","Trader U Bhilwara",+919414000935,"Shop 77, Main Road, Gandhi Nagar, Bhilwara, Rajasthan","Water-Based Paints & Hardware",46
463,"Jai Manu Paint & Sanitary Store",Alwar,"Manu Marg","Trader V Alwar",+919414000937,"Shop 78, Main Road, Manu Marg, Alwar, Rajasthan","Water-Based Paints & Hardware",59
464,"New Fatehpur Colors & Coatings Agency",Sikar,"Fatehpur Road","Trader W Sikar",+919414000939,"Shop 79, Main Road, Fatehpur Road, Sikar, Rajasthan","Water-Based Paints & Hardware",72
465,"Royal Suratgarh Hardware & Building Materials",Sri Ganganagar,"Suratgarh Road","Trader X Sri Ganganagar",+919414000941,"Shop 80, Main Road, Suratgarh Road, Sri Ganganagar, Rajasthan","Water-Based Paints & Hardware",85
466,"Modern Kumher Wall Protect & Texture Depot",Bharatpur,"Kumher Gate","Trader Y Bharatpur",+919414000943,"Shop 81, Main Road, Kumher Gate, Bharatpur, Rajasthan","Water-Based Paints & Hardware",98
467,"Star Sumerpur Trade Associates",Pali,"Sumerpur Road","Trader Z Pali",+919414000945,"Shop 82, Main Road, Sumerpur Road, Pali, Rajasthan","Water-Based Paints & Hardware",111
468,"Classic Collectorate Paints & Hardware Mart",Chittorgarh,"Collectorate Road","Trader A Chittorgarh",+919414000947,"Shop 83, Main Road, Collectorate Road, Chittorgarh, Rajasthan","Water-Based Paints & Hardware",124
469,"National Gandhi Paint & Sanitary Store",Nagaur,"Gandhi Chowk","Trader B Nagaur",+919414000949,"Shop 84, Main Road, Gandhi Chowk, Nagaur, Rajasthan","Water-Based Paints & Hardware",137
470,"Ganesh Mandawa Colors & Coatings Agency",Jhunjhunu,"Mandawa Road","Trader C Jhunjhunu",+919414000951,"Shop 85, Main Road, Mandawa Road, Jhunjhunu, Rajasthan","Water-Based Paints & Hardware",150
471,"Maruti Malpura Hardware & Building Materials",Tonk,"Malpura Road","Trader D Tonk",+919414000953,"Shop 86, Main Road, Malpura Road, Tonk, Rajasthan","Water-Based Paints & Hardware",163
472,"Balaji Junction Wall Protect & Texture Depot",Hanumangarh,"Junction Market","Trader E Hanumangarh",+919414000955,"Shop 87, Main Road, Junction Market, Hanumangarh, Rajasthan","Water-Based Paints & Hardware",176
473,"Kalyan Station Trade Associates",Dausa,"Station Road","Trader F Dausa",+919414000957,"Shop 88, Main Road, Station Road, Dausa, Rajasthan","Water-Based Paints & Hardware",189
474,"Krishna Sindhari Paints & Hardware Mart",Barmer,"Sindhari Road","Trader G Barmer",+919414000959,"Shop 89, Main Road, Sindhari Road, Barmer, Rajasthan","Water-Based Paints & Hardware",202
475,"Vikas Transport Paint & Sanitary Store",Jaipur,"Transport Nagar","Trader H Jaipur",+919414000961,"Shop 90, Main Road, Transport Nagar, Jaipur, Rajasthan","Water-Based Paints & Hardware",215
476,"Shree Basni Colors & Coatings Agency",Jodhpur,"Basni Industrial Area","Trader I Jodhpur",+919414000963,"Shop 91, Main Road, Basni Industrial Area, Jodhpur, Rajasthan","Water-Based Paints & Hardware",228
477,"Jai Vigyan Hardware & Building Materials",Kota,"Vigyan Nagar","Trader J Kota",+919414000965,"Shop 92, Main Road, Vigyan Nagar, Kota, Rajasthan","Water-Based Paints & Hardware",241
478,"New Sadul Wall Protect & Texture Depot",Bikaner,"Sadul Colony","Trader K Bikaner",+919414000967,"Shop 93, Main Road, Sadul Colony, Bikaner, Rajasthan","Water-Based Paints & Hardware",254
479,"Royal Beawar Trade Associates",Ajmer,"Beawar City","Trader L Ajmer",+919414000969,"Shop 94, Main Road, Beawar City, Ajmer, Rajasthan","Water-Based Paints & Hardware",267
480,"Modern Sukher Paints & Hardware Mart",Udaipur,"Sukher Industrial Area","Trader M Udaipur",+919414000971,"Shop 95, Main Road, Sukher Industrial Area, Udaipur, Rajasthan","Water-Based Paints & Hardware",280
481,"Star RIICO Paint & Sanitary Store",Bhilwara,"RIICO Industrial Area","Trader N Bhilwara",+919414000973,"Shop 96, Main Road, RIICO Industrial Area, Bhilwara, Rajasthan","Water-Based Paints & Hardware",293
482,"Classic Company Colors & Coatings Agency",Alwar,"Company Bagh","Trader O Alwar",+919414000975,"Shop 97, Main Road, Company Bagh, Alwar, Rajasthan","Water-Based Paints & Hardware",306
483,"National Piprali Hardware & Building Materials",Sikar,"Piprali Road","Trader P Sikar",+919414000977,"Shop 98, Main Road, Piprali Road, Sikar, Rajasthan","Water-Based Paints & Hardware",319
484,"Ganesh Padampur Wall Protect & Texture Depot",Sri Ganganagar,"Padampur Road","Trader Q Sri Ganganagar",+919414000979,"Shop 99, Main Road, Padampur Road, Sri Ganganagar, Rajasthan","Water-Based Paints & Hardware",332
485,"Maruti Anah Trade Associates",Bharatpur,"Anah Gate","Trader R Bharatpur",+919414000981,"Shop 100, Main Road, Anah Gate, Bharatpur, Rajasthan","Water-Based Paints & Hardware",345
486,"Balaji Somnath Paints & Hardware Mart",Pali,"Somnath Temple Market","Trader S Pali",+919414000983,"Shop 101, Main Road, Somnath Temple Market, Pali, Rajasthan","Water-Based Paints & Hardware",358
487,"Kalyan Nimbahera Paint & Sanitary Store",Chittorgarh,"Nimbahera Town","Trader T Chittorgarh",+919414000985,"Shop 102, Main Road, Nimbahera Town, Chittorgarh, Rajasthan","Water-Based Paints & Hardware",371
488,"Krishna Makrana Colors & Coatings Agency",Nagaur,"Makrana Marble Zone","Trader U Nagaur",+919414000987,"Shop 103, Main Road, Makrana Marble Zone, Nagaur, Rajasthan","Water-Based Paints & Hardware",384
489,"Vikas Khetri Hardware & Building Materials",Jhunjhunu,"Khetri Nagar","Trader V Jhunjhunu",+919414000989,"Shop 104, Main Road, Khetri Nagar, Jhunjhunu, Rajasthan","Water-Based Paints & Hardware",397
490,"Shree Civil Wall Protect & Texture Depot",Tonk,"Civil Lines","Trader W Tonk",+919414000991,"Shop 105, Main Road, Civil Lines, Tonk, Rajasthan","Water-Based Paints & Hardware",410
491,"Jai Rawatsar Trade Associates",Hanumangarh,"Rawatsar Road","Trader X Hanumangarh",+919414000993,"Shop 106, Main Road, Rawatsar Road, Hanumangarh, Rajasthan","Water-Based Paints & Hardware",423
492,"New Lalsot Paints & Hardware Mart",Dausa,"Lalsot Road","Trader Y Dausa",+919414000995,"Shop 107, Main Road, Lalsot Road, Dausa, Rajasthan","Water-Based Paints & Hardware",436
493,"Royal Balotra Paint & Sanitary Store",Barmer,"Balotra Textile & Hardware Hub","Trader Z Barmer",+919414000997,"Shop 108, Main Road, Balotra Textile & Hardware Hub, Barmer, Rajasthan","Water-Based Paints & Hardware",49
494,"Modern Vaishali Colors & Coatings Agency",Jaipur,"Vaishali Nagar","Trader A Jaipur",+919414000999,"Shop 109, Main Road, Vaishali Nagar, Jaipur, Rajasthan","Water-Based Paints & Hardware",62
495,"Star Ratanada Hardware & Building Materials",Jodhpur,"Ratanada","Trader B Jodhpur",+919414001001,"Shop 110, Main Road, Ratanada, Jodhpur, Rajasthan","Water-Based Paints & Hardware",75
496,"Classic Mahaveer Wall Protect & Texture Depot",Kota,"Mahaveer Nagar","Trader C Kota",+919414001003,"Shop 111, Main Road, Mahaveer Nagar, Kota, Rajasthan","Water-Based Paints & Hardware",88
497,"National Bichhwal Trade Associates",Bikaner,"Bichhwal Industrial Area","Trader D Bikaner",+919414001005,"Shop 112, Main Road, Bichhwal Industrial Area, Bikaner, Rajasthan","Water-Based Paints & Hardware",101
498,"Ganesh Kutchery Paints & Hardware Mart",Ajmer,"Kutchery Road","Trader E Ajmer",+919414001007,"Shop 113, Main Road, Kutchery Road, Ajmer, Rajasthan","Water-Based Paints & Hardware",114
499,"Maruti Hiran Paint & Sanitary Store",Udaipur,"Hiran Magri","Trader F Udaipur",+919414001009,"Shop 114, Main Road, Hiran Magri, Udaipur, Rajasthan","Water-Based Paints & Hardware",127
500,"Balaji Bhopalganj Colors & Coatings Agency",Bhilwara,"Bhopalganj","Trader G Bhilwara",+919414001011,"Shop 115, Main Road, Bhopalganj, Bhilwara, Rajasthan","Water-Based Paints & Hardware",140
501,"Kalyan Bhiwadi Hardware & Building Materials",Alwar,"Bhiwadi Industrial Zone","Trader H Alwar",+919414001013,"Shop 116, Main Road, Bhiwadi Industrial Zone, Alwar, Rajasthan","Water-Based Paints & Hardware",153
502,"Krishna Kotwali Wall Protect & Texture Depot",Sikar,"Kotwali Market","Trader I Sikar",+919414001015,"Shop 117, Main Road, Kotwali Market, Sikar, Rajasthan","Water-Based Paints & Hardware",166
503,"Vikas Gola Trade Associates",Sri Ganganagar,"Gola Market","Trader J Sri Ganganagar",+919414001017,"Shop 118, Main Road, Gola Market, Sri Ganganagar, Rajasthan","Water-Based Paints & Hardware",179
504,"Shree Circular Paints & Hardware Mart",Bharatpur,"Circular Road","Trader K Bharatpur",+919414001019,"Shop 119, Main Road, Circular Road, Bharatpur, Rajasthan","Water-Based Paints & Hardware",192
505,"Jai Suraj Paint & Sanitary Store",Pali,"Suraj Pole","Trader L Pali",+919414001021,"Shop 120, Main Road, Suraj Pole, Pali, Rajasthan","Water-Based Paints & Hardware",205
506,"New Fort Colors & Coatings Agency",Chittorgarh,"Fort Road","Trader M Chittorgarh",+919414001023,"Shop 121, Main Road, Fort Road, Chittorgarh, Rajasthan","Water-Based Paints & Hardware",218
507,"Royal Didwana Hardware & Building Materials",Nagaur,"Didwana Road","Trader N Nagaur",+919414001025,"Shop 122, Main Road, Didwana Road, Nagaur, Rajasthan","Water-Based Paints & Hardware",231
508,"Modern Chirawa Wall Protect & Texture Depot",Jhunjhunu,"Chirawa Road","Trader O Jhunjhunu",+919414001027,"Shop 123, Main Road, Chirawa Road, Jhunjhunu, Rajasthan","Water-Based Paints & Hardware",244
509,"Star Subhash Trade Associates",Tonk,"Subhash Chowk","Trader P Tonk",+919414001029,"Shop 124, Main Road, Subhash Chowk, Tonk, Rajasthan","Water-Based Paints & Hardware",257
510,"Classic Industrial Paints & Hardware Mart",Hanumangarh,"Industrial Area","Trader Q Hanumangarh",+919414001031,"Shop 125, Main Road, Industrial Area, Hanumangarh, Rajasthan","Water-Based Paints & Hardware",270
511,"National Agra Paint & Sanitary Store",Dausa,"Agra Road","Trader R Dausa",+919414001033,"Shop 126, Main Road, Agra Road, Dausa, Rajasthan","Water-Based Paints & Hardware",283
512,"Ganesh Station Colors & Coatings Agency",Barmer,"Station Road","Trader S Barmer",+919414001035,"Shop 127, Main Road, Station Road, Barmer, Rajasthan","Water-Based Paints & Hardware",296
513,"Maruti Jhotwara Hardware & Building Materials",Jaipur,"Jhotwara","Trader T Jaipur",+919414001037,"Shop 128, Main Road, Jhotwara, Jaipur, Rajasthan","Water-Based Paints & Hardware",309
514,"Balaji Mandore Wall Protect & Texture Depot",Jodhpur,"Mandore Road","Trader U Jodhpur",+919414001039,"Shop 129, Main Road, Mandore Road, Jodhpur, Rajasthan","Water-Based Paints & Hardware",322
515,"Kalyan Borkhera Trade Associates",Kota,"Borkhera","Trader V Kota",+919414001041,"Shop 130, Main Road, Borkhera, Kota, Rajasthan","Water-Based Paints & Hardware",335
516,"Krishna Rani Paints & Hardware Mart",Bikaner,"Rani Bazar Industrial Area","Trader W Bikaner",+919414001043,"Shop 131, Main Road, Rani Bazar Industrial Area, Bikaner, Rajasthan","Water-Based Paints & Hardware",348
517,"Vikas Madar Paint & Sanitary Store",Ajmer,"Madar Gate","Trader X Ajmer",+919414001045,"Shop 132, Main Road, Madar Gate, Ajmer, Rajasthan","Water-Based Paints & Hardware",361
518,"Shree Bapu Colors & Coatings Agency",Udaipur,"Bapu Bazar","Trader Y Udaipur",+919414001047,"Shop 133, Main Road, Bapu Bazar, Udaipur, Rajasthan","Water-Based Paints & Hardware",374
519,"Jai Sanganer Hardware & Building Materials",Bhilwara,"Sanganer Road","Trader Z Bhilwara",+919414001049,"Shop 134, Main Road, Sanganer Road, Bhilwara, Rajasthan","Water-Based Paints & Hardware",387
520,"New Neemrana Wall Protect & Texture Depot",Alwar,"Neemrana Japanese Zone","Trader A Alwar",+919414001051,"Shop 135, Main Road, Neemrana Japanese Zone, Alwar, Rajasthan","Water-Based Paints & Hardware",400
521,"Royal Salasar Trade Associates",Sikar,"Salasar Bus Stand","Trader B Sikar",+919414001053,"Shop 136, Main Road, Salasar Bus Stand, Sikar, Rajasthan","Water-Based Paints & Hardware",413
522,"Modern Purani Paints & Hardware Mart",Sri Ganganagar,"Purani Abadi","Trader C Sri Ganganagar",+919414001055,"Shop 137, Main Road, Purani Abadi, Sri Ganganagar, Rajasthan","Water-Based Paints & Hardware",426
523,"Star Mathura Paint & Sanitary Store",Bharatpur,"Mathura Road","Trader D Bharatpur",+919414001057,"Shop 138, Main Road, Mathura Road, Bharatpur, Rajasthan","Water-Based Paints & Hardware",439
524,"Classic Mandia Colors & Coatings Agency",Pali,"Mandia Road Industrial Area","Trader E Pali",+919414001059,"Shop 139, Main Road, Mandia Road Industrial Area, Pali, Rajasthan","Water-Based Paints & Hardware",52
525,"National Chanderiya Hardware & Building Materials",Chittorgarh,"Chanderiya Industrial Area","Trader F Chittorgarh",+919414001061,"Shop 140, Main Road, Chanderiya Industrial Area, Chittorgarh, Rajasthan","Water-Based Paints & Hardware",65
526,"Ganesh Kuchaman Wall Protect & Texture Depot",Nagaur,"Kuchaman City","Trader G Nagaur",+919414001063,"Shop 141, Main Road, Kuchaman City, Nagaur, Rajasthan","Water-Based Paints & Hardware",78
527,"Maruti Peeru Trade Associates",Jhunjhunu,"Peeru Singh Circle","Trader H Jhunjhunu",+919414001065,"Shop 142, Main Road, Peeru Singh Circle, Jhunjhunu, Rajasthan","Water-Based Paints & Hardware",91
528,"Balaji Niwai Paints & Hardware Mart",Tonk,"Niwai Industrial Area","Trader I Tonk",+919414001067,"Shop 143, Main Road, Niwai Industrial Area, Tonk, Rajasthan","Water-Based Paints & Hardware",104
529,"Kalyan Town Paint & Sanitary Store",Hanumangarh,"Town Main Bazaar","Trader J Hanumangarh",+919414001069,"Shop 144, Main Road, Town Main Bazaar, Hanumangarh, Rajasthan","Water-Based Paints & Hardware",117
530,"Krishna Bandikui Colors & Coatings Agency",Dausa,"Bandikui Mandi","Trader K Dausa",+919414001071,"Shop 145, Main Road, Bandikui Mandi, Dausa, Rajasthan","Water-Based Paints & Hardware",130
531,"Vikas Refinery Hardware & Building Materials",Barmer,"Refinery Site Corridor","Trader L Barmer",+919414001073,"Shop 146, Main Road, Refinery Site Corridor, Barmer, Rajasthan","Water-Based Paints & Hardware",143
532,"Shree Sanganer Wall Protect & Texture Depot",Jaipur,"Sanganer Town","Trader M Jaipur",+919414001075,"Shop 147, Main Road, Sanganer Town, Jaipur, Rajasthan","Water-Based Paints & Hardware",156
533,"Jai Pal Trade Associates",Jodhpur,"Pal Road","Trader N Jodhpur",+919414001077,"Shop 148, Main Road, Pal Road, Jodhpur, Rajasthan","Water-Based Paints & Hardware",169
534,"New Indraprastha Paints & Hardware Mart",Kota,"Indraprastha Industrial Area","Trader O Kota",+919414001079,"Shop 149, Main Road, Indraprastha Industrial Area, Kota, Rajasthan","Water-Based Paints & Hardware",182
535,"Royal Kote Paint & Sanitary Store",Bikaner,"Kote Gate","Trader P Bikaner",+919414001081,"Shop 150, Main Road, Kote Gate, Bikaner, Rajasthan","Water-Based Paints & Hardware",195
536,"Modern Clock Colors & Coatings Agency",Ajmer,"Clock Tower Market","Trader Q Ajmer",+919414001083,"Shop 151, Main Road, Clock Tower Market, Ajmer, Rajasthan","Water-Based Paints & Hardware",208
537,"Star Mewar Hardware & Building Materials",Udaipur,"Mewar Industrial Area","Trader R Udaipur",+919414001085,"Shop 152, Main Road, Mewar Industrial Area, Udaipur, Rajasthan","Water-Based Paints & Hardware",221
538,"Classic Pur Wall Protect & Texture Depot",Bhilwara,"Pur Road","Trader S Bhilwara",+919414001087,"Shop 153, Main Road, Pur Road, Bhilwara, Rajasthan","Water-Based Paints & Hardware",234
539,"National Tijara Trade Associates",Alwar,"Tijara Road","Trader T Alwar",+919414001089,"Shop 154, Main Road, Tijara Road, Alwar, Rajasthan","Water-Based Paints & Hardware",247
540,"Ganesh Station Paints & Hardware Mart",Sikar,"Station Road","Trader U Sikar",+919414001091,"Shop 155, Main Road, Station Road, Sikar, Rajasthan","Water-Based Paints & Hardware",260
541,"Maruti Birbal Paint & Sanitary Store",Sri Ganganagar,"Birbal Chowk","Trader V Sri Ganganagar",+919414001093,"Shop 156, Main Road, Birbal Chowk, Sri Ganganagar, Rajasthan","Water-Based Paints & Hardware",273
542,"Balaji Sewar Colors & Coatings Agency",Bharatpur,"Sewar Industrial Area","Trader W Bharatpur",+919414001095,"Shop 157, Main Road, Sewar Industrial Area, Bharatpur, Rajasthan","Water-Based Paints & Hardware",286
543,"Kalyan Sumerpur Hardware & Building Materials",Pali,"Sumerpur Road","Trader X Pali",+919414001097,"Shop 158, Main Road, Sumerpur Road, Pali, Rajasthan","Water-Based Paints & Hardware",299
544,"Krishna Collectorate Wall Protect & Texture Depot",Chittorgarh,"Collectorate Road","Trader Y Chittorgarh",+919414001099,"Shop 159, Main Road, Collectorate Road, Chittorgarh, Rajasthan","Water-Based Paints & Hardware",312
545,"Vikas Merta Trade Associates",Nagaur,"Merta City","Trader Z Nagaur",+919414001101,"Shop 160, Main Road, Merta City, Nagaur, Rajasthan","Water-Based Paints & Hardware",325
546,"Shree Gugali Paints & Hardware Mart",Jhunjhunu,"Gugali Market","Trader A Jhunjhunu",+919414001103,"Shop 161, Main Road, Gugali Market, Jhunjhunu, Rajasthan","Water-Based Paints & Hardware",338
547,"Jai Malpura Paint & Sanitary Store",Tonk,"Malpura Road","Trader B Tonk",+919414001105,"Shop 162, Main Road, Malpura Road, Tonk, Rajasthan","Water-Based Paints & Hardware",351
548,"New Junction Colors & Coatings Agency",Hanumangarh,"Junction Market","Trader C Hanumangarh",+919414001107,"Shop 163, Main Road, Junction Market, Hanumangarh, Rajasthan","Water-Based Paints & Hardware",364
549,"Royal Station Hardware & Building Materials",Dausa,"Station Road","Trader D Dausa",+919414001109,"Shop 164, Main Road, Station Road, Dausa, Rajasthan","Water-Based Paints & Hardware",377
550,"Modern Sindhari Wall Protect & Texture Depot",Barmer,"Sindhari Road","Trader E Barmer",+919414001111,"Shop 165, Main Road, Sindhari Road, Barmer, Rajasthan","Water-Based Paints & Hardware",390
551,"Star VKI Trade Associates",Jaipur,"VKI Industrial Area","Trader F Jaipur",+919414001113,"Shop 166, Main Road, VKI Industrial Area, Jaipur, Rajasthan","Water-Based Paints & Hardware",403
552,"Classic Shastri Paints & Hardware Mart",Jodhpur,"Shastri Nagar","Trader G Jodhpur",+919414001115,"Shop 167, Main Road, Shastri Nagar, Jodhpur, Rajasthan","Water-Based Paints & Hardware",416
553,"National Gumanpura Paint & Sanitary Store",Kota,"Gumanpura","Trader H Kota",+919414001117,"Shop 168, Main Road, Gumanpura, Kota, Rajasthan","Water-Based Paints & Hardware",429
554,"Ganesh Nokha Colors & Coatings Agency",Bikaner,"Nokha Road","Trader I Bikaner",+919414001119,"Shop 169, Main Road, Nokha Road, Bikaner, Rajasthan","Water-Based Paints & Hardware",42
555,"Maruti Parbatpura Hardware & Building Materials",Ajmer,"Parbatpura Industrial Area","Trader J Ajmer",+919414001121,"Shop 170, Main Road, Parbatpura Industrial Area, Ajmer, Rajasthan","Water-Based Paints & Hardware",55
556,"Balaji Udaisagar Wall Protect & Texture Depot",Udaipur,"Udaisagar Road","Trader K Udaipur",+919414001123,"Shop 171, Main Road, Udaisagar Road, Udaipur, Rajasthan","Water-Based Paints & Hardware",68
557,"Kalyan Gandhi Trade Associates",Bhilwara,"Gandhi Nagar","Trader L Bhilwara",+919414001125,"Shop 172, Main Road, Gandhi Nagar, Bhilwara, Rajasthan","Water-Based Paints & Hardware",81
558,"Krishna MIA Paints & Hardware Mart",Alwar,"MIA Industrial Area","Trader M Alwar",+919414001127,"Shop 173, Main Road, MIA Industrial Area, Alwar, Rajasthan","Water-Based Paints & Hardware",94
559,"Vikas Bajoria Paint & Sanitary Store",Sikar,"Bajoria Road","Trader N Sikar",+919414001129,"Shop 174, Main Road, Bajoria Road, Sikar, Rajasthan","Water-Based Paints & Hardware",107
560,"Shree Suratgarh Colors & Coatings Agency",Sri Ganganagar,"Suratgarh Road","Trader O Sri Ganganagar",+919414001131,"Shop 175, Main Road, Suratgarh Road, Sri Ganganagar, Rajasthan","Water-Based Paints & Hardware",120
561,"Jai Kumher Hardware & Building Materials",Bharatpur,"Kumher Gate","Trader P Bharatpur",+919414001133,"Shop 176, Main Road, Kumher Gate, Bharatpur, Rajasthan","Water-Based Paints & Hardware",133
562,"New Somnath Wall Protect & Texture Depot",Pali,"Somnath Temple Market","Trader Q Pali",+919414001135,"Shop 177, Main Road, Somnath Temple Market, Pali, Rajasthan","Water-Based Paints & Hardware",146
563,"Royal Nimbahera Trade Associates",Chittorgarh,"Nimbahera Town","Trader R Chittorgarh",+919414001137,"Shop 178, Main Road, Nimbahera Town, Chittorgarh, Rajasthan","Water-Based Paints & Hardware",159
564,"Modern Gandhi Paints & Hardware Mart",Nagaur,"Gandhi Chowk","Trader S Nagaur",+919414001139,"Shop 179, Main Road, Gandhi Chowk, Nagaur, Rajasthan","Water-Based Paints & Hardware",172
565,"Star Mandawa Paint & Sanitary Store",Jhunjhunu,"Mandawa Road","Trader T Jhunjhunu",+919414001141,"Shop 180, Main Road, Mandawa Road, Jhunjhunu, Rajasthan","Water-Based Paints & Hardware",185
566,"Classic Civil Colors & Coatings Agency",Tonk,"Civil Lines","Trader U Tonk",+919414001143,"Shop 181, Main Road, Civil Lines, Tonk, Rajasthan","Water-Based Paints & Hardware",198
567,"National Rawatsar Hardware & Building Materials",Hanumangarh,"Rawatsar Road","Trader V Hanumangarh",+919414001145,"Shop 182, Main Road, Rawatsar Road, Hanumangarh, Rajasthan","Water-Based Paints & Hardware",211
568,"Ganesh Lalsot Wall Protect & Texture Depot",Dausa,"Lalsot Road","Trader W Dausa",+919414001147,"Shop 183, Main Road, Lalsot Road, Dausa, Rajasthan","Water-Based Paints & Hardware",224
569,"Maruti Balotra Trade Associates",Barmer,"Balotra Textile & Hardware Hub","Trader X Barmer",+919414001149,"Shop 184, Main Road, Balotra Textile & Hardware Hub, Barmer, Rajasthan","Water-Based Paints & Hardware",237
570,"Balaji Mansarovar Paints & Hardware Mart",Jaipur,"Mansarovar","Trader Y Jaipur",+919414001151,"Shop 185, Main Road, Mansarovar, Jaipur, Rajasthan","Water-Based Paints & Hardware",250
571,"Kalyan Boranada Paint & Sanitary Store",Jodhpur,"Boranada SEZ","Trader Z Jodhpur",+919414001153,"Shop 186, Main Road, Boranada SEZ, Jodhpur, Rajasthan","Water-Based Paints & Hardware",263
572,"Krishna DCM Colors & Coatings Agency",Kota,"DCM Road","Trader A Kota",+919414001155,"Shop 187, Main Road, DCM Road, Kota, Rajasthan","Water-Based Paints & Hardware",276
573,"Vikas Sadul Hardware & Building Materials",Bikaner,"Sadul Colony","Trader B Bikaner",+919414001157,"Shop 188, Main Road, Sadul Colony, Bikaner, Rajasthan","Water-Based Paints & Hardware",289
574,"Shree Kishangarh Wall Protect & Texture Depot",Ajmer,"Kishangarh Marble Mandi","Trader C Ajmer",+919414001159,"Shop 189, Main Road, Kishangarh Marble Mandi, Ajmer, Rajasthan","Water-Based Paints & Hardware",302
575,"Jai Fatehpura Trade Associates",Udaipur,"Fatehpura","Trader D Udaipur",+919414001161,"Shop 190, Main Road, Fatehpura, Udaipur, Rajasthan","Water-Based Paints & Hardware",315
576,"New RIICO Paints & Hardware Mart",Bhilwara,"RIICO Industrial Area","Trader E Bhilwara",+919414001163,"Shop 191, Main Road, RIICO Industrial Area, Bhilwara, Rajasthan","Water-Based Paints & Hardware",328
577,"Royal Manu Paint & Sanitary Store",Alwar,"Manu Marg","Trader F Alwar",+919414001165,"Shop 192, Main Road, Manu Marg, Alwar, Rajasthan","Water-Based Paints & Hardware",341
578,"Modern Fatehpur Colors & Coatings Agency",Sikar,"Fatehpur Road","Trader G Sikar",+919414001167,"Shop 193, Main Road, Fatehpur Road, Sikar, Rajasthan","Water-Based Paints & Hardware",354
579,"Star Padampur Hardware & Building Materials",Sri Ganganagar,"Padampur Road","Trader H Sri Ganganagar",+919414001169,"Shop 194, Main Road, Padampur Road, Sri Ganganagar, Rajasthan","Water-Based Paints & Hardware",367
580,"Classic Anah Wall Protect & Texture Depot",Bharatpur,"Anah Gate","Trader I Bharatpur",+919414001171,"Shop 195, Main Road, Anah Gate, Bharatpur, Rajasthan","Water-Based Paints & Hardware",380
581,"National Suraj Trade Associates",Pali,"Suraj Pole","Trader J Pali",+919414001173,"Shop 196, Main Road, Suraj Pole, Pali, Rajasthan","Water-Based Paints & Hardware",393
582,"Ganesh Fort Paints & Hardware Mart",Chittorgarh,"Fort Road","Trader K Chittorgarh",+919414001175,"Shop 197, Main Road, Fort Road, Chittorgarh, Rajasthan","Water-Based Paints & Hardware",406
583,"Maruti Makrana Paint & Sanitary Store",Nagaur,"Makrana Marble Zone","Trader L Nagaur",+919414001177,"Shop 198, Main Road, Makrana Marble Zone, Nagaur, Rajasthan","Water-Based Paints & Hardware",419
584,"Balaji Khetri Colors & Coatings Agency",Jhunjhunu,"Khetri Nagar","Trader M Jhunjhunu",+919414001179,"Shop 199, Main Road, Khetri Nagar, Jhunjhunu, Rajasthan","Water-Based Paints & Hardware",432
585,"Kalyan Subhash Hardware & Building Materials",Tonk,"Subhash Chowk","Trader N Tonk",+919414001181,"Shop 200, Main Road, Subhash Chowk, Tonk, Rajasthan","Water-Based Paints & Hardware",45
586,"Krishna Industrial Wall Protect & Texture Depot",Hanumangarh,"Industrial Area","Trader O Hanumangarh",+919414001183,"Shop 201, Main Road, Industrial Area, Hanumangarh, Rajasthan","Water-Based Paints & Hardware",58
587,"Vikas Agra Trade Associates",Dausa,"Agra Road","Trader P Dausa",+919414001185,"Shop 202, Main Road, Agra Road, Dausa, Rajasthan","Water-Based Paints & Hardware",71
588,"Shree Station Paints & Hardware Mart",Barmer,"Station Road","Trader Q Barmer",+919414001187,"Shop 203, Main Road, Station Road, Barmer, Rajasthan","Water-Based Paints & Hardware",84
589,"Jai Tonk Paint & Sanitary Store",Jaipur,"Tonk Road","Trader R Jaipur",+919414001189,"Shop 204, Main Road, Tonk Road, Jaipur, Rajasthan","Water-Based Paints & Hardware",97
590,"New Sardarpura Colors & Coatings Agency",Jodhpur,"Sardarpura","Trader S Jodhpur",+919414001191,"Shop 205, Main Road, Sardarpura, Jodhpur, Rajasthan","Water-Based Paints & Hardware",110
591,"Royal Rampura Hardware & Building Materials",Kota,"Rampura","Trader T Kota",+919414001193,"Shop 206, Main Road, Rampura, Kota, Rajasthan","Water-Based Paints & Hardware",123
592,"Modern Bichhwal Wall Protect & Texture Depot",Bikaner,"Bichhwal Industrial Area","Trader U Bikaner",+919414001195,"Shop 207, Main Road, Bichhwal Industrial Area, Bikaner, Rajasthan","Water-Based Paints & Hardware",136
593,"Star Beawar Trade Associates",Ajmer,"Beawar City","Trader V Ajmer",+919414001197,"Shop 208, Main Road, Beawar City, Ajmer, Rajasthan","Water-Based Paints & Hardware",149
594,"Classic Sukher Paints & Hardware Mart",Udaipur,"Sukher Industrial Area","Trader W Udaipur",+919414001199,"Shop 209, Main Road, Sukher Industrial Area, Udaipur, Rajasthan","Water-Based Paints & Hardware",162
595,"National Bhopalganj Paint & Sanitary Store",Bhilwara,"Bhopalganj","Trader X Bhilwara",+919414001201,"Shop 210, Main Road, Bhopalganj, Bhilwara, Rajasthan","Water-Based Paints & Hardware",175
596,"Ganesh Company Colors & Coatings Agency",Alwar,"Company Bagh","Trader Y Alwar",+919414001203,"Shop 211, Main Road, Company Bagh, Alwar, Rajasthan","Water-Based Paints & Hardware",188
597,"Maruti Piprali Hardware & Building Materials",Sikar,"Piprali Road","Trader Z Sikar",+919414001205,"Shop 212, Main Road, Piprali Road, Sikar, Rajasthan","Water-Based Paints & Hardware",201
598,"Balaji Gola Wall Protect & Texture Depot",Sri Ganganagar,"Gola Market","Trader A Sri Ganganagar",+919414001207,"Shop 213, Main Road, Gola Market, Sri Ganganagar, Rajasthan","Water-Based Paints & Hardware",214
599,"Kalyan Circular Trade Associates",Bharatpur,"Circular Road","Trader B Bharatpur",+919414001209,"Shop 214, Main Road, Circular Road, Bharatpur, Rajasthan","Water-Based Paints & Hardware",227
600,"Krishna Mandia Paints & Hardware Mart",Pali,"Mandia Road Industrial Area","Trader C Pali",+919414001211,"Shop 15, Main Road, Mandia Road Industrial Area, Pali, Rajasthan","Water-Based Paints & Hardware",240
601,"Vikas Chanderiya Paint & Sanitary Store",Chittorgarh,"Chanderiya Industrial Area","Trader D Chittorgarh",+919414001213,"Shop 16, Main Road, Chanderiya Industrial Area, Chittorgarh, Rajasthan","Water-Based Paints & Hardware",253
602,"Shree Didwana Colors & Coatings Agency",Nagaur,"Didwana Road","Trader E Nagaur",+919414001215,"Shop 17, Main Road, Didwana Road, Nagaur, Rajasthan","Water-Based Paints & Hardware",266
603,"Jai Chirawa Hardware & Building Materials",Jhunjhunu,"Chirawa Road","Trader F Jhunjhunu",+919414001217,"Shop 18, Main Road, Chirawa Road, Jhunjhunu, Rajasthan","Water-Based Paints & Hardware",279
604,"New Niwai Wall Protect & Texture Depot",Tonk,"Niwai Industrial Area","Trader G Tonk",+919414001219,"Shop 19, Main Road, Niwai Industrial Area, Tonk, Rajasthan","Water-Based Paints & Hardware",292
605,"Royal Town Trade Associates",Hanumangarh,"Town Main Bazaar","Trader H Hanumangarh",+919414001221,"Shop 20, Main Road, Town Main Bazaar, Hanumangarh, Rajasthan","Water-Based Paints & Hardware",305
606,"Modern Bandikui Paints & Hardware Mart",Dausa,"Bandikui Mandi","Trader I Dausa",+919414001223,"Shop 21, Main Road, Bandikui Mandi, Dausa, Rajasthan","Water-Based Paints & Hardware",318
607,"Star Refinery Paint & Sanitary Store",Barmer,"Refinery Site Corridor","Trader J Barmer",+919414001225,"Shop 22, Main Road, Refinery Site Corridor, Barmer, Rajasthan","Water-Based Paints & Hardware",331
608,"Classic Amer Colors & Coatings Agency",Jaipur,"Amer Road","Trader K Jaipur",+919414001227,"Shop 23, Main Road, Amer Road, Jaipur, Rajasthan","Water-Based Paints & Hardware",344
609,"National Basni Hardware & Building Materials",Jodhpur,"Basni Industrial Area","Trader L Jodhpur",+919414001229,"Shop 24, Main Road, Basni Industrial Area, Jodhpur, Rajasthan","Water-Based Paints & Hardware",357
610,"Ganesh Vigyan Wall Protect & Texture Depot",Kota,"Vigyan Nagar","Trader M Kota",+919414001231,"Shop 25, Main Road, Vigyan Nagar, Kota, Rajasthan","Water-Based Paints & Hardware",370
611,"Maruti Rani Trade Associates",Bikaner,"Rani Bazar Industrial Area","Trader N Bikaner",+919414001233,"Shop 26, Main Road, Rani Bazar Industrial Area, Bikaner, Rajasthan","Water-Based Paints & Hardware",383
612,"Balaji Kutchery Paints & Hardware Mart",Ajmer,"Kutchery Road","Trader O Ajmer",+919414001235,"Shop 27, Main Road, Kutchery Road, Ajmer, Rajasthan","Water-Based Paints & Hardware",396
613,"Kalyan Hiran Paint & Sanitary Store",Udaipur,"Hiran Magri","Trader P Udaipur",+919414001237,"Shop 28, Main Road, Hiran Magri, Udaipur, Rajasthan","Water-Based Paints & Hardware",409
614,"Krishna Sanganer Colors & Coatings Agency",Bhilwara,"Sanganer Road","Trader Q Bhilwara",+919414001239,"Shop 29, Main Road, Sanganer Road, Bhilwara, Rajasthan","Water-Based Paints & Hardware",422
615,"Vikas Bhiwadi Hardware & Building Materials",Alwar,"Bhiwadi Industrial Zone","Trader R Alwar",+919414001241,"Shop 30, Main Road, Bhiwadi Industrial Zone, Alwar, Rajasthan","Water-Based Paints & Hardware",435
616,"Shree Kotwali Wall Protect & Texture Depot",Sikar,"Kotwali Market","Trader S Sikar",+919414001243,"Shop 31, Main Road, Kotwali Market, Sikar, Rajasthan","Water-Based Paints & Hardware",48
617,"Jai Purani Trade Associates",Sri Ganganagar,"Purani Abadi","Trader T Sri Ganganagar",+919414001245,"Shop 32, Main Road, Purani Abadi, Sri Ganganagar, Rajasthan","Water-Based Paints & Hardware",61
618,"New Mathura Paints & Hardware Mart",Bharatpur,"Mathura Road","Trader U Bharatpur",+919414001247,"Shop 33, Main Road, Mathura Road, Bharatpur, Rajasthan","Water-Based Paints & Hardware",74
619,"Royal Sumerpur Paint & Sanitary Store",Pali,"Sumerpur Road","Trader V Pali",+919414001249,"Shop 34, Main Road, Sumerpur Road, Pali, Rajasthan","Water-Based Paints & Hardware",87
620,"Modern Collectorate Colors & Coatings Agency",Chittorgarh,"Collectorate Road","Trader W Chittorgarh",+919414001251,"Shop 35, Main Road, Collectorate Road, Chittorgarh, Rajasthan","Water-Based Paints & Hardware",100
621,"Star Kuchaman Hardware & Building Materials",Nagaur,"Kuchaman City","Trader X Nagaur",+919414001253,"Shop 36, Main Road, Kuchaman City, Nagaur, Rajasthan","Water-Based Paints & Hardware",113
622,"Classic Peeru Wall Protect & Texture Depot",Jhunjhunu,"Peeru Singh Circle","Trader Y Jhunjhunu",+919414001255,"Shop 37, Main Road, Peeru Singh Circle, Jhunjhunu, Rajasthan","Water-Based Paints & Hardware",126
623,"National Malpura Trade Associates",Tonk,"Malpura Road","Trader Z Tonk",+919414001257,"Shop 38, Main Road, Malpura Road, Tonk, Rajasthan","Water-Based Paints & Hardware",139
624,"Ganesh Junction Paints & Hardware Mart",Hanumangarh,"Junction Market","Trader A Hanumangarh",+919414001259,"Shop 39, Main Road, Junction Market, Hanumangarh, Rajasthan","Water-Based Paints & Hardware",152
625,"Maruti Station Paint & Sanitary Store",Dausa,"Station Road","Trader B Dausa",+919414001261,"Shop 40, Main Road, Station Road, Dausa, Rajasthan","Water-Based Paints & Hardware",165
626,"Balaji Sindhari Colors & Coatings Agency",Barmer,"Sindhari Road","Trader C Barmer",+919414001263,"Shop 41, Main Road, Sindhari Road, Barmer, Rajasthan","Water-Based Paints & Hardware",178
627,"Kalyan Chomu Hardware & Building Materials",Jaipur,"Chomu","Trader D Jaipur",+919414001265,"Shop 42, Main Road, Chomu, Jaipur, Rajasthan","Water-Based Paints & Hardware",191
628,"Krishna Ratanada Wall Protect & Texture Depot",Jodhpur,"Ratanada","Trader E Jodhpur",+919414001267,"Shop 43, Main Road, Ratanada, Jodhpur, Rajasthan","Water-Based Paints & Hardware",204
629,"Vikas Mahaveer Trade Associates",Kota,"Mahaveer Nagar","Trader F Kota",+919414001269,"Shop 44, Main Road, Mahaveer Nagar, Kota, Rajasthan","Water-Based Paints & Hardware",217
630,"Shree Kote Paints & Hardware Mart",Bikaner,"Kote Gate","Trader G Bikaner",+919414001271,"Shop 45, Main Road, Kote Gate, Bikaner, Rajasthan","Water-Based Paints & Hardware",230
631,"Jai Madar Paint & Sanitary Store",Ajmer,"Madar Gate","Trader H Ajmer",+919414001273,"Shop 46, Main Road, Madar Gate, Ajmer, Rajasthan","Water-Based Paints & Hardware",243
632,"New Bapu Colors & Coatings Agency",Udaipur,"Bapu Bazar","Trader I Udaipur",+919414001275,"Shop 47, Main Road, Bapu Bazar, Udaipur, Rajasthan","Water-Based Paints & Hardware",256
633,"Royal Pur Hardware & Building Materials",Bhilwara,"Pur Road","Trader J Bhilwara",+919414001277,"Shop 48, Main Road, Pur Road, Bhilwara, Rajasthan","Water-Based Paints & Hardware",269
634,"Modern Neemrana Wall Protect & Texture Depot",Alwar,"Neemrana Japanese Zone","Trader K Alwar",+919414001279,"Shop 49, Main Road, Neemrana Japanese Zone, Alwar, Rajasthan","Water-Based Paints & Hardware",282
635,"Star Salasar Trade Associates",Sikar,"Salasar Bus Stand","Trader L Sikar",+919414001281,"Shop 50, Main Road, Salasar Bus Stand, Sikar, Rajasthan","Water-Based Paints & Hardware",295
636,"Classic Birbal Paints & Hardware Mart",Sri Ganganagar,"Birbal Chowk","Trader M Sri Ganganagar",+919414001283,"Shop 51, Main Road, Birbal Chowk, Sri Ganganagar, Rajasthan","Water-Based Paints & Hardware",308
637,"National Sewar Paint & Sanitary Store",Bharatpur,"Sewar Industrial Area","Trader N Bharatpur",+919414001285,"Shop 52, Main Road, Sewar Industrial Area, Bharatpur, Rajasthan","Water-Based Paints & Hardware",321
638,"Ganesh Somnath Colors & Coatings Agency",Pali,"Somnath Temple Market","Trader O Pali",+919414001287,"Shop 53, Main Road, Somnath Temple Market, Pali, Rajasthan","Water-Based Paints & Hardware",334
639,"Maruti Nimbahera Hardware & Building Materials",Chittorgarh,"Nimbahera Town","Trader P Chittorgarh",+919414001289,"Shop 54, Main Road, Nimbahera Town, Chittorgarh, Rajasthan","Water-Based Paints & Hardware",347
640,"Balaji Merta Wall Protect & Texture Depot",Nagaur,"Merta City","Trader Q Nagaur",+919414001291,"Shop 55, Main Road, Merta City, Nagaur, Rajasthan","Water-Based Paints & Hardware",360
641,"Kalyan Gugali Trade Associates",Jhunjhunu,"Gugali Market","Trader R Jhunjhunu",+919414001293,"Shop 56, Main Road, Gugali Market, Jhunjhunu, Rajasthan","Water-Based Paints & Hardware",373
642,"Krishna Civil Paints & Hardware Mart",Tonk,"Civil Lines","Trader S Tonk",+919414001295,"Shop 57, Main Road, Civil Lines, Tonk, Rajasthan","Water-Based Paints & Hardware",386
643,"Vikas Rawatsar Paint & Sanitary Store",Hanumangarh,"Rawatsar Road","Trader T Hanumangarh",+919414001297,"Shop 58, Main Road, Rawatsar Road, Hanumangarh, Rajasthan","Water-Based Paints & Hardware",399
644,"Shree Lalsot Colors & Coatings Agency",Dausa,"Lalsot Road","Trader U Dausa",+919414001299,"Shop 59, Main Road, Lalsot Road, Dausa, Rajasthan","Water-Based Paints & Hardware",412
645,"Jai Balotra Hardware & Building Materials",Barmer,"Balotra Textile & Hardware Hub","Trader V Barmer",+919414001301,"Shop 60, Main Road, Balotra Textile & Hardware Hub, Barmer, Rajasthan","Water-Based Paints & Hardware",425
646,"New Malviya Wall Protect & Texture Depot",Jaipur,"Malviya Nagar","Trader W Jaipur",+919414001303,"Shop 61, Main Road, Malviya Nagar, Jaipur, Rajasthan","Water-Based Paints & Hardware",438
647,"Royal Mandore Trade Associates",Jodhpur,"Mandore Road","Trader X Jodhpur",+919414001305,"Shop 62, Main Road, Mandore Road, Jodhpur, Rajasthan","Water-Based Paints & Hardware",51
648,"Modern Borkhera Paints & Hardware Mart",Kota,"Borkhera","Trader Y Kota",+919414001307,"Shop 63, Main Road, Borkhera, Kota, Rajasthan","Water-Based Paints & Hardware",64
649,"Star Nokha Paint & Sanitary Store",Bikaner,"Nokha Road","Trader Z Bikaner",+919414001309,"Shop 64, Main Road, Nokha Road, Bikaner, Rajasthan","Water-Based Paints & Hardware",77
650,"Classic Clock Colors & Coatings Agency",Ajmer,"Clock Tower Market","Trader A Ajmer",+919414001311,"Shop 65, Main Road, Clock Tower Market, Ajmer, Rajasthan","Water-Based Paints & Hardware",90
651,"National Mewar Hardware & Building Materials",Udaipur,"Mewar Industrial Area","Trader B Udaipur",+919414001313,"Shop 66, Main Road, Mewar Industrial Area, Udaipur, Rajasthan","Water-Based Paints & Hardware",103
652,"Ganesh Gandhi Wall Protect & Texture Depot",Bhilwara,"Gandhi Nagar","Trader C Bhilwara",+919414001315,"Shop 67, Main Road, Gandhi Nagar, Bhilwara, Rajasthan","Water-Based Paints & Hardware",116
653,"Maruti Tijara Trade Associates",Alwar,"Tijara Road","Trader D Alwar",+919414001317,"Shop 68, Main Road, Tijara Road, Alwar, Rajasthan","Water-Based Paints & Hardware",129
654,"Balaji Station Paints & Hardware Mart",Sikar,"Station Road","Trader E Sikar",+919414001319,"Shop 69, Main Road, Station Road, Sikar, Rajasthan","Water-Based Paints & Hardware",142
655,"Kalyan Suratgarh Paint & Sanitary Store",Sri Ganganagar,"Suratgarh Road","Trader F Sri Ganganagar",+919414001321,"Shop 70, Main Road, Suratgarh Road, Sri Ganganagar, Rajasthan","Water-Based Paints & Hardware",155
656,"Krishna Kumher Colors & Coatings Agency",Bharatpur,"Kumher Gate","Trader G Bharatpur",+919414001323,"Shop 71, Main Road, Kumher Gate, Bharatpur, Rajasthan","Water-Based Paints & Hardware",168
657,"Vikas Suraj Hardware & Building Materials",Pali,"Suraj Pole","Trader H Pali",+919414001325,"Shop 72, Main Road, Suraj Pole, Pali, Rajasthan","Water-Based Paints & Hardware",181
658,"Shree Fort Wall Protect & Texture Depot",Chittorgarh,"Fort Road","Trader I Chittorgarh",+919414001327,"Shop 73, Main Road, Fort Road, Chittorgarh, Rajasthan","Water-Based Paints & Hardware",194
659,"Jai Gandhi Trade Associates",Nagaur,"Gandhi Chowk","Trader J Nagaur",+919414001329,"Shop 74, Main Road, Gandhi Chowk, Nagaur, Rajasthan","Water-Based Paints & Hardware",207
660,"New Mandawa Paints & Hardware Mart",Jhunjhunu,"Mandawa Road","Trader K Jhunjhunu",+919414001331,"Shop 75, Main Road, Mandawa Road, Jhunjhunu, Rajasthan","Water-Based Paints & Hardware",220
661,"Royal Subhash Paint & Sanitary Store",Tonk,"Subhash Chowk","Trader L Tonk",+919414001333,"Shop 76, Main Road, Subhash Chowk, Tonk, Rajasthan","Water-Based Paints & Hardware",233
662,"Modern Industrial Colors & Coatings Agency",Hanumangarh,"Industrial Area","Trader M Hanumangarh",+919414001335,"Shop 77, Main Road, Industrial Area, Hanumangarh, Rajasthan","Water-Based Paints & Hardware",246
663,"Star Agra Hardware & Building Materials",Dausa,"Agra Road","Trader N Dausa",+919414001337,"Shop 78, Main Road, Agra Road, Dausa, Rajasthan","Water-Based Paints & Hardware",259
664,"Classic Station Wall Protect & Texture Depot",Barmer,"Station Road","Trader O Barmer",+919414001339,"Shop 79, Main Road, Station Road, Barmer, Rajasthan","Water-Based Paints & Hardware",272
665,"National Transport Trade Associates",Jaipur,"Transport Nagar","Trader P Jaipur",+919414001341,"Shop 80, Main Road, Transport Nagar, Jaipur, Rajasthan","Water-Based Paints & Hardware",285
666,"Ganesh Pal Paints & Hardware Mart",Jodhpur,"Pal Road","Trader Q Jodhpur",+919414001343,"Shop 81, Main Road, Pal Road, Jodhpur, Rajasthan","Water-Based Paints & Hardware",298
667,"Maruti Indraprastha Paint & Sanitary Store",Kota,"Indraprastha Industrial Area","Trader R Kota",+919414001345,"Shop 82, Main Road, Indraprastha Industrial Area, Kota, Rajasthan","Water-Based Paints & Hardware",311
668,"Balaji Sadul Colors & Coatings Agency",Bikaner,"Sadul Colony","Trader S Bikaner",+919414001347,"Shop 83, Main Road, Sadul Colony, Bikaner, Rajasthan","Water-Based Paints & Hardware",324
669,"Kalyan Parbatpura Hardware & Building Materials",Ajmer,"Parbatpura Industrial Area","Trader T Ajmer",+919414001349,"Shop 84, Main Road, Parbatpura Industrial Area, Ajmer, Rajasthan","Water-Based Paints & Hardware",337
670,"Krishna Udaisagar Wall Protect & Texture Depot",Udaipur,"Udaisagar Road","Trader U Udaipur",+919414001351,"Shop 85, Main Road, Udaisagar Road, Udaipur, Rajasthan","Water-Based Paints & Hardware",350
671,"Vikas RIICO Trade Associates",Bhilwara,"RIICO Industrial Area","Trader V Bhilwara",+919414001353,"Shop 86, Main Road, RIICO Industrial Area, Bhilwara, Rajasthan","Water-Based Paints & Hardware",363
672,"Shree MIA Paints & Hardware Mart",Alwar,"MIA Industrial Area","Trader W Alwar",+919414001355,"Shop 87, Main Road, MIA Industrial Area, Alwar, Rajasthan","Water-Based Paints & Hardware",376
673,"Jai Bajoria Paint & Sanitary Store",Sikar,"Bajoria Road","Trader X Sikar",+919414001357,"Shop 88, Main Road, Bajoria Road, Sikar, Rajasthan","Water-Based Paints & Hardware",389
674,"New Padampur Colors & Coatings Agency",Sri Ganganagar,"Padampur Road","Trader Y Sri Ganganagar",+919414001359,"Shop 89, Main Road, Padampur Road, Sri Ganganagar, Rajasthan","Water-Based Paints & Hardware",402
675,"Royal Anah Hardware & Building Materials",Bharatpur,"Anah Gate","Trader Z Bharatpur",+919414001361,"Shop 90, Main Road, Anah Gate, Bharatpur, Rajasthan","Water-Based Paints & Hardware",415
676,"Modern Mandia Wall Protect & Texture Depot",Pali,"Mandia Road Industrial Area","Trader A Pali",+919414001363,"Shop 91, Main Road, Mandia Road Industrial Area, Pali, Rajasthan","Water-Based Paints & Hardware",428
677,"Star Chanderiya Trade Associates",Chittorgarh,"Chanderiya Industrial Area","Trader B Chittorgarh",+919414001365,"Shop 92, Main Road, Chanderiya Industrial Area, Chittorgarh, Rajasthan","Water-Based Paints & Hardware",41
678,"Classic Makrana Paints & Hardware Mart",Nagaur,"Makrana Marble Zone","Trader C Nagaur",+919414001367,"Shop 93, Main Road, Makrana Marble Zone, Nagaur, Rajasthan","Water-Based Paints & Hardware",54
679,"National Khetri Paint & Sanitary Store",Jhunjhunu,"Khetri Nagar","Trader D Jhunjhunu",+919414001369,"Shop 94, Main Road, Khetri Nagar, Jhunjhunu, Rajasthan","Water-Based Paints & Hardware",67
680,"Ganesh Niwai Colors & Coatings Agency",Tonk,"Niwai Industrial Area","Trader E Tonk",+919414001371,"Shop 95, Main Road, Niwai Industrial Area, Tonk, Rajasthan","Water-Based Paints & Hardware",80
681,"Maruti Town Hardware & Building Materials",Hanumangarh,"Town Main Bazaar","Trader F Hanumangarh",+919414001373,"Shop 96, Main Road, Town Main Bazaar, Hanumangarh, Rajasthan","Water-Based Paints & Hardware",93
682,"Balaji Bandikui Wall Protect & Texture Depot",Dausa,"Bandikui Mandi","Trader G Dausa",+919414001375,"Shop 97, Main Road, Bandikui Mandi, Dausa, Rajasthan","Water-Based Paints & Hardware",106
683,"Kalyan Refinery Trade Associates",Barmer,"Refinery Site Corridor","Trader H Barmer",+919414001377,"Shop 98, Main Road, Refinery Site Corridor, Barmer, Rajasthan","Water-Based Paints & Hardware",119
684,"Krishna Vaishali Paints & Hardware Mart",Jaipur,"Vaishali Nagar","Trader I Jaipur",+919414001379,"Shop 99, Main Road, Vaishali Nagar, Jaipur, Rajasthan","Water-Based Paints & Hardware",132
685,"Vikas Shastri Paint & Sanitary Store",Jodhpur,"Shastri Nagar","Trader J Jodhpur",+919414001381,"Shop 100, Main Road, Shastri Nagar, Jodhpur, Rajasthan","Water-Based Paints & Hardware",145
686,"Shree Gumanpura Colors & Coatings Agency",Kota,"Gumanpura","Trader K Kota",+919414001383,"Shop 101, Main Road, Gumanpura, Kota, Rajasthan","Water-Based Paints & Hardware",158
687,"Jai Bichhwal Hardware & Building Materials",Bikaner,"Bichhwal Industrial Area","Trader L Bikaner",+919414001385,"Shop 102, Main Road, Bichhwal Industrial Area, Bikaner, Rajasthan","Water-Based Paints & Hardware",171
688,"New Kishangarh Wall Protect & Texture Depot",Ajmer,"Kishangarh Marble Mandi","Trader M Ajmer",+919414001387,"Shop 103, Main Road, Kishangarh Marble Mandi, Ajmer, Rajasthan","Water-Based Paints & Hardware",184
689,"Royal Fatehpura Trade Associates",Udaipur,"Fatehpura","Trader N Udaipur",+919414001389,"Shop 104, Main Road, Fatehpura, Udaipur, Rajasthan","Water-Based Paints & Hardware",197
690,"Modern Bhopalganj Paints & Hardware Mart",Bhilwara,"Bhopalganj","Trader O Bhilwara",+919414001391,"Shop 105, Main Road, Bhopalganj, Bhilwara, Rajasthan","Water-Based Paints & Hardware",210
691,"Star Manu Paint & Sanitary Store",Alwar,"Manu Marg","Trader P Alwar",+919414001393,"Shop 106, Main Road, Manu Marg, Alwar, Rajasthan","Water-Based Paints & Hardware",223
692,"Classic Fatehpur Colors & Coatings Agency",Sikar,"Fatehpur Road","Trader Q Sikar",+919414001395,"Shop 107, Main Road, Fatehpur Road, Sikar, Rajasthan","Water-Based Paints & Hardware",236
693,"National Gola Hardware & Building Materials",Sri Ganganagar,"Gola Market","Trader R Sri Ganganagar",+919414001397,"Shop 108, Main Road, Gola Market, Sri Ganganagar, Rajasthan","Water-Based Paints & Hardware",249
694,"Ganesh Circular Wall Protect & Texture Depot",Bharatpur,"Circular Road","Trader S Bharatpur",+919414001399,"Shop 109, Main Road, Circular Road, Bharatpur, Rajasthan","Water-Based Paints & Hardware",262
695,"Maruti Sumerpur Trade Associates",Pali,"Sumerpur Road","Trader T Pali",+919414001401,"Shop 110, Main Road, Sumerpur Road, Pali, Rajasthan","Water-Based Paints & Hardware",275
696,"Balaji Collectorate Paints & Hardware Mart",Chittorgarh,"Collectorate Road","Trader U Chittorgarh",+919414001403,"Shop 111, Main Road, Collectorate Road, Chittorgarh, Rajasthan","Water-Based Paints & Hardware",288
697,"Kalyan Didwana Paint & Sanitary Store",Nagaur,"Didwana Road","Trader V Nagaur",+919414001405,"Shop 112, Main Road, Didwana Road, Nagaur, Rajasthan","Water-Based Paints & Hardware",301
698,"Krishna Chirawa Colors & Coatings Agency",Jhunjhunu,"Chirawa Road","Trader W Jhunjhunu",+919414001407,"Shop 113, Main Road, Chirawa Road, Jhunjhunu, Rajasthan","Water-Based Paints & Hardware",314
699,"Vikas Malpura Hardware & Building Materials",Tonk,"Malpura Road","Trader X Tonk",+919414001409,"Shop 114, Main Road, Malpura Road, Tonk, Rajasthan","Water-Based Paints & Hardware",327
700,"Shree Junction Wall Protect & Texture Depot",Hanumangarh,"Junction Market","Trader Y Hanumangarh",+919414001411,"Shop 115, Main Road, Junction Market, Hanumangarh, Rajasthan","Water-Based Paints & Hardware",340
701,"Jai Station Trade Associates",Dausa,"Station Road","Trader Z Dausa",+919414001413,"Shop 116, Main Road, Station Road, Dausa, Rajasthan","Water-Based Paints & Hardware",353
702,"New Sindhari Paints & Hardware Mart",Barmer,"Sindhari Road","Trader A Barmer",+919414001415,"Shop 117, Main Road, Sindhari Road, Barmer, Rajasthan","Water-Based Paints & Hardware",366
703,"Royal Jhotwara Paint & Sanitary Store",Jaipur,"Jhotwara","Trader B Jaipur",+919414001417,"Shop 118, Main Road, Jhotwara, Jaipur, Rajasthan","Water-Based Paints & Hardware",379
704,"Modern Boranada Colors & Coatings Agency",Jodhpur,"Boranada SEZ","Trader C Jodhpur",+919414001419,"Shop 119, Main Road, Boranada SEZ, Jodhpur, Rajasthan","Water-Based Paints & Hardware",392
705,"Star DCM Hardware & Building Materials",Kota,"DCM Road","Trader D Kota",+919414001421,"Shop 120, Main Road, DCM Road, Kota, Rajasthan","Water-Based Paints & Hardware",405
706,"Classic Rani Wall Protect & Texture Depot",Bikaner,"Rani Bazar Industrial Area","Trader E Bikaner",+919414001423,"Shop 121, Main Road, Rani Bazar Industrial Area, Bikaner, Rajasthan","Water-Based Paints & Hardware",418
707,"National Beawar Trade Associates",Ajmer,"Beawar City","Trader F Ajmer",+919414001425,"Shop 122, Main Road, Beawar City, Ajmer, Rajasthan","Water-Based Paints & Hardware",431
708,"Ganesh Sukher Paints & Hardware Mart",Udaipur,"Sukher Industrial Area","Trader G Udaipur",+919414001427,"Shop 123, Main Road, Sukher Industrial Area, Udaipur, Rajasthan","Water-Based Paints & Hardware",44
709,"Maruti Sanganer Paint & Sanitary Store",Bhilwara,"Sanganer Road","Trader H Bhilwara",+919414001429,"Shop 124, Main Road, Sanganer Road, Bhilwara, Rajasthan","Water-Based Paints & Hardware",57
710,"Balaji Company Colors & Coatings Agency",Alwar,"Company Bagh","Trader I Alwar",+919414001431,"Shop 125, Main Road, Company Bagh, Alwar, Rajasthan","Water-Based Paints & Hardware",70
711,"Kalyan Piprali Hardware & Building Materials",Sikar,"Piprali Road","Trader J Sikar",+919414001433,"Shop 126, Main Road, Piprali Road, Sikar, Rajasthan","Water-Based Paints & Hardware",83
712,"Krishna Purani Wall Protect & Texture Depot",Sri Ganganagar,"Purani Abadi","Trader K Sri Ganganagar",+919414001435,"Shop 127, Main Road, Purani Abadi, Sri Ganganagar, Rajasthan","Water-Based Paints & Hardware",96
713,"Vikas Mathura Trade Associates",Bharatpur,"Mathura Road","Trader L Bharatpur",+919414001437,"Shop 128, Main Road, Mathura Road, Bharatpur, Rajasthan","Water-Based Paints & Hardware",109
714,"Shree Somnath Paints & Hardware Mart",Pali,"Somnath Temple Market","Trader M Pali",+919414001439,"Shop 129, Main Road, Somnath Temple Market, Pali, Rajasthan","Water-Based Paints & Hardware",122
715,"Jai Nimbahera Paint & Sanitary Store",Chittorgarh,"Nimbahera Town","Trader N Chittorgarh",+919414001441,"Shop 130, Main Road, Nimbahera Town, Chittorgarh, Rajasthan","Water-Based Paints & Hardware",135
716,"New Kuchaman Colors & Coatings Agency",Nagaur,"Kuchaman City","Trader O Nagaur",+919414001443,"Shop 131, Main Road, Kuchaman City, Nagaur, Rajasthan","Water-Based Paints & Hardware",148
717,"Royal Peeru Hardware & Building Materials",Jhunjhunu,"Peeru Singh Circle","Trader P Jhunjhunu",+919414001445,"Shop 132, Main Road, Peeru Singh Circle, Jhunjhunu, Rajasthan","Water-Based Paints & Hardware",161
718,"Modern Civil Wall Protect & Texture Depot",Tonk,"Civil Lines","Trader Q Tonk",+919414001447,"Shop 133, Main Road, Civil Lines, Tonk, Rajasthan","Water-Based Paints & Hardware",174
719,"Star Rawatsar Trade Associates",Hanumangarh,"Rawatsar Road","Trader R Hanumangarh",+919414001449,"Shop 134, Main Road, Rawatsar Road, Hanumangarh, Rajasthan","Water-Based Paints & Hardware",187
720,"Classic Lalsot Paints & Hardware Mart",Dausa,"Lalsot Road","Trader S Dausa",+919414001451,"Shop 135, Main Road, Lalsot Road, Dausa, Rajasthan","Water-Based Paints & Hardware",200
721,"National Balotra Paint & Sanitary Store",Barmer,"Balotra Textile & Hardware Hub","Trader T Barmer",+919414001453,"Shop 136, Main Road, Balotra Textile & Hardware Hub, Barmer, Rajasthan","Water-Based Paints & Hardware",213
722,"Ganesh Sanganer Colors & Coatings Agency",Jaipur,"Sanganer Town","Trader U Jaipur",+919414001455,"Shop 137, Main Road, Sanganer Town, Jaipur, Rajasthan","Water-Based Paints & Hardware",226
723,"Maruti Sardarpura Hardware & Building Materials",Jodhpur,"Sardarpura","Trader V Jodhpur",+919414001457,"Shop 138, Main Road, Sardarpura, Jodhpur, Rajasthan","Water-Based Paints & Hardware",239
724,"Balaji Rampura Wall Protect & Texture Depot",Kota,"Rampura","Trader W Kota",+919414001459,"Shop 139, Main Road, Rampura, Kota, Rajasthan","Water-Based Paints & Hardware",252
725,"Kalyan Kote Trade Associates",Bikaner,"Kote Gate","Trader X Bikaner",+919414001461,"Shop 140, Main Road, Kote Gate, Bikaner, Rajasthan","Water-Based Paints & Hardware",265
726,"Krishna Kutchery Paints & Hardware Mart",Ajmer,"Kutchery Road","Trader Y Ajmer",+919414001463,"Shop 141, Main Road, Kutchery Road, Ajmer, Rajasthan","Water-Based Paints & Hardware",278
727,"Vikas Hiran Paint & Sanitary Store",Udaipur,"Hiran Magri","Trader Z Udaipur",+919414001465,"Shop 142, Main Road, Hiran Magri, Udaipur, Rajasthan","Water-Based Paints & Hardware",291
728,"Shree Pur Colors & Coatings Agency",Bhilwara,"Pur Road","Trader A Bhilwara",+919414001467,"Shop 143, Main Road, Pur Road, Bhilwara, Rajasthan","Water-Based Paints & Hardware",304
729,"Jai Bhiwadi Hardware & Building Materials",Alwar,"Bhiwadi Industrial Zone","Trader B Alwar",+919414001469,"Shop 144, Main Road, Bhiwadi Industrial Zone, Alwar, Rajasthan","Water-Based Paints & Hardware",317
730,"New Kotwali Wall Protect & Texture Depot",Sikar,"Kotwali Market","Trader C Sikar",+919414001471,"Shop 145, Main Road, Kotwali Market, Sikar, Rajasthan","Water-Based Paints & Hardware",330
731,"Royal Birbal Trade Associates",Sri Ganganagar,"Birbal Chowk","Trader D Sri Ganganagar",+919414001473,"Shop 146, Main Road, Birbal Chowk, Sri Ganganagar, Rajasthan","Water-Based Paints & Hardware",343
732,"Modern Sewar Paints & Hardware Mart",Bharatpur,"Sewar Industrial Area","Trader E Bharatpur",+919414001475,"Shop 147, Main Road, Sewar Industrial Area, Bharatpur, Rajasthan","Water-Based Paints & Hardware",356
733,"Star Suraj Paint & Sanitary Store",Pali,"Suraj Pole","Trader F Pali",+919414001477,"Shop 148, Main Road, Suraj Pole, Pali, Rajasthan","Water-Based Paints & Hardware",369
734,"Classic Fort Colors & Coatings Agency",Chittorgarh,"Fort Road","Trader G Chittorgarh",+919414001479,"Shop 149, Main Road, Fort Road, Chittorgarh, Rajasthan","Water-Based Paints & Hardware",382
735,"National Merta Hardware & Building Materials",Nagaur,"Merta City","Trader H Nagaur",+919414001481,"Shop 150, Main Road, Merta City, Nagaur, Rajasthan","Water-Based Paints & Hardware",395
736,"Ganesh Gugali Wall Protect & Texture Depot",Jhunjhunu,"Gugali Market","Trader I Jhunjhunu",+919414001483,"Shop 151, Main Road, Gugali Market, Jhunjhunu, Rajasthan","Water-Based Paints & Hardware",408
737,"Maruti Subhash Trade Associates",Tonk,"Subhash Chowk","Trader J Tonk",+919414001485,"Shop 152, Main Road, Subhash Chowk, Tonk, Rajasthan","Water-Based Paints & Hardware",421
738,"Balaji Industrial Paints & Hardware Mart",Hanumangarh,"Industrial Area","Trader K Hanumangarh",+919414001487,"Shop 153, Main Road, Industrial Area, Hanumangarh, Rajasthan","Water-Based Paints & Hardware",434
739,"Kalyan Agra Paint & Sanitary Store",Dausa,"Agra Road","Trader L Dausa",+919414001489,"Shop 154, Main Road, Agra Road, Dausa, Rajasthan","Water-Based Paints & Hardware",47
740,"Krishna Station Colors & Coatings Agency",Barmer,"Station Road","Trader M Barmer",+919414001491,"Shop 155, Main Road, Station Road, Barmer, Rajasthan","Water-Based Paints & Hardware",60
741,"Vikas VKI Hardware & Building Materials",Jaipur,"VKI Industrial Area","Trader N Jaipur",+919414001493,"Shop 156, Main Road, VKI Industrial Area, Jaipur, Rajasthan","Water-Based Paints & Hardware",73
742,"Shree Basni Wall Protect & Texture Depot",Jodhpur,"Basni Industrial Area","Trader O Jodhpur",+919414001495,"Shop 157, Main Road, Basni Industrial Area, Jodhpur, Rajasthan","Water-Based Paints & Hardware",86
743,"Jai Vigyan Trade Associates",Kota,"Vigyan Nagar","Trader P Kota",+919414001497,"Shop 158, Main Road, Vigyan Nagar, Kota, Rajasthan","Water-Based Paints & Hardware",99
744,"New Nokha Paints & Hardware Mart",Bikaner,"Nokha Road","Trader Q Bikaner",+919414001499,"Shop 159, Main Road, Nokha Road, Bikaner, Rajasthan","Water-Based Paints & Hardware",112
745,"Royal Madar Paint & Sanitary Store",Ajmer,"Madar Gate","Trader R Ajmer",+919414001501,"Shop 160, Main Road, Madar Gate, Ajmer, Rajasthan","Water-Based Paints & Hardware",125
746,"Modern Bapu Colors & Coatings Agency",Udaipur,"Bapu Bazar","Trader S Udaipur",+919414001503,"Shop 161, Main Road, Bapu Bazar, Udaipur, Rajasthan","Water-Based Paints & Hardware",138
747,"Star Gandhi Hardware & Building Materials",Bhilwara,"Gandhi Nagar","Trader T Bhilwara",+919414001505,"Shop 162, Main Road, Gandhi Nagar, Bhilwara, Rajasthan","Water-Based Paints & Hardware",151
748,"Classic Neemrana Wall Protect & Texture Depot",Alwar,"Neemrana Japanese Zone","Trader U Alwar",+919414001507,"Shop 163, Main Road, Neemrana Japanese Zone, Alwar, Rajasthan","Water-Based Paints & Hardware",164
749,"National Salasar Trade Associates",Sikar,"Salasar Bus Stand","Trader V Sikar",+919414001509,"Shop 164, Main Road, Salasar Bus Stand, Sikar, Rajasthan","Water-Based Paints & Hardware",177
750,"Ganesh Suratgarh Paints & Hardware Mart",Sri Ganganagar,"Suratgarh Road","Trader W Sri Ganganagar",+919414001511,"Shop 165, Main Road, Suratgarh Road, Sri Ganganagar, Rajasthan","Water-Based Paints & Hardware",190
751,"Maruti Kumher Paint & Sanitary Store",Bharatpur,"Kumher Gate","Trader X Bharatpur",+919414001513,"Shop 166, Main Road, Kumher Gate, Bharatpur, Rajasthan","Water-Based Paints & Hardware",203
752,"Balaji Mandia Colors & Coatings Agency",Pali,"Mandia Road Industrial Area","Trader Y Pali",+919414001515,"Shop 167, Main Road, Mandia Road Industrial Area, Pali, Rajasthan","Water-Based Paints & Hardware",216
753,"Kalyan Chanderiya Hardware & Building Materials",Chittorgarh,"Chanderiya Industrial Area","Trader Z Chittorgarh",+919414001517,"Shop 168, Main Road, Chanderiya Industrial Area, Chittorgarh, Rajasthan","Water-Based Paints & Hardware",229
754,"Krishna Gandhi Wall Protect & Texture Depot",Nagaur,"Gandhi Chowk","Trader A Nagaur",+919414001519,"Shop 169, Main Road, Gandhi Chowk, Nagaur, Rajasthan","Water-Based Paints & Hardware",242
755,"Vikas Mandawa Trade Associates",Jhunjhunu,"Mandawa Road","Trader B Jhunjhunu",+919414001521,"Shop 170, Main Road, Mandawa Road, Jhunjhunu, Rajasthan","Water-Based Paints & Hardware",255
756,"Shree Niwai Paints & Hardware Mart",Tonk,"Niwai Industrial Area","Trader C Tonk",+919414001523,"Shop 171, Main Road, Niwai Industrial Area, Tonk, Rajasthan","Water-Based Paints & Hardware",268
757,"Jai Town Paint & Sanitary Store",Hanumangarh,"Town Main Bazaar","Trader D Hanumangarh",+919414001525,"Shop 172, Main Road, Town Main Bazaar, Hanumangarh, Rajasthan","Water-Based Paints & Hardware",281
758,"New Bandikui Colors & Coatings Agency",Dausa,"Bandikui Mandi","Trader E Dausa",+919414001527,"Shop 173, Main Road, Bandikui Mandi, Dausa, Rajasthan","Water-Based Paints & Hardware",294
759,"Royal Refinery Hardware & Building Materials",Barmer,"Refinery Site Corridor","Trader F Barmer",+919414001529,"Shop 174, Main Road, Refinery Site Corridor, Barmer, Rajasthan","Water-Based Paints & Hardware",307
760,"Modern Mansarovar Wall Protect & Texture Depot",Jaipur,"Mansarovar","Trader G Jaipur",+919414001531,"Shop 175, Main Road, Mansarovar, Jaipur, Rajasthan","Water-Based Paints & Hardware",320
761,"Star Ratanada Trade Associates",Jodhpur,"Ratanada","Trader H Jodhpur",+919414001533,"Shop 176, Main Road, Ratanada, Jodhpur, Rajasthan","Water-Based Paints & Hardware",333
762,"Classic Mahaveer Paints & Hardware Mart",Kota,"Mahaveer Nagar","Trader I Kota",+919414001535,"Shop 177, Main Road, Mahaveer Nagar, Kota, Rajasthan","Water-Based Paints & Hardware",346
763,"National Sadul Paint & Sanitary Store",Bikaner,"Sadul Colony","Trader J Bikaner",+919414001537,"Shop 178, Main Road, Sadul Colony, Bikaner, Rajasthan","Water-Based Paints & Hardware",359
764,"Ganesh Clock Colors & Coatings Agency",Ajmer,"Clock Tower Market","Trader K Ajmer",+919414001539,"Shop 179, Main Road, Clock Tower Market, Ajmer, Rajasthan","Water-Based Paints & Hardware",372
765,"Maruti Mewar Hardware & Building Materials",Udaipur,"Mewar Industrial Area","Trader L Udaipur",+919414001541,"Shop 180, Main Road, Mewar Industrial Area, Udaipur, Rajasthan","Water-Based Paints & Hardware",385
766,"Balaji RIICO Wall Protect & Texture Depot",Bhilwara,"RIICO Industrial Area","Trader M Bhilwara",+919414001543,"Shop 181, Main Road, RIICO Industrial Area, Bhilwara, Rajasthan","Water-Based Paints & Hardware",398
767,"Kalyan Tijara Trade Associates",Alwar,"Tijara Road","Trader N Alwar",+919414001545,"Shop 182, Main Road, Tijara Road, Alwar, Rajasthan","Water-Based Paints & Hardware",411
768,"Krishna Station Paints & Hardware Mart",Sikar,"Station Road","Trader O Sikar",+919414001547,"Shop 183, Main Road, Station Road, Sikar, Rajasthan","Water-Based Paints & Hardware",424
769,"Vikas Padampur Paint & Sanitary Store",Sri Ganganagar,"Padampur Road","Trader P Sri Ganganagar",+919414001549,"Shop 184, Main Road, Padampur Road, Sri Ganganagar, Rajasthan","Water-Based Paints & Hardware",437
770,"Shree Anah Colors & Coatings Agency",Bharatpur,"Anah Gate","Trader Q Bharatpur",+919414001551,"Shop 185, Main Road, Anah Gate, Bharatpur, Rajasthan","Water-Based Paints & Hardware",50
771,"Jai Sumerpur Hardware & Building Materials",Pali,"Sumerpur Road","Trader R Pali",+919414001553,"Shop 186, Main Road, Sumerpur Road, Pali, Rajasthan","Water-Based Paints & Hardware",63
772,"New Collectorate Wall Protect & Texture Depot",Chittorgarh,"Collectorate Road","Trader S Chittorgarh",+919414001555,"Shop 187, Main Road, Collectorate Road, Chittorgarh, Rajasthan","Water-Based Paints & Hardware",76
773,"Royal Makrana Trade Associates",Nagaur,"Makrana Marble Zone","Trader T Nagaur",+919414001557,"Shop 188, Main Road, Makrana Marble Zone, Nagaur, Rajasthan","Water-Based Paints & Hardware",89
774,"Modern Khetri Paints & Hardware Mart",Jhunjhunu,"Khetri Nagar","Trader U Jhunjhunu",+919414001559,"Shop 189, Main Road, Khetri Nagar, Jhunjhunu, Rajasthan","Water-Based Paints & Hardware",102
775,"Star Malpura Paint & Sanitary Store",Tonk,"Malpura Road","Trader V Tonk",+919414001561,"Shop 190, Main Road, Malpura Road, Tonk, Rajasthan","Water-Based Paints & Hardware",115
776,"Classic Junction Colors & Coatings Agency",Hanumangarh,"Junction Market","Trader W Hanumangarh",+919414001563,"Shop 191, Main Road, Junction Market, Hanumangarh, Rajasthan","Water-Based Paints & Hardware",128
777,"National Station Hardware & Building Materials",Dausa,"Station Road","Trader X Dausa",+919414001565,"Shop 192, Main Road, Station Road, Dausa, Rajasthan","Water-Based Paints & Hardware",141
778,"Ganesh Sindhari Wall Protect & Texture Depot",Barmer,"Sindhari Road","Trader Y Barmer",+919414001567,"Shop 193, Main Road, Sindhari Road, Barmer, Rajasthan","Water-Based Paints & Hardware",154
779,"Maruti Tonk Trade Associates",Jaipur,"Tonk Road","Trader Z Jaipur",+919414001569,"Shop 194, Main Road, Tonk Road, Jaipur, Rajasthan","Water-Based Paints & Hardware",167
780,"Balaji Mandore Paints & Hardware Mart",Jodhpur,"Mandore Road","Trader A Jodhpur",+919414001571,"Shop 195, Main Road, Mandore Road, Jodhpur, Rajasthan","Water-Based Paints & Hardware",180
781,"Kalyan Borkhera Paint & Sanitary Store",Kota,"Borkhera","Trader B Kota",+919414001573,"Shop 196, Main Road, Borkhera, Kota, Rajasthan","Water-Based Paints & Hardware",193
782,"Krishna Bichhwal Colors & Coatings Agency",Bikaner,"Bichhwal Industrial Area","Trader C Bikaner",+919414001575,"Shop 197, Main Road, Bichhwal Industrial Area, Bikaner, Rajasthan","Water-Based Paints & Hardware",206
783,"Vikas Parbatpura Hardware & Building Materials",Ajmer,"Parbatpura Industrial Area","Trader D Ajmer",+919414001577,"Shop 198, Main Road, Parbatpura Industrial Area, Ajmer, Rajasthan","Water-Based Paints & Hardware",219
784,"Shree Udaisagar Wall Protect & Texture Depot",Udaipur,"Udaisagar Road","Trader E Udaipur",+919414001579,"Shop 199, Main Road, Udaisagar Road, Udaipur, Rajasthan","Water-Based Paints & Hardware",232
785,"Jai Bhopalganj Trade Associates",Bhilwara,"Bhopalganj","Trader F Bhilwara",+919414001581,"Shop 200, Main Road, Bhopalganj, Bhilwara, Rajasthan","Water-Based Paints & Hardware",245
786,"New MIA Paints & Hardware Mart",Alwar,"MIA Industrial Area","Trader G Alwar",+919414001583,"Shop 201, Main Road, MIA Industrial Area, Alwar, Rajasthan","Water-Based Paints & Hardware",258
787,"Royal Bajoria Paint & Sanitary Store",Sikar,"Bajoria Road","Trader H Sikar",+919414001585,"Shop 202, Main Road, Bajoria Road, Sikar, Rajasthan","Water-Based Paints & Hardware",271
788,"Modern Gola Colors & Coatings Agency",Sri Ganganagar,"Gola Market","Trader I Sri Ganganagar",+919414001587,"Shop 203, Main Road, Gola Market, Sri Ganganagar, Rajasthan","Water-Based Paints & Hardware",284
789,"Star Circular Hardware & Building Materials",Bharatpur,"Circular Road","Trader J Bharatpur",+919414001589,"Shop 204, Main Road, Circular Road, Bharatpur, Rajasthan","Water-Based Paints & Hardware",297
790,"Classic Somnath Wall Protect & Texture Depot",Pali,"Somnath Temple Market","Trader K Pali",+919414001591,"Shop 205, Main Road, Somnath Temple Market, Pali, Rajasthan","Water-Based Paints & Hardware",310
791,"National Nimbahera Trade Associates",Chittorgarh,"Nimbahera Town","Trader L Chittorgarh",+919414001593,"Shop 206, Main Road, Nimbahera Town, Chittorgarh, Rajasthan","Water-Based Paints & Hardware",323
792,"Ganesh Didwana Paints & Hardware Mart",Nagaur,"Didwana Road","Trader M Nagaur",+919414001595,"Shop 207, Main Road, Didwana Road, Nagaur, Rajasthan","Water-Based Paints & Hardware",336
793,"Maruti Chirawa Paint & Sanitary Store",Jhunjhunu,"Chirawa Road","Trader N Jhunjhunu",+919414001597,"Shop 208, Main Road, Chirawa Road, Jhunjhunu, Rajasthan","Water-Based Paints & Hardware",349
794,"Balaji Civil Colors & Coatings Agency",Tonk,"Civil Lines","Trader O Tonk",+919414001599,"Shop 209, Main Road, Civil Lines, Tonk, Rajasthan","Water-Based Paints & Hardware",362
795,"Kalyan Rawatsar Hardware & Building Materials",Hanumangarh,"Rawatsar Road","Trader P Hanumangarh",+919414001601,"Shop 210, Main Road, Rawatsar Road, Hanumangarh, Rajasthan","Water-Based Paints & Hardware",375
796,"Krishna Lalsot Wall Protect & Texture Depot",Dausa,"Lalsot Road","Trader Q Dausa",+919414001603,"Shop 211, Main Road, Lalsot Road, Dausa, Rajasthan","Water-Based Paints & Hardware",388
797,"Vikas Balotra Trade Associates",Barmer,"Balotra Textile & Hardware Hub","Trader R Barmer",+919414001605,"Shop 212, Main Road, Balotra Textile & Hardware Hub, Barmer, Rajasthan","Water-Based Paints & Hardware",401
798,"Shree Amer Paints & Hardware Mart",Jaipur,"Amer Road","Trader S Jaipur",+919414001607,"Shop 213, Main Road, Amer Road, Jaipur, Rajasthan","Water-Based Paints & Hardware",414
799,"Jai Pal Paint & Sanitary Store",Jodhpur,"Pal Road","Trader T Jodhpur",+919414001609,"Shop 214, Main Road, Pal Road, Jodhpur, Rajasthan","Water-Based Paints & Hardware",427
800,"New Indraprastha Colors & Coatings Agency",Kota,"Indraprastha Industrial Area","Trader U Kota",+919414001611,"Shop 15, Main Road, Indraprastha Industrial Area, Kota, Rajasthan","Water-Based Paints & Hardware",40
801,"Royal Rani Hardware & Building Materials",Bikaner,"Rani Bazar Industrial Area","Trader V Bikaner",+919414001613,"Shop 16, Main Road, Rani Bazar Industrial Area, Bikaner, Rajasthan","Water-Based Paints & Hardware",53
802,"Modern Kishangarh Wall Protect & Texture Depot",Ajmer,"Kishangarh Marble Mandi","Trader W Ajmer",+919414001615,"Shop 17, Main Road, Kishangarh Marble Mandi, Ajmer, Rajasthan","Water-Based Paints & Hardware",66
803,"Star Fatehpura Trade Associates",Udaipur,"Fatehpura","Trader X Udaipur",+919414001617,"Shop 18, Main Road, Fatehpura, Udaipur, Rajasthan","Water-Based Paints & Hardware",79
804,"Classic Sanganer Paints & Hardware Mart",Bhilwara,"Sanganer Road","Trader Y Bhilwara",+919414001619,"Shop 19, Main Road, Sanganer Road, Bhilwara, Rajasthan","Water-Based Paints & Hardware",92
805,"National Manu Paint & Sanitary Store",Alwar,"Manu Marg","Trader Z Alwar",+919414001621,"Shop 20, Main Road, Manu Marg, Alwar, Rajasthan","Water-Based Paints & Hardware",105
806,"Ganesh Fatehpur Colors & Coatings Agency",Sikar,"Fatehpur Road","Trader A Sikar",+919414001623,"Shop 21, Main Road, Fatehpur Road, Sikar, Rajasthan","Water-Based Paints & Hardware",118
807,"Maruti Purani Hardware & Building Materials",Sri Ganganagar,"Purani Abadi","Trader B Sri Ganganagar",+919414001625,"Shop 22, Main Road, Purani Abadi, Sri Ganganagar, Rajasthan","Water-Based Paints & Hardware",131
808,"Balaji Mathura Wall Protect & Texture Depot",Bharatpur,"Mathura Road","Trader C Bharatpur",+919414001627,"Shop 23, Main Road, Mathura Road, Bharatpur, Rajasthan","Water-Based Paints & Hardware",144
809,"Kalyan Suraj Trade Associates",Pali,"Suraj Pole","Trader D Pali",+919414001629,"Shop 24, Main Road, Suraj Pole, Pali, Rajasthan","Water-Based Paints & Hardware",157
810,"Krishna Fort Paints & Hardware Mart",Chittorgarh,"Fort Road","Trader E Chittorgarh",+919414001631,"Shop 25, Main Road, Fort Road, Chittorgarh, Rajasthan","Water-Based Paints & Hardware",170
811,"Vikas Kuchaman Paint & Sanitary Store",Nagaur,"Kuchaman City","Trader F Nagaur",+919414001633,"Shop 26, Main Road, Kuchaman City, Nagaur, Rajasthan","Water-Based Paints & Hardware",183
812,"Shree Peeru Colors & Coatings Agency",Jhunjhunu,"Peeru Singh Circle","Trader G Jhunjhunu",+919414001635,"Shop 27, Main Road, Peeru Singh Circle, Jhunjhunu, Rajasthan","Water-Based Paints & Hardware",196
813,"Jai Subhash Hardware & Building Materials",Tonk,"Subhash Chowk","Trader H Tonk",+919414001637,"Shop 28, Main Road, Subhash Chowk, Tonk, Rajasthan","Water-Based Paints & Hardware",209
814,"New Industrial Wall Protect & Texture Depot",Hanumangarh,"Industrial Area","Trader I Hanumangarh",+919414001639,"Shop 29, Main Road, Industrial Area, Hanumangarh, Rajasthan","Water-Based Paints & Hardware",222
815,"Royal Agra Trade Associates",Dausa,"Agra Road","Trader J Dausa",+919414001641,"Shop 30, Main Road, Agra Road, Dausa, Rajasthan","Water-Based Paints & Hardware",235
816,"Modern Station Paints & Hardware Mart",Barmer,"Station Road","Trader K Barmer",+919414001643,"Shop 31, Main Road, Station Road, Barmer, Rajasthan","Water-Based Paints & Hardware",248
817,"Star Chomu Paint & Sanitary Store",Jaipur,"Chomu","Trader L Jaipur",+919414001645,"Shop 32, Main Road, Chomu, Jaipur, Rajasthan","Water-Based Paints & Hardware",261
818,"Classic Shastri Colors & Coatings Agency",Jodhpur,"Shastri Nagar","Trader M Jodhpur",+919414001647,"Shop 33, Main Road, Shastri Nagar, Jodhpur, Rajasthan","Water-Based Paints & Hardware",274
819,"National Gumanpura Hardware & Building Materials",Kota,"Gumanpura","Trader N Kota",+919414001649,"Shop 34, Main Road, Gumanpura, Kota, Rajasthan","Water-Based Paints & Hardware",287
820,"Ganesh Kote Wall Protect & Texture Depot",Bikaner,"Kote Gate","Trader O Bikaner",+919414001651,"Shop 35, Main Road, Kote Gate, Bikaner, Rajasthan","Water-Based Paints & Hardware",300
821,"Maruti Beawar Trade Associates",Ajmer,"Beawar City","Trader P Ajmer",+919414001653,"Shop 36, Main Road, Beawar City, Ajmer, Rajasthan","Water-Based Paints & Hardware",313
822,"Balaji Sukher Paints & Hardware Mart",Udaipur,"Sukher Industrial Area","Trader Q Udaipur",+919414001655,"Shop 37, Main Road, Sukher Industrial Area, Udaipur, Rajasthan","Water-Based Paints & Hardware",326
823,"Kalyan Pur Paint & Sanitary Store",Bhilwara,"Pur Road","Trader R Bhilwara",+919414001657,"Shop 38, Main Road, Pur Road, Bhilwara, Rajasthan","Water-Based Paints & Hardware",339
824,"Krishna Company Colors & Coatings Agency",Alwar,"Company Bagh","Trader S Alwar",+919414001659,"Shop 39, Main Road, Company Bagh, Alwar, Rajasthan","Water-Based Paints & Hardware",352
825,"Vikas Piprali Hardware & Building Materials",Sikar,"Piprali Road","Trader T Sikar",+919414001661,"Shop 40, Main Road, Piprali Road, Sikar, Rajasthan","Water-Based Paints & Hardware",365
826,"Shree Birbal Wall Protect & Texture Depot",Sri Ganganagar,"Birbal Chowk","Trader U Sri Ganganagar",+919414001663,"Shop 41, Main Road, Birbal Chowk, Sri Ganganagar, Rajasthan","Water-Based Paints & Hardware",378
827,"Jai Sewar Trade Associates",Bharatpur,"Sewar Industrial Area","Trader V Bharatpur",+919414001665,"Shop 42, Main Road, Sewar Industrial Area, Bharatpur, Rajasthan","Water-Based Paints & Hardware",391
828,"New Mandia Paints & Hardware Mart",Pali,"Mandia Road Industrial Area","Trader W Pali",+919414001667,"Shop 43, Main Road, Mandia Road Industrial Area, Pali, Rajasthan","Water-Based Paints & Hardware",404
829,"Royal Chanderiya Paint & Sanitary Store",Chittorgarh,"Chanderiya Industrial Area","Trader X Chittorgarh",+919414001669,"Shop 44, Main Road, Chanderiya Industrial Area, Chittorgarh, Rajasthan","Water-Based Paints & Hardware",417
830,"Modern Merta Colors & Coatings Agency",Nagaur,"Merta City","Trader Y Nagaur",+919414001671,"Shop 45, Main Road, Merta City, Nagaur, Rajasthan","Water-Based Paints & Hardware",430
831,"Star Gugali Hardware & Building Materials",Jhunjhunu,"Gugali Market","Trader Z Jhunjhunu",+919414001673,"Shop 46, Main Road, Gugali Market, Jhunjhunu, Rajasthan","Water-Based Paints & Hardware",43
832,"Classic Niwai Wall Protect & Texture Depot",Tonk,"Niwai Industrial Area","Trader A Tonk",+919414001675,"Shop 47, Main Road, Niwai Industrial Area, Tonk, Rajasthan","Water-Based Paints & Hardware",56
833,"National Town Trade Associates",Hanumangarh,"Town Main Bazaar","Trader B Hanumangarh",+919414001677,"Shop 48, Main Road, Town Main Bazaar, Hanumangarh, Rajasthan","Water-Based Paints & Hardware",69
834,"Ganesh Bandikui Paints & Hardware Mart",Dausa,"Bandikui Mandi","Trader C Dausa",+919414001679,"Shop 49, Main Road, Bandikui Mandi, Dausa, Rajasthan","Water-Based Paints & Hardware",82
835,"Maruti Refinery Paint & Sanitary Store",Barmer,"Refinery Site Corridor","Trader D Barmer",+919414001681,"Shop 50, Main Road, Refinery Site Corridor, Barmer, Rajasthan","Water-Based Paints & Hardware",95
836,"Balaji Malviya Colors & Coatings Agency",Jaipur,"Malviya Nagar","Trader E Jaipur",+919414001683,"Shop 51, Main Road, Malviya Nagar, Jaipur, Rajasthan","Water-Based Paints & Hardware",108
837,"Kalyan Boranada Hardware & Building Materials",Jodhpur,"Boranada SEZ","Trader F Jodhpur",+919414001685,"Shop 52, Main Road, Boranada SEZ, Jodhpur, Rajasthan","Water-Based Paints & Hardware",121
838,"Krishna DCM Wall Protect & Texture Depot",Kota,"DCM Road","Trader G Kota",+919414001687,"Shop 53, Main Road, DCM Road, Kota, Rajasthan","Water-Based Paints & Hardware",134
839,"Vikas Nokha Trade Associates",Bikaner,"Nokha Road","Trader H Bikaner",+919414001689,"Shop 54, Main Road, Nokha Road, Bikaner, Rajasthan","Water-Based Paints & Hardware",147
840,"Shree Kutchery Paints & Hardware Mart",Ajmer,"Kutchery Road","Trader I Ajmer",+919414001691,"Shop 55, Main Road, Kutchery Road, Ajmer, Rajasthan","Water-Based Paints & Hardware",160
841,"Jai Hiran Paint & Sanitary Store",Udaipur,"Hiran Magri","Trader J Udaipur",+919414001693,"Shop 56, Main Road, Hiran Magri, Udaipur, Rajasthan","Water-Based Paints & Hardware",173
842,"New Gandhi Colors & Coatings Agency",Bhilwara,"Gandhi Nagar","Trader K Bhilwara",+919414001695,"Shop 57, Main Road, Gandhi Nagar, Bhilwara, Rajasthan","Water-Based Paints & Hardware",186
843,"Royal Bhiwadi Hardware & Building Materials",Alwar,"Bhiwadi Industrial Zone","Trader L Alwar",+919414001697,"Shop 58, Main Road, Bhiwadi Industrial Zone, Alwar, Rajasthan","Water-Based Paints & Hardware",199
844,"Modern Kotwali Wall Protect & Texture Depot",Sikar,"Kotwali Market","Trader M Sikar",+919414001699,"Shop 59, Main Road, Kotwali Market, Sikar, Rajasthan","Water-Based Paints & Hardware",212
845,"Star Suratgarh Trade Associates",Sri Ganganagar,"Suratgarh Road","Trader N Sri Ganganagar",+919414001701,"Shop 60, Main Road, Suratgarh Road, Sri Ganganagar, Rajasthan","Water-Based Paints & Hardware",225
846,"Classic Kumher Paints & Hardware Mart",Bharatpur,"Kumher Gate","Trader O Bharatpur",+919414001703,"Shop 61, Main Road, Kumher Gate, Bharatpur, Rajasthan","Water-Based Paints & Hardware",238
847,"National Sumerpur Paint & Sanitary Store",Pali,"Sumerpur Road","Trader P Pali",+919414001705,"Shop 62, Main Road, Sumerpur Road, Pali, Rajasthan","Water-Based Paints & Hardware",251
848,"Ganesh Collectorate Colors & Coatings Agency",Chittorgarh,"Collectorate Road","Trader Q Chittorgarh",+919414001707,"Shop 63, Main Road, Collectorate Road, Chittorgarh, Rajasthan","Water-Based Paints & Hardware",264
849,"Maruti Gandhi Hardware & Building Materials",Nagaur,"Gandhi Chowk","Trader R Nagaur",+919414001709,"Shop 64, Main Road, Gandhi Chowk, Nagaur, Rajasthan","Water-Based Paints & Hardware",277
850,"Balaji Mandawa Wall Protect & Texture Depot",Jhunjhunu,"Mandawa Road","Trader S Jhunjhunu",+919414001711,"Shop 65, Main Road, Mandawa Road, Jhunjhunu, Rajasthan","Water-Based Paints & Hardware",290
851,"Kalyan Malpura Trade Associates",Tonk,"Malpura Road","Trader T Tonk",+919414001713,"Shop 66, Main Road, Malpura Road, Tonk, Rajasthan","Water-Based Paints & Hardware",303
852,"Krishna Junction Paints & Hardware Mart",Hanumangarh,"Junction Market","Trader U Hanumangarh",+919414001715,"Shop 67, Main Road, Junction Market, Hanumangarh, Rajasthan","Water-Based Paints & Hardware",316
853,"Vikas Station Paint & Sanitary Store",Dausa,"Station Road","Trader V Dausa",+919414001717,"Shop 68, Main Road, Station Road, Dausa, Rajasthan","Water-Based Paints & Hardware",329
854,"Shree Sindhari Colors & Coatings Agency",Barmer,"Sindhari Road","Trader W Barmer",+919414001719,"Shop 69, Main Road, Sindhari Road, Barmer, Rajasthan","Water-Based Paints & Hardware",342
855,"Jai Transport Hardware & Building Materials",Jaipur,"Transport Nagar","Trader X Jaipur",+919414001721,"Shop 70, Main Road, Transport Nagar, Jaipur, Rajasthan","Water-Based Paints & Hardware",355
856,"New Sardarpura Wall Protect & Texture Depot",Jodhpur,"Sardarpura","Trader Y Jodhpur",+919414001723,"Shop 71, Main Road, Sardarpura, Jodhpur, Rajasthan","Water-Based Paints & Hardware",368
857,"Royal Rampura Trade Associates",Kota,"Rampura","Trader Z Kota",+919414001725,"Shop 72, Main Road, Rampura, Kota, Rajasthan","Water-Based Paints & Hardware",381
858,"Modern Sadul Paints & Hardware Mart",Bikaner,"Sadul Colony","Trader A Bikaner",+919414001727,"Shop 73, Main Road, Sadul Colony, Bikaner, Rajasthan","Water-Based Paints & Hardware",394
859,"Star Madar Paint & Sanitary Store",Ajmer,"Madar Gate","Trader B Ajmer",+919414001729,"Shop 74, Main Road, Madar Gate, Ajmer, Rajasthan","Water-Based Paints & Hardware",407
860,"Classic Bapu Colors & Coatings Agency",Udaipur,"Bapu Bazar","Trader C Udaipur",+919414001731,"Shop 75, Main Road, Bapu Bazar, Udaipur, Rajasthan","Water-Based Paints & Hardware",420
861,"National RIICO Hardware & Building Materials",Bhilwara,"RIICO Industrial Area","Trader D Bhilwara",+919414001733,"Shop 76, Main Road, RIICO Industrial Area, Bhilwara, Rajasthan","Water-Based Paints & Hardware",433
862,"Ganesh Neemrana Wall Protect & Texture Depot",Alwar,"Neemrana Japanese Zone","Trader E Alwar",+919414001735,"Shop 77, Main Road, Neemrana Japanese Zone, Alwar, Rajasthan","Water-Based Paints & Hardware",46
863,"Maruti Salasar Trade Associates",Sikar,"Salasar Bus Stand","Trader F Sikar",+919414001737,"Shop 78, Main Road, Salasar Bus Stand, Sikar, Rajasthan","Water-Based Paints & Hardware",59
864,"Balaji Padampur Paints & Hardware Mart",Sri Ganganagar,"Padampur Road","Trader G Sri Ganganagar",+919414001739,"Shop 79, Main Road, Padampur Road, Sri Ganganagar, Rajasthan","Water-Based Paints & Hardware",72
865,"Kalyan Anah Paint & Sanitary Store",Bharatpur,"Anah Gate","Trader H Bharatpur",+919414001741,"Shop 80, Main Road, Anah Gate, Bharatpur, Rajasthan","Water-Based Paints & Hardware",85
866,"Krishna Somnath Colors & Coatings Agency",Pali,"Somnath Temple Market","Trader I Pali",+919414001743,"Shop 81, Main Road, Somnath Temple Market, Pali, Rajasthan","Water-Based Paints & Hardware",98
867,"Vikas Nimbahera Hardware & Building Materials",Chittorgarh,"Nimbahera Town","Trader J Chittorgarh",+919414001745,"Shop 82, Main Road, Nimbahera Town, Chittorgarh, Rajasthan","Water-Based Paints & Hardware",111
868,"Shree Makrana Wall Protect & Texture Depot",Nagaur,"Makrana Marble Zone","Trader K Nagaur",+919414001747,"Shop 83, Main Road, Makrana Marble Zone, Nagaur, Rajasthan","Water-Based Paints & Hardware",124
869,"Jai Khetri Trade Associates",Jhunjhunu,"Khetri Nagar","Trader L Jhunjhunu",+919414001749,"Shop 84, Main Road, Khetri Nagar, Jhunjhunu, Rajasthan","Water-Based Paints & Hardware",137
870,"New Civil Paints & Hardware Mart",Tonk,"Civil Lines","Trader M Tonk",+919414001751,"Shop 85, Main Road, Civil Lines, Tonk, Rajasthan","Water-Based Paints & Hardware",150
871,"Royal Rawatsar Paint & Sanitary Store",Hanumangarh,"Rawatsar Road","Trader N Hanumangarh",+919414001753,"Shop 86, Main Road, Rawatsar Road, Hanumangarh, Rajasthan","Water-Based Paints & Hardware",163
872,"Modern Lalsot Colors & Coatings Agency",Dausa,"Lalsot Road","Trader O Dausa",+919414001755,"Shop 87, Main Road, Lalsot Road, Dausa, Rajasthan","Water-Based Paints & Hardware",176
873,"Star Balotra Hardware & Building Materials",Barmer,"Balotra Textile & Hardware Hub","Trader P Barmer",+919414001757,"Shop 88, Main Road, Balotra Textile & Hardware Hub, Barmer, Rajasthan","Water-Based Paints & Hardware",189
874,"Classic Vaishali Wall Protect & Texture Depot",Jaipur,"Vaishali Nagar","Trader Q Jaipur",+919414001759,"Shop 89, Main Road, Vaishali Nagar, Jaipur, Rajasthan","Water-Based Paints & Hardware",202
875,"National Basni Trade Associates",Jodhpur,"Basni Industrial Area","Trader R Jodhpur",+919414001761,"Shop 90, Main Road, Basni Industrial Area, Jodhpur, Rajasthan","Water-Based Paints & Hardware",215
876,"Ganesh Vigyan Paints & Hardware Mart",Kota,"Vigyan Nagar","Trader S Kota",+919414001763,"Shop 91, Main Road, Vigyan Nagar, Kota, Rajasthan","Water-Based Paints & Hardware",228
877,"Maruti Bichhwal Paint & Sanitary Store",Bikaner,"Bichhwal Industrial Area","Trader T Bikaner",+919414001765,"Shop 92, Main Road, Bichhwal Industrial Area, Bikaner, Rajasthan","Water-Based Paints & Hardware",241
878,"Balaji Clock Colors & Coatings Agency",Ajmer,"Clock Tower Market","Trader U Ajmer",+919414001767,"Shop 93, Main Road, Clock Tower Market, Ajmer, Rajasthan","Water-Based Paints & Hardware",254
879,"Kalyan Mewar Hardware & Building Materials",Udaipur,"Mewar Industrial Area","Trader V Udaipur",+919414001769,"Shop 94, Main Road, Mewar Industrial Area, Udaipur, Rajasthan","Water-Based Paints & Hardware",267
880,"Krishna Bhopalganj Wall Protect & Texture Depot",Bhilwara,"Bhopalganj","Trader W Bhilwara",+919414001771,"Shop 95, Main Road, Bhopalganj, Bhilwara, Rajasthan","Water-Based Paints & Hardware",280
881,"Vikas Tijara Trade Associates",Alwar,"Tijara Road","Trader X Alwar",+919414001773,"Shop 96, Main Road, Tijara Road, Alwar, Rajasthan","Water-Based Paints & Hardware",293
882,"Shree Station Paints & Hardware Mart",Sikar,"Station Road","Trader Y Sikar",+919414001775,"Shop 97, Main Road, Station Road, Sikar, Rajasthan","Water-Based Paints & Hardware",306
883,"Jai Gola Paint & Sanitary Store",Sri Ganganagar,"Gola Market","Trader Z Sri Ganganagar",+919414001777,"Shop 98, Main Road, Gola Market, Sri Ganganagar, Rajasthan","Water-Based Paints & Hardware",319
884,"New Circular Colors & Coatings Agency",Bharatpur,"Circular Road","Trader A Bharatpur",+919414001779,"Shop 99, Main Road, Circular Road, Bharatpur, Rajasthan","Water-Based Paints & Hardware",332
885,"Royal Suraj Hardware & Building Materials",Pali,"Suraj Pole","Trader B Pali",+919414001781,"Shop 100, Main Road, Suraj Pole, Pali, Rajasthan","Water-Based Paints & Hardware",345
886,"Modern Fort Wall Protect & Texture Depot",Chittorgarh,"Fort Road","Trader C Chittorgarh",+919414001783,"Shop 101, Main Road, Fort Road, Chittorgarh, Rajasthan","Water-Based Paints & Hardware",358
887,"Star Didwana Trade Associates",Nagaur,"Didwana Road","Trader D Nagaur",+919414001785,"Shop 102, Main Road, Didwana Road, Nagaur, Rajasthan","Water-Based Paints & Hardware",371
888,"Classic Chirawa Paints & Hardware Mart",Jhunjhunu,"Chirawa Road","Trader E Jhunjhunu",+919414001787,"Shop 103, Main Road, Chirawa Road, Jhunjhunu, Rajasthan","Water-Based Paints & Hardware",384
889,"National Subhash Paint & Sanitary Store",Tonk,"Subhash Chowk","Trader F Tonk",+919414001789,"Shop 104, Main Road, Subhash Chowk, Tonk, Rajasthan","Water-Based Paints & Hardware",397
890,"Ganesh Industrial Colors & Coatings Agency",Hanumangarh,"Industrial Area","Trader G Hanumangarh",+919414001791,"Shop 105, Main Road, Industrial Area, Hanumangarh, Rajasthan","Water-Based Paints & Hardware",410
891,"Maruti Agra Hardware & Building Materials",Dausa,"Agra Road","Trader H Dausa",+919414001793,"Shop 106, Main Road, Agra Road, Dausa, Rajasthan","Water-Based Paints & Hardware",423
892,"Balaji Station Wall Protect & Texture Depot",Barmer,"Station Road","Trader I Barmer",+919414001795,"Shop 107, Main Road, Station Road, Barmer, Rajasthan","Water-Based Paints & Hardware",436
893,"Kalyan Jhotwara Trade Associates",Jaipur,"Jhotwara","Trader J Jaipur",+919414001797,"Shop 108, Main Road, Jhotwara, Jaipur, Rajasthan","Water-Based Paints & Hardware",49
894,"Krishna Ratanada Paints & Hardware Mart",Jodhpur,"Ratanada","Trader K Jodhpur",+919414001799,"Shop 109, Main Road, Ratanada, Jodhpur, Rajasthan","Water-Based Paints & Hardware",62
895,"Vikas Mahaveer Paint & Sanitary Store",Kota,"Mahaveer Nagar","Trader L Kota",+919414001801,"Shop 110, Main Road, Mahaveer Nagar, Kota, Rajasthan","Water-Based Paints & Hardware",75
896,"Shree Rani Colors & Coatings Agency",Bikaner,"Rani Bazar Industrial Area","Trader M Bikaner",+919414001803,"Shop 111, Main Road, Rani Bazar Industrial Area, Bikaner, Rajasthan","Water-Based Paints & Hardware",88
897,"Jai Parbatpura Hardware & Building Materials",Ajmer,"Parbatpura Industrial Area","Trader N Ajmer",+919414001805,"Shop 112, Main Road, Parbatpura Industrial Area, Ajmer, Rajasthan","Water-Based Paints & Hardware",101
898,"New Udaisagar Wall Protect & Texture Depot",Udaipur,"Udaisagar Road","Trader O Udaipur",+919414001807,"Shop 113, Main Road, Udaisagar Road, Udaipur, Rajasthan","Water-Based Paints & Hardware",114
899,"Royal Sanganer Trade Associates",Bhilwara,"Sanganer Road","Trader P Bhilwara",+919414001809,"Shop 114, Main Road, Sanganer Road, Bhilwara, Rajasthan","Water-Based Paints & Hardware",127
900,"Modern MIA Paints & Hardware Mart",Alwar,"MIA Industrial Area","Trader Q Alwar",+919414001811,"Shop 115, Main Road, MIA Industrial Area, Alwar, Rajasthan","Water-Based Paints & Hardware",140
901,"Star Bajoria Paint & Sanitary Store",Sikar,"Bajoria Road","Trader R Sikar",+919414001813,"Shop 116, Main Road, Bajoria Road, Sikar, Rajasthan","Water-Based Paints & Hardware",153
902,"Classic Purani Colors & Coatings Agency",Sri Ganganagar,"Purani Abadi","Trader S Sri Ganganagar",+919414001815,"Shop 117, Main Road, Purani Abadi, Sri Ganganagar, Rajasthan","Water-Based Paints & Hardware",166
903,"National Mathura Hardware & Building Materials",Bharatpur,"Mathura Road","Trader T Bharatpur",+919414001817,"Shop 118, Main Road, Mathura Road, Bharatpur, Rajasthan","Water-Based Paints & Hardware",179
904,"Ganesh Mandia Wall Protect & Texture Depot",Pali,"Mandia Road Industrial Area","Trader U Pali",+919414001819,"Shop 119, Main Road, Mandia Road Industrial Area, Pali, Rajasthan","Water-Based Paints & Hardware",192
905,"Maruti Chanderiya Trade Associates",Chittorgarh,"Chanderiya Industrial Area","Trader V Chittorgarh",+919414001821,"Shop 120, Main Road, Chanderiya Industrial Area, Chittorgarh, Rajasthan","Water-Based Paints & Hardware",205
906,"Balaji Kuchaman Paints & Hardware Mart",Nagaur,"Kuchaman City","Trader W Nagaur",+919414001823,"Shop 121, Main Road, Kuchaman City, Nagaur, Rajasthan","Water-Based Paints & Hardware",218
907,"Kalyan Peeru Paint & Sanitary Store",Jhunjhunu,"Peeru Singh Circle","Trader X Jhunjhunu",+919414001825,"Shop 122, Main Road, Peeru Singh Circle, Jhunjhunu, Rajasthan","Water-Based Paints & Hardware",231
908,"Krishna Niwai Colors & Coatings Agency",Tonk,"Niwai Industrial Area","Trader Y Tonk",+919414001827,"Shop 123, Main Road, Niwai Industrial Area, Tonk, Rajasthan","Water-Based Paints & Hardware",244
909,"Vikas Town Hardware & Building Materials",Hanumangarh,"Town Main Bazaar","Trader Z Hanumangarh",+919414001829,"Shop 124, Main Road, Town Main Bazaar, Hanumangarh, Rajasthan","Water-Based Paints & Hardware",257
910,"Shree Bandikui Wall Protect & Texture Depot",Dausa,"Bandikui Mandi","Trader A Dausa",+919414001831,"Shop 125, Main Road, Bandikui Mandi, Dausa, Rajasthan","Water-Based Paints & Hardware",270
911,"Jai Refinery Trade Associates",Barmer,"Refinery Site Corridor","Trader B Barmer",+919414001833,"Shop 126, Main Road, Refinery Site Corridor, Barmer, Rajasthan","Water-Based Paints & Hardware",283
912,"New Sanganer Paints & Hardware Mart",Jaipur,"Sanganer Town","Trader C Jaipur",+919414001835,"Shop 127, Main Road, Sanganer Town, Jaipur, Rajasthan","Water-Based Paints & Hardware",296
913,"Royal Mandore Paint & Sanitary Store",Jodhpur,"Mandore Road","Trader D Jodhpur",+919414001837,"Shop 128, Main Road, Mandore Road, Jodhpur, Rajasthan","Water-Based Paints & Hardware",309
914,"Modern Borkhera Colors & Coatings Agency",Kota,"Borkhera","Trader E Kota",+919414001839,"Shop 129, Main Road, Borkhera, Kota, Rajasthan","Water-Based Paints & Hardware",322
915,"Star Kote Hardware & Building Materials",Bikaner,"Kote Gate","Trader F Bikaner",+919414001841,"Shop 130, Main Road, Kote Gate, Bikaner, Rajasthan","Water-Based Paints & Hardware",335
916,"Classic Kishangarh Wall Protect & Texture Depot",Ajmer,"Kishangarh Marble Mandi","Trader G Ajmer",+919414001843,"Shop 131, Main Road, Kishangarh Marble Mandi, Ajmer, Rajasthan","Water-Based Paints & Hardware",348
917,"National Fatehpura Trade Associates",Udaipur,"Fatehpura","Trader H Udaipur",+919414001845,"Shop 132, Main Road, Fatehpura, Udaipur, Rajasthan","Water-Based Paints & Hardware",361
918,"Ganesh Pur Paints & Hardware Mart",Bhilwara,"Pur Road","Trader I Bhilwara",+919414001847,"Shop 133, Main Road, Pur Road, Bhilwara, Rajasthan","Water-Based Paints & Hardware",374
919,"Maruti Manu Paint & Sanitary Store",Alwar,"Manu Marg","Trader J Alwar",+919414001849,"Shop 134, Main Road, Manu Marg, Alwar, Rajasthan","Water-Based Paints & Hardware",387
920,"Balaji Fatehpur Colors & Coatings Agency",Sikar,"Fatehpur Road","Trader K Sikar",+919414001851,"Shop 135, Main Road, Fatehpur Road, Sikar, Rajasthan","Water-Based Paints & Hardware",400
921,"Kalyan Birbal Hardware & Building Materials",Sri Ganganagar,"Birbal Chowk","Trader L Sri Ganganagar",+919414001853,"Shop 136, Main Road, Birbal Chowk, Sri Ganganagar, Rajasthan","Water-Based Paints & Hardware",413
922,"Krishna Sewar Wall Protect & Texture Depot",Bharatpur,"Sewar Industrial Area","Trader M Bharatpur",+919414001855,"Shop 137, Main Road, Sewar Industrial Area, Bharatpur, Rajasthan","Water-Based Paints & Hardware",426
923,"Vikas Sumerpur Trade Associates",Pali,"Sumerpur Road","Trader N Pali",+919414001857,"Shop 138, Main Road, Sumerpur Road, Pali, Rajasthan","Water-Based Paints & Hardware",439
924,"Shree Collectorate Paints & Hardware Mart",Chittorgarh,"Collectorate Road","Trader O Chittorgarh",+919414001859,"Shop 139, Main Road, Collectorate Road, Chittorgarh, Rajasthan","Water-Based Paints & Hardware",52
925,"Jai Merta Paint & Sanitary Store",Nagaur,"Merta City","Trader P Nagaur",+919414001861,"Shop 140, Main Road, Merta City, Nagaur, Rajasthan","Water-Based Paints & Hardware",65
926,"New Gugali Colors & Coatings Agency",Jhunjhunu,"Gugali Market","Trader Q Jhunjhunu",+919414001863,"Shop 141, Main Road, Gugali Market, Jhunjhunu, Rajasthan","Water-Based Paints & Hardware",78
927,"Royal Malpura Hardware & Building Materials",Tonk,"Malpura Road","Trader R Tonk",+919414001865,"Shop 142, Main Road, Malpura Road, Tonk, Rajasthan","Water-Based Paints & Hardware",91
928,"Modern Junction Wall Protect & Texture Depot",Hanumangarh,"Junction Market","Trader S Hanumangarh",+919414001867,"Shop 143, Main Road, Junction Market, Hanumangarh, Rajasthan","Water-Based Paints & Hardware",104
929,"Star Station Trade Associates",Dausa,"Station Road","Trader T Dausa",+919414001869,"Shop 144, Main Road, Station Road, Dausa, Rajasthan","Water-Based Paints & Hardware",117
930,"Classic Sindhari Paints & Hardware Mart",Barmer,"Sindhari Road","Trader U Barmer",+919414001871,"Shop 145, Main Road, Sindhari Road, Barmer, Rajasthan","Water-Based Paints & Hardware",130
931,"National VKI Paint & Sanitary Store",Jaipur,"VKI Industrial Area","Trader V Jaipur",+919414001873,"Shop 146, Main Road, VKI Industrial Area, Jaipur, Rajasthan","Water-Based Paints & Hardware",143
932,"Ganesh Pal Colors & Coatings Agency",Jodhpur,"Pal Road","Trader W Jodhpur",+919414001875,"Shop 147, Main Road, Pal Road, Jodhpur, Rajasthan","Water-Based Paints & Hardware",156
933,"Maruti Indraprastha Hardware & Building Materials",Kota,"Indraprastha Industrial Area","Trader X Kota",+919414001877,"Shop 148, Main Road, Indraprastha Industrial Area, Kota, Rajasthan","Water-Based Paints & Hardware",169
934,"Balaji Nokha Wall Protect & Texture Depot",Bikaner,"Nokha Road","Trader Y Bikaner",+919414001879,"Shop 149, Main Road, Nokha Road, Bikaner, Rajasthan","Water-Based Paints & Hardware",182
935,"Kalyan Beawar Trade Associates",Ajmer,"Beawar City","Trader Z Ajmer",+919414001881,"Shop 150, Main Road, Beawar City, Ajmer, Rajasthan","Water-Based Paints & Hardware",195
936,"Krishna Sukher Paints & Hardware Mart",Udaipur,"Sukher Industrial Area","Trader A Udaipur",+919414001883,"Shop 151, Main Road, Sukher Industrial Area, Udaipur, Rajasthan","Water-Based Paints & Hardware",208
937,"Vikas Gandhi Paint & Sanitary Store",Bhilwara,"Gandhi Nagar","Trader B Bhilwara",+919414001885,"Shop 152, Main Road, Gandhi Nagar, Bhilwara, Rajasthan","Water-Based Paints & Hardware",221
938,"Shree Company Colors & Coatings Agency",Alwar,"Company Bagh","Trader C Alwar",+919414001887,"Shop 153, Main Road, Company Bagh, Alwar, Rajasthan","Water-Based Paints & Hardware",234
939,"Jai Piprali Hardware & Building Materials",Sikar,"Piprali Road","Trader D Sikar",+919414001889,"Shop 154, Main Road, Piprali Road, Sikar, Rajasthan","Water-Based Paints & Hardware",247
940,"New Suratgarh Wall Protect & Texture Depot",Sri Ganganagar,"Suratgarh Road","Trader E Sri Ganganagar",+919414001891,"Shop 155, Main Road, Suratgarh Road, Sri Ganganagar, Rajasthan","Water-Based Paints & Hardware",260
941,"Royal Kumher Trade Associates",Bharatpur,"Kumher Gate","Trader F Bharatpur",+919414001893,"Shop 156, Main Road, Kumher Gate, Bharatpur, Rajasthan","Water-Based Paints & Hardware",273
942,"Modern Somnath Paints & Hardware Mart",Pali,"Somnath Temple Market","Trader G Pali",+919414001895,"Shop 157, Main Road, Somnath Temple Market, Pali, Rajasthan","Water-Based Paints & Hardware",286
943,"Star Nimbahera Paint & Sanitary Store",Chittorgarh,"Nimbahera Town","Trader H Chittorgarh",+919414001897,"Shop 158, Main Road, Nimbahera Town, Chittorgarh, Rajasthan","Water-Based Paints & Hardware",299
944,"Classic Gandhi Colors & Coatings Agency",Nagaur,"Gandhi Chowk","Trader I Nagaur",+919414001899,"Shop 159, Main Road, Gandhi Chowk, Nagaur, Rajasthan","Water-Based Paints & Hardware",312
945,"National Mandawa Hardware & Building Materials",Jhunjhunu,"Mandawa Road","Trader J Jhunjhunu",+919414001901,"Shop 160, Main Road, Mandawa Road, Jhunjhunu, Rajasthan","Water-Based Paints & Hardware",325
946,"Ganesh Civil Wall Protect & Texture Depot",Tonk,"Civil Lines","Trader K Tonk",+919414001903,"Shop 161, Main Road, Civil Lines, Tonk, Rajasthan","Water-Based Paints & Hardware",338
947,"Maruti Rawatsar Trade Associates",Hanumangarh,"Rawatsar Road","Trader L Hanumangarh",+919414001905,"Shop 162, Main Road, Rawatsar Road, Hanumangarh, Rajasthan","Water-Based Paints & Hardware",351
948,"Balaji Lalsot Paints & Hardware Mart",Dausa,"Lalsot Road","Trader M Dausa",+919414001907,"Shop 163, Main Road, Lalsot Road, Dausa, Rajasthan","Water-Based Paints & Hardware",364
949,"Kalyan Balotra Paint & Sanitary Store",Barmer,"Balotra Textile & Hardware Hub","Trader N Barmer",+919414001909,"Shop 164, Main Road, Balotra Textile & Hardware Hub, Barmer, Rajasthan","Water-Based Paints & Hardware",377
950,"Krishna Mansarovar Colors & Coatings Agency",Jaipur,"Mansarovar","Trader O Jaipur",+919414001911,"Shop 165, Main Road, Mansarovar, Jaipur, Rajasthan","Water-Based Paints & Hardware",390
951,"Vikas Shastri Hardware & Building Materials",Jodhpur,"Shastri Nagar","Trader P Jodhpur",+919414001913,"Shop 166, Main Road, Shastri Nagar, Jodhpur, Rajasthan","Water-Based Paints & Hardware",403
952,"Shree Gumanpura Wall Protect & Texture Depot",Kota,"Gumanpura","Trader Q Kota",+919414001915,"Shop 167, Main Road, Gumanpura, Kota, Rajasthan","Water-Based Paints & Hardware",416
953,"Jai Sadul Trade Associates",Bikaner,"Sadul Colony","Trader R Bikaner",+919414001917,"Shop 168, Main Road, Sadul Colony, Bikaner, Rajasthan","Water-Based Paints & Hardware",429
954,"New Kutchery Paints & Hardware Mart",Ajmer,"Kutchery Road","Trader S Ajmer",+919414001919,"Shop 169, Main Road, Kutchery Road, Ajmer, Rajasthan","Water-Based Paints & Hardware",42
955,"Royal Hiran Paint & Sanitary Store",Udaipur,"Hiran Magri","Trader T Udaipur",+919414001921,"Shop 170, Main Road, Hiran Magri, Udaipur, Rajasthan","Water-Based Paints & Hardware",55
956,"Modern RIICO Colors & Coatings Agency",Bhilwara,"RIICO Industrial Area","Trader U Bhilwara",+919414001923,"Shop 171, Main Road, RIICO Industrial Area, Bhilwara, Rajasthan","Water-Based Paints & Hardware",68
957,"Star Bhiwadi Hardware & Building Materials",Alwar,"Bhiwadi Industrial Zone","Trader V Alwar",+919414001925,"Shop 172, Main Road, Bhiwadi Industrial Zone, Alwar, Rajasthan","Water-Based Paints & Hardware",81
958,"Classic Kotwali Wall Protect & Texture Depot",Sikar,"Kotwali Market","Trader W Sikar",+919414001927,"Shop 173, Main Road, Kotwali Market, Sikar, Rajasthan","Water-Based Paints & Hardware",94
959,"National Padampur Trade Associates",Sri Ganganagar,"Padampur Road","Trader X Sri Ganganagar",+919414001929,"Shop 174, Main Road, Padampur Road, Sri Ganganagar, Rajasthan","Water-Based Paints & Hardware",107
960,"Ganesh Anah Paints & Hardware Mart",Bharatpur,"Anah Gate","Trader Y Bharatpur",+919414001931,"Shop 175, Main Road, Anah Gate, Bharatpur, Rajasthan","Water-Based Paints & Hardware",120
961,"Maruti Suraj Paint & Sanitary Store",Pali,"Suraj Pole","Trader Z Pali",+919414001933,"Shop 176, Main Road, Suraj Pole, Pali, Rajasthan","Water-Based Paints & Hardware",133
962,"Balaji Fort Colors & Coatings Agency",Chittorgarh,"Fort Road","Trader A Chittorgarh",+919414001935,"Shop 177, Main Road, Fort Road, Chittorgarh, Rajasthan","Water-Based Paints & Hardware",146
963,"Kalyan Makrana Hardware & Building Materials",Nagaur,"Makrana Marble Zone","Trader B Nagaur",+919414001937,"Shop 178, Main Road, Makrana Marble Zone, Nagaur, Rajasthan","Water-Based Paints & Hardware",159
964,"Krishna Khetri Wall Protect & Texture Depot",Jhunjhunu,"Khetri Nagar","Trader C Jhunjhunu",+919414001939,"Shop 179, Main Road, Khetri Nagar, Jhunjhunu, Rajasthan","Water-Based Paints & Hardware",172
965,"Vikas Subhash Trade Associates",Tonk,"Subhash Chowk","Trader D Tonk",+919414001941,"Shop 180, Main Road, Subhash Chowk, Tonk, Rajasthan","Water-Based Paints & Hardware",185
966,"Shree Industrial Paints & Hardware Mart",Hanumangarh,"Industrial Area","Trader E Hanumangarh",+919414001943,"Shop 181, Main Road, Industrial Area, Hanumangarh, Rajasthan","Water-Based Paints & Hardware",198
967,"Jai Agra Paint & Sanitary Store",Dausa,"Agra Road","Trader F Dausa",+919414001945,"Shop 182, Main Road, Agra Road, Dausa, Rajasthan","Water-Based Paints & Hardware",211
968,"New Station Colors & Coatings Agency",Barmer,"Station Road","Trader G Barmer",+919414001947,"Shop 183, Main Road, Station Road, Barmer, Rajasthan","Water-Based Paints & Hardware",224
969,"Royal Tonk Hardware & Building Materials",Jaipur,"Tonk Road","Trader H Jaipur",+919414001949,"Shop 184, Main Road, Tonk Road, Jaipur, Rajasthan","Water-Based Paints & Hardware",237
970,"Modern Boranada Wall Protect & Texture Depot",Jodhpur,"Boranada SEZ","Trader I Jodhpur",+919414001951,"Shop 185, Main Road, Boranada SEZ, Jodhpur, Rajasthan","Water-Based Paints & Hardware",250
971,"Star DCM Trade Associates",Kota,"DCM Road","Trader J Kota",+919414001953,"Shop 186, Main Road, DCM Road, Kota, Rajasthan","Water-Based Paints & Hardware",263
972,"Classic Bichhwal Paints & Hardware Mart",Bikaner,"Bichhwal Industrial Area","Trader K Bikaner",+919414001955,"Shop 187, Main Road, Bichhwal Industrial Area, Bikaner, Rajasthan","Water-Based Paints & Hardware",276
973,"National Madar Paint & Sanitary Store",Ajmer,"Madar Gate","Trader L Ajmer",+919414001957,"Shop 188, Main Road, Madar Gate, Ajmer, Rajasthan","Water-Based Paints & Hardware",289
974,"Ganesh Bapu Colors & Coatings Agency",Udaipur,"Bapu Bazar","Trader M Udaipur",+919414001959,"Shop 189, Main Road, Bapu Bazar, Udaipur, Rajasthan","Water-Based Paints & Hardware",302
975,"Maruti Bhopalganj Hardware & Building Materials",Bhilwara,"Bhopalganj","Trader N Bhilwara",+919414001961,"Shop 190, Main Road, Bhopalganj, Bhilwara, Rajasthan","Water-Based Paints & Hardware",315
976,"Balaji Neemrana Wall Protect & Texture Depot",Alwar,"Neemrana Japanese Zone","Trader O Alwar",+919414001963,"Shop 191, Main Road, Neemrana Japanese Zone, Alwar, Rajasthan","Water-Based Paints & Hardware",328
977,"Kalyan Salasar Trade Associates",Sikar,"Salasar Bus Stand","Trader P Sikar",+919414001965,"Shop 192, Main Road, Salasar Bus Stand, Sikar, Rajasthan","Water-Based Paints & Hardware",341
978,"Krishna Gola Paints & Hardware Mart",Sri Ganganagar,"Gola Market","Trader Q Sri Ganganagar",+919414001967,"Shop 193, Main Road, Gola Market, Sri Ganganagar, Rajasthan","Water-Based Paints & Hardware",354
979,"Vikas Circular Paint & Sanitary Store",Bharatpur,"Circular Road","Trader R Bharatpur",+919414001969,"Shop 194, Main Road, Circular Road, Bharatpur, Rajasthan","Water-Based Paints & Hardware",367
980,"Shree Mandia Colors & Coatings Agency",Pali,"Mandia Road Industrial Area","Trader S Pali",+919414001971,"Shop 195, Main Road, Mandia Road Industrial Area, Pali, Rajasthan","Water-Based Paints & Hardware",380
981,"Jai Chanderiya Hardware & Building Materials",Chittorgarh,"Chanderiya Industrial Area","Trader T Chittorgarh",+919414001973,"Shop 196, Main Road, Chanderiya Industrial Area, Chittorgarh, Rajasthan","Water-Based Paints & Hardware",393
982,"New Didwana Wall Protect & Texture Depot",Nagaur,"Didwana Road","Trader U Nagaur",+919414001975,"Shop 197, Main Road, Didwana Road, Nagaur, Rajasthan","Water-Based Paints & Hardware",406
983,"Royal Chirawa Trade Associates",Jhunjhunu,"Chirawa Road","Trader V Jhunjhunu",+919414001977,"Shop 198, Main Road, Chirawa Road, Jhunjhunu, Rajasthan","Water-Based Paints & Hardware",419
984,"Modern Niwai Paints & Hardware Mart",Tonk,"Niwai Industrial Area","Trader W Tonk",+919414001979,"Shop 199, Main Road, Niwai Industrial Area, Tonk, Rajasthan","Water-Based Paints & Hardware",432
985,"Star Town Paint & Sanitary Store",Hanumangarh,"Town Main Bazaar","Trader X Hanumangarh",+919414001981,"Shop 200, Main Road, Town Main Bazaar, Hanumangarh, Rajasthan","Water-Based Paints & Hardware",45
986,"Classic Bandikui Colors & Coatings Agency",Dausa,"Bandikui Mandi","Trader Y Dausa",+919414001983,"Shop 201, Main Road, Bandikui Mandi, Dausa, Rajasthan","Water-Based Paints & Hardware",58
987,"National Refinery Hardware & Building Materials",Barmer,"Refinery Site Corridor","Trader Z Barmer",+919414001985,"Shop 202, Main Road, Refinery Site Corridor, Barmer, Rajasthan","Water-Based Paints & Hardware",71
988,"Ganesh Amer Wall Protect & Texture Depot",Jaipur,"Amer Road","Trader A Jaipur",+919414001987,"Shop 203, Main Road, Amer Road, Jaipur, Rajasthan","Water-Based Paints & Hardware",84
989,"Maruti Sardarpura Trade Associates",Jodhpur,"Sardarpura","Trader B Jodhpur",+919414001989,"Shop 204, Main Road, Sardarpura, Jodhpur, Rajasthan","Water-Based Paints & Hardware",97
990,"Balaji Rampura Paints & Hardware Mart",Kota,"Rampura","Trader C Kota",+919414001991,"Shop 205, Main Road, Rampura, Kota, Rajasthan","Water-Based Paints & Hardware",110
991,"Kalyan Rani Paint & Sanitary Store",Bikaner,"Rani Bazar Industrial Area","Trader D Bikaner",+919414001993,"Shop 206, Main Road, Rani Bazar Industrial Area, Bikaner, Rajasthan","Water-Based Paints & Hardware",123
992,"Krishna Clock Colors & Coatings Agency",Ajmer,"Clock Tower Market","Trader E Ajmer",+919414001995,"Shop 207, Main Road, Clock Tower Market, Ajmer, Rajasthan","Water-Based Paints & Hardware",136
993,"Vikas Mewar Hardware & Building Materials",Udaipur,"Mewar Industrial Area","Trader F Udaipur",+919414001997,"Shop 208, Main Road, Mewar Industrial Area, Udaipur, Rajasthan","Water-Based Paints & Hardware",149
994,"Shree Sanganer Wall Protect & Texture Depot",Bhilwara,"Sanganer Road","Trader G Bhilwara",+919414001999,"Shop 209, Main Road, Sanganer Road, Bhilwara, Rajasthan","Water-Based Paints & Hardware",162
995,"Jai Tijara Trade Associates",Alwar,"Tijara Road","Trader H Alwar",+919414002001,"Shop 210, Main Road, Tijara Road, Alwar, Rajasthan","Water-Based Paints & Hardware",175
996,"New Station Paints & Hardware Mart",Sikar,"Station Road","Trader I Sikar",+919414002003,"Shop 211, Main Road, Station Road, Sikar, Rajasthan","Water-Based Paints & Hardware",188
997,"Royal Purani Paint & Sanitary Store",Sri Ganganagar,"Purani Abadi","Trader J Sri Ganganagar",+919414002005,"Shop 212, Main Road, Purani Abadi, Sri Ganganagar, Rajasthan","Water-Based Paints & Hardware",201
998,"Modern Mathura Colors & Coatings Agency",Bharatpur,"Mathura Road","Trader K Bharatpur",+919414002007,"Shop 213, Main Road, Mathura Road, Bharatpur, Rajasthan","Water-Based Paints & Hardware",214
999,"Star Sumerpur Hardware & Building Materials",Pali,"Sumerpur Road","Trader L Pali",+919414002009,"Shop 214, Main Road, Sumerpur Road, Pali, Rajasthan","Water-Based Paints & Hardware",227
1000,"Classic Collectorate Wall Protect & Texture Depot",Chittorgarh,"Collectorate Road","Trader M Chittorgarh",+919414002011,"Shop 15, Main Road, Collectorate Road, Chittorgarh, Rajasthan","Water-Based Paints & Hardware",240
1001,"National Kuchaman Trade Associates",Nagaur,"Kuchaman City","Trader N Nagaur",+919414002013,"Shop 16, Main Road, Kuchaman City, Nagaur, Rajasthan","Water-Based Paints & Hardware",253
1002,"Ganesh Peeru Paints & Hardware Mart",Jhunjhunu,"Peeru Singh Circle","Trader O Jhunjhunu",+919414002015,"Shop 17, Main Road, Peeru Singh Circle, Jhunjhunu, Rajasthan","Water-Based Paints & Hardware",266
1003,"Maruti Malpura Paint & Sanitary Store",Tonk,"Malpura Road","Trader P Tonk",+919414002017,"Shop 18, Main Road, Malpura Road, Tonk, Rajasthan","Water-Based Paints & Hardware",279
1004,"Balaji Junction Colors & Coatings Agency",Hanumangarh,"Junction Market","Trader Q Hanumangarh",+919414002019,"Shop 19, Main Road, Junction Market, Hanumangarh, Rajasthan","Water-Based Paints & Hardware",292
1005,"Kalyan Station Hardware & Building Materials",Dausa,"Station Road","Trader R Dausa",+919414002021,"Shop 20, Main Road, Station Road, Dausa, Rajasthan","Water-Based Paints & Hardware",305
1006,"Krishna Sindhari Wall Protect & Texture Depot",Barmer,"Sindhari Road","Trader S Barmer",+919414002023,"Shop 21, Main Road, Sindhari Road, Barmer, Rajasthan","Water-Based Paints & Hardware",318
1007,"Vikas Chomu Trade Associates",Jaipur,"Chomu","Trader T Jaipur",+919414002025,"Shop 22, Main Road, Chomu, Jaipur, Rajasthan","Water-Based Paints & Hardware",331
1008,"Shree Basni Paints & Hardware Mart",Jodhpur,"Basni Industrial Area","Trader U Jodhpur",+919414002027,"Shop 23, Main Road, Basni Industrial Area, Jodhpur, Rajasthan","Water-Based Paints & Hardware",344
1009,"Jai Vigyan Paint & Sanitary Store",Kota,"Vigyan Nagar","Trader V Kota",+919414002029,"Shop 24, Main Road, Vigyan Nagar, Kota, Rajasthan","Water-Based Paints & Hardware",357
1010,"New Kote Colors & Coatings Agency",Bikaner,"Kote Gate","Trader W Bikaner",+919414002031,"Shop 25, Main Road, Kote Gate, Bikaner, Rajasthan","Water-Based Paints & Hardware",370
1011,"Royal Parbatpura Hardware & Building Materials",Ajmer,"Parbatpura Industrial Area","Trader X Ajmer",+919414002033,"Shop 26, Main Road, Parbatpura Industrial Area, Ajmer, Rajasthan","Water-Based Paints & Hardware",383
1012,"Modern Udaisagar Wall Protect & Texture Depot",Udaipur,"Udaisagar Road","Trader Y Udaipur",+919414002035,"Shop 27, Main Road, Udaisagar Road, Udaipur, Rajasthan","Water-Based Paints & Hardware",396
1013,"Star Pur Trade Associates",Bhilwara,"Pur Road","Trader Z Bhilwara",+919414002037,"Shop 28, Main Road, Pur Road, Bhilwara, Rajasthan","Water-Based Paints & Hardware",409
1014,"Classic MIA Paints & Hardware Mart",Alwar,"MIA Industrial Area","Trader A Alwar",+919414002039,"Shop 29, Main Road, MIA Industrial Area, Alwar, Rajasthan","Water-Based Paints & Hardware",422
1015,"National Bajoria Paint & Sanitary Store",Sikar,"Bajoria Road","Trader B Sikar",+919414002041,"Shop 30, Main Road, Bajoria Road, Sikar, Rajasthan","Water-Based Paints & Hardware",435
1016,"Ganesh Birbal Colors & Coatings Agency",Sri Ganganagar,"Birbal Chowk","Trader C Sri Ganganagar",+919414002043,"Shop 31, Main Road, Birbal Chowk, Sri Ganganagar, Rajasthan","Water-Based Paints & Hardware",48
1017,"Maruti Sewar Hardware & Building Materials",Bharatpur,"Sewar Industrial Area","Trader D Bharatpur",+919414002045,"Shop 32, Main Road, Sewar Industrial Area, Bharatpur, Rajasthan","Water-Based Paints & Hardware",61
1018,"Balaji Somnath Wall Protect & Texture Depot",Pali,"Somnath Temple Market","Trader E Pali",+919414002047,"Shop 33, Main Road, Somnath Temple Market, Pali, Rajasthan","Water-Based Paints & Hardware",74
1019,"Kalyan Nimbahera Trade Associates",Chittorgarh,"Nimbahera Town","Trader F Chittorgarh",+919414002049,"Shop 34, Main Road, Nimbahera Town, Chittorgarh, Rajasthan","Water-Based Paints & Hardware",87
1020,"Krishna Merta Paints & Hardware Mart",Nagaur,"Merta City","Trader G Nagaur",+919414002051,"Shop 35, Main Road, Merta City, Nagaur, Rajasthan","Water-Based Paints & Hardware",100
1021,"Vikas Gugali Paint & Sanitary Store",Jhunjhunu,"Gugali Market","Trader H Jhunjhunu",+919414002053,"Shop 36, Main Road, Gugali Market, Jhunjhunu, Rajasthan","Water-Based Paints & Hardware",113
1022,"Shree Civil Colors & Coatings Agency",Tonk,"Civil Lines","Trader I Tonk",+919414002055,"Shop 37, Main Road, Civil Lines, Tonk, Rajasthan","Water-Based Paints & Hardware",126
1023,"Jai Rawatsar Hardware & Building Materials",Hanumangarh,"Rawatsar Road","Trader J Hanumangarh",+919414002057,"Shop 38, Main Road, Rawatsar Road, Hanumangarh, Rajasthan","Water-Based Paints & Hardware",139
1024,"New Lalsot Wall Protect & Texture Depot",Dausa,"Lalsot Road","Trader K Dausa",+919414002059,"Shop 39, Main Road, Lalsot Road, Dausa, Rajasthan","Water-Based Paints & Hardware",152
1025,"Royal Balotra Trade Associates",Barmer,"Balotra Textile & Hardware Hub","Trader L Barmer",+919414002061,"Shop 40, Main Road, Balotra Textile & Hardware Hub, Barmer, Rajasthan","Water-Based Paints & Hardware",165
1026,"Modern Malviya Paints & Hardware Mart",Jaipur,"Malviya Nagar","Trader M Jaipur",+919414002063,"Shop 41, Main Road, Malviya Nagar, Jaipur, Rajasthan","Water-Based Paints & Hardware",178
1027,"Star Ratanada Paint & Sanitary Store",Jodhpur,"Ratanada","Trader N Jodhpur",+919414002065,"Shop 42, Main Road, Ratanada, Jodhpur, Rajasthan","Water-Based Paints & Hardware",191
1028,"Classic Mahaveer Colors & Coatings Agency",Kota,"Mahaveer Nagar","Trader O Kota",+919414002067,"Shop 43, Main Road, Mahaveer Nagar, Kota, Rajasthan","Water-Based Paints & Hardware",204
1029,"National Nokha Hardware & Building Materials",Bikaner,"Nokha Road","Trader P Bikaner",+919414002069,"Shop 44, Main Road, Nokha Road, Bikaner, Rajasthan","Water-Based Paints & Hardware",217
1030,"Ganesh Kishangarh Wall Protect & Texture Depot",Ajmer,"Kishangarh Marble Mandi","Trader Q Ajmer",+919414002071,"Shop 45, Main Road, Kishangarh Marble Mandi, Ajmer, Rajasthan","Water-Based Paints & Hardware",230
1031,"Maruti Fatehpura Trade Associates",Udaipur,"Fatehpura","Trader R Udaipur",+919414002073,"Shop 46, Main Road, Fatehpura, Udaipur, Rajasthan","Water-Based Paints & Hardware",243
1032,"Balaji Gandhi Paints & Hardware Mart",Bhilwara,"Gandhi Nagar","Trader S Bhilwara",+919414002075,"Shop 47, Main Road, Gandhi Nagar, Bhilwara, Rajasthan","Water-Based Paints & Hardware",256
1033,"Kalyan Manu Paint & Sanitary Store",Alwar,"Manu Marg","Trader T Alwar",+919414002077,"Shop 48, Main Road, Manu Marg, Alwar, Rajasthan","Water-Based Paints & Hardware",269
1034,"Krishna Fatehpur Colors & Coatings Agency",Sikar,"Fatehpur Road","Trader U Sikar",+919414002079,"Shop 49, Main Road, Fatehpur Road, Sikar, Rajasthan","Water-Based Paints & Hardware",282
1035,"Vikas Suratgarh Hardware & Building Materials",Sri Ganganagar,"Suratgarh Road","Trader V Sri Ganganagar",+919414002081,"Shop 50, Main Road, Suratgarh Road, Sri Ganganagar, Rajasthan","Water-Based Paints & Hardware",295
1036,"Shree Kumher Wall Protect & Texture Depot",Bharatpur,"Kumher Gate","Trader W Bharatpur",+919414002083,"Shop 51, Main Road, Kumher Gate, Bharatpur, Rajasthan","Water-Based Paints & Hardware",308
1037,"Jai Suraj Trade Associates",Pali,"Suraj Pole","Trader X Pali",+919414002085,"Shop 52, Main Road, Suraj Pole, Pali, Rajasthan","Water-Based Paints & Hardware",321
1038,"New Fort Paints & Hardware Mart",Chittorgarh,"Fort Road","Trader Y Chittorgarh",+919414002087,"Shop 53, Main Road, Fort Road, Chittorgarh, Rajasthan","Water-Based Paints & Hardware",334
1039,"Royal Gandhi Paint & Sanitary Store",Nagaur,"Gandhi Chowk","Trader Z Nagaur",+919414002089,"Shop 54, Main Road, Gandhi Chowk, Nagaur, Rajasthan","Water-Based Paints & Hardware",347
1040,"Modern Mandawa Colors & Coatings Agency",Jhunjhunu,"Mandawa Road","Trader A Jhunjhunu",+919414002091,"Shop 55, Main Road, Mandawa Road, Jhunjhunu, Rajasthan","Water-Based Paints & Hardware",360
1041,"Star Subhash Hardware & Building Materials",Tonk,"Subhash Chowk","Trader B Tonk",+919414002093,"Shop 56, Main Road, Subhash Chowk, Tonk, Rajasthan","Water-Based Paints & Hardware",373
1042,"Classic Industrial Wall Protect & Texture Depot",Hanumangarh,"Industrial Area","Trader C Hanumangarh",+919414002095,"Shop 57, Main Road, Industrial Area, Hanumangarh, Rajasthan","Water-Based Paints & Hardware",386
1043,"National Agra Trade Associates",Dausa,"Agra Road","Trader D Dausa",+919414002097,"Shop 58, Main Road, Agra Road, Dausa, Rajasthan","Water-Based Paints & Hardware",399
1044,"Ganesh Station Paints & Hardware Mart",Barmer,"Station Road","Trader E Barmer",+919414002099,"Shop 59, Main Road, Station Road, Barmer, Rajasthan","Water-Based Paints & Hardware",412
1045,"Maruti Transport Paint & Sanitary Store",Jaipur,"Transport Nagar","Trader F Jaipur",+919414002101,"Shop 60, Main Road, Transport Nagar, Jaipur, Rajasthan","Water-Based Paints & Hardware",425
1046,"Balaji Mandore Colors & Coatings Agency",Jodhpur,"Mandore Road","Trader G Jodhpur",+919414002103,"Shop 61, Main Road, Mandore Road, Jodhpur, Rajasthan","Water-Based Paints & Hardware",438
1047,"Kalyan Borkhera Hardware & Building Materials",Kota,"Borkhera","Trader H Kota",+919414002105,"Shop 62, Main Road, Borkhera, Kota, Rajasthan","Water-Based Paints & Hardware",51
1048,"Krishna Sadul Wall Protect & Texture Depot",Bikaner,"Sadul Colony","Trader I Bikaner",+919414002107,"Shop 63, Main Road, Sadul Colony, Bikaner, Rajasthan","Water-Based Paints & Hardware",64
1049,"Vikas Beawar Trade Associates",Ajmer,"Beawar City","Trader J Ajmer",+919414002109,"Shop 64, Main Road, Beawar City, Ajmer, Rajasthan","Water-Based Paints & Hardware",77
1050,"Shree Sukher Paints & Hardware Mart",Udaipur,"Sukher Industrial Area","Trader K Udaipur",+919414002111,"Shop 65, Main Road, Sukher Industrial Area, Udaipur, Rajasthan","Water-Based Paints & Hardware",90
1051,"Jai RIICO Paint & Sanitary Store",Bhilwara,"RIICO Industrial Area","Trader L Bhilwara",+919414002113,"Shop 66, Main Road, RIICO Industrial Area, Bhilwara, Rajasthan","Water-Based Paints & Hardware",103
1052,"New Company Colors & Coatings Agency",Alwar,"Company Bagh","Trader M Alwar",+919414002115,"Shop 67, Main Road, Company Bagh, Alwar, Rajasthan","Water-Based Paints & Hardware",116
1053,"Royal Piprali Hardware & Building Materials",Sikar,"Piprali Road","Trader N Sikar",+919414002117,"Shop 68, Main Road, Piprali Road, Sikar, Rajasthan","Water-Based Paints & Hardware",129
1054,"Modern Padampur Wall Protect & Texture Depot",Sri Ganganagar,"Padampur Road","Trader O Sri Ganganagar",+919414002119,"Shop 69, Main Road, Padampur Road, Sri Ganganagar, Rajasthan","Water-Based Paints & Hardware",142
1055,"Star Anah Trade Associates",Bharatpur,"Anah Gate","Trader P Bharatpur",+919414002121,"Shop 70, Main Road, Anah Gate, Bharatpur, Rajasthan","Water-Based Paints & Hardware",155
1056,"Classic Mandia Paints & Hardware Mart",Pali,"Mandia Road Industrial Area","Trader Q Pali",+919414002123,"Shop 71, Main Road, Mandia Road Industrial Area, Pali, Rajasthan","Water-Based Paints & Hardware",168
1057,"National Chanderiya Paint & Sanitary Store",Chittorgarh,"Chanderiya Industrial Area","Trader R Chittorgarh",+919414002125,"Shop 72, Main Road, Chanderiya Industrial Area, Chittorgarh, Rajasthan","Water-Based Paints & Hardware",181
1058,"Ganesh Makrana Colors & Coatings Agency",Nagaur,"Makrana Marble Zone","Trader S Nagaur",+919414002127,"Shop 73, Main Road, Makrana Marble Zone, Nagaur, Rajasthan","Water-Based Paints & Hardware",194
1059,"Maruti Khetri Hardware & Building Materials",Jhunjhunu,"Khetri Nagar","Trader T Jhunjhunu",+919414002129,"Shop 74, Main Road, Khetri Nagar, Jhunjhunu, Rajasthan","Water-Based Paints & Hardware",207
1060,"Balaji Niwai Wall Protect & Texture Depot",Tonk,"Niwai Industrial Area","Trader U Tonk",+919414002131,"Shop 75, Main Road, Niwai Industrial Area, Tonk, Rajasthan","Water-Based Paints & Hardware",220
1061,"Kalyan Town Trade Associates",Hanumangarh,"Town Main Bazaar","Trader V Hanumangarh",+919414002133,"Shop 76, Main Road, Town Main Bazaar, Hanumangarh, Rajasthan","Water-Based Paints & Hardware",233
1062,"Krishna Bandikui Paints & Hardware Mart",Dausa,"Bandikui Mandi","Trader W Dausa",+919414002135,"Shop 77, Main Road, Bandikui Mandi, Dausa, Rajasthan","Water-Based Paints & Hardware",246
1063,"Vikas Refinery Paint & Sanitary Store",Barmer,"Refinery Site Corridor","Trader X Barmer",+919414002137,"Shop 78, Main Road, Refinery Site Corridor, Barmer, Rajasthan","Water-Based Paints & Hardware",259
1064,"Shree Vaishali Colors & Coatings Agency",Jaipur,"Vaishali Nagar","Trader Y Jaipur",+919414002139,"Shop 79, Main Road, Vaishali Nagar, Jaipur, Rajasthan","Water-Based Paints & Hardware",272
1065,"Jai Pal Hardware & Building Materials",Jodhpur,"Pal Road","Trader Z Jodhpur",+919414002141,"Shop 80, Main Road, Pal Road, Jodhpur, Rajasthan","Water-Based Paints & Hardware",285
1066,"New Indraprastha Wall Protect & Texture Depot",Kota,"Indraprastha Industrial Area","Trader A Kota",+919414002143,"Shop 81, Main Road, Indraprastha Industrial Area, Kota, Rajasthan","Water-Based Paints & Hardware",298
1067,"Royal Bichhwal Trade Associates",Bikaner,"Bichhwal Industrial Area","Trader B Bikaner",+919414002145,"Shop 82, Main Road, Bichhwal Industrial Area, Bikaner, Rajasthan","Water-Based Paints & Hardware",311
1068,"Modern Kutchery Paints & Hardware Mart",Ajmer,"Kutchery Road","Trader C Ajmer",+919414002147,"Shop 83, Main Road, Kutchery Road, Ajmer, Rajasthan","Water-Based Paints & Hardware",324
1069,"Star Hiran Paint & Sanitary Store",Udaipur,"Hiran Magri","Trader D Udaipur",+919414002149,"Shop 84, Main Road, Hiran Magri, Udaipur, Rajasthan","Water-Based Paints & Hardware",337
1070,"Classic Bhopalganj Colors & Coatings Agency",Bhilwara,"Bhopalganj","Trader E Bhilwara",+919414002151,"Shop 85, Main Road, Bhopalganj, Bhilwara, Rajasthan","Water-Based Paints & Hardware",350
1071,"National Bhiwadi Hardware & Building Materials",Alwar,"Bhiwadi Industrial Zone","Trader F Alwar",+919414002153,"Shop 86, Main Road, Bhiwadi Industrial Zone, Alwar, Rajasthan","Water-Based Paints & Hardware",363
1072,"Ganesh Kotwali Wall Protect & Texture Depot",Sikar,"Kotwali Market","Trader G Sikar",+919414002155,"Shop 87, Main Road, Kotwali Market, Sikar, Rajasthan","Water-Based Paints & Hardware",376
1073,"Maruti Gola Trade Associates",Sri Ganganagar,"Gola Market","Trader H Sri Ganganagar",+919414002157,"Shop 88, Main Road, Gola Market, Sri Ganganagar, Rajasthan","Water-Based Paints & Hardware",389
1074,"Balaji Circular Paints & Hardware Mart",Bharatpur,"Circular Road","Trader I Bharatpur",+919414002159,"Shop 89, Main Road, Circular Road, Bharatpur, Rajasthan","Water-Based Paints & Hardware",402
1075,"Kalyan Sumerpur Paint & Sanitary Store",Pali,"Sumerpur Road","Trader J Pali",+919414002161,"Shop 90, Main Road, Sumerpur Road, Pali, Rajasthan","Water-Based Paints & Hardware",415
1076,"Krishna Collectorate Colors & Coatings Agency",Chittorgarh,"Collectorate Road","Trader K Chittorgarh",+919414002163,"Shop 91, Main Road, Collectorate Road, Chittorgarh, Rajasthan","Water-Based Paints & Hardware",428
1077,"Vikas Didwana Hardware & Building Materials",Nagaur,"Didwana Road","Trader L Nagaur",+919414002165,"Shop 92, Main Road, Didwana Road, Nagaur, Rajasthan","Water-Based Paints & Hardware",41
1078,"Shree Chirawa Wall Protect & Texture Depot",Jhunjhunu,"Chirawa Road","Trader M Jhunjhunu",+919414002167,"Shop 93, Main Road, Chirawa Road, Jhunjhunu, Rajasthan","Water-Based Paints & Hardware",54
1079,"Jai Malpura Trade Associates",Tonk,"Malpura Road","Trader N Tonk",+919414002169,"Shop 94, Main Road, Malpura Road, Tonk, Rajasthan","Water-Based Paints & Hardware",67
1080,"New Junction Paints & Hardware Mart",Hanumangarh,"Junction Market","Trader O Hanumangarh",+919414002171,"Shop 95, Main Road, Junction Market, Hanumangarh, Rajasthan","Water-Based Paints & Hardware",80
1081,"Royal Station Paint & Sanitary Store",Dausa,"Station Road","Trader P Dausa",+919414002173,"Shop 96, Main Road, Station Road, Dausa, Rajasthan","Water-Based Paints & Hardware",93
1082,"Modern Sindhari Colors & Coatings Agency",Barmer,"Sindhari Road","Trader Q Barmer",+919414002175,"Shop 97, Main Road, Sindhari Road, Barmer, Rajasthan","Water-Based Paints & Hardware",106
1083,"Star Jhotwara Hardware & Building Materials",Jaipur,"Jhotwara","Trader R Jaipur",+919414002177,"Shop 98, Main Road, Jhotwara, Jaipur, Rajasthan","Water-Based Paints & Hardware",119
1084,"Classic Shastri Wall Protect & Texture Depot",Jodhpur,"Shastri Nagar","Trader S Jodhpur",+919414002179,"Shop 99, Main Road, Shastri Nagar, Jodhpur, Rajasthan","Water-Based Paints & Hardware",132
1085,"National Gumanpura Trade Associates",Kota,"Gumanpura","Trader T Kota",+919414002181,"Shop 100, Main Road, Gumanpura, Kota, Rajasthan","Water-Based Paints & Hardware",145
1086,"Ganesh Rani Paints & Hardware Mart",Bikaner,"Rani Bazar Industrial Area","Trader U Bikaner",+919414002183,"Shop 101, Main Road, Rani Bazar Industrial Area, Bikaner, Rajasthan","Water-Based Paints & Hardware",158
1087,"Maruti Madar Paint & Sanitary Store",Ajmer,"Madar Gate","Trader V Ajmer",+919414002185,"Shop 102, Main Road, Madar Gate, Ajmer, Rajasthan","Water-Based Paints & Hardware",171
1088,"Balaji Bapu Colors & Coatings Agency",Udaipur,"Bapu Bazar","Trader W Udaipur",+919414002187,"Shop 103, Main Road, Bapu Bazar, Udaipur, Rajasthan","Water-Based Paints & Hardware",184
1089,"Kalyan Sanganer Hardware & Building Materials",Bhilwara,"Sanganer Road","Trader X Bhilwara",+919414002189,"Shop 104, Main Road, Sanganer Road, Bhilwara, Rajasthan","Water-Based Paints & Hardware",197
1090,"Krishna Neemrana Wall Protect & Texture Depot",Alwar,"Neemrana Japanese Zone","Trader Y Alwar",+919414002191,"Shop 105, Main Road, Neemrana Japanese Zone, Alwar, Rajasthan","Water-Based Paints & Hardware",210
1091,"Vikas Salasar Trade Associates",Sikar,"Salasar Bus Stand","Trader Z Sikar",+919414002193,"Shop 106, Main Road, Salasar Bus Stand, Sikar, Rajasthan","Water-Based Paints & Hardware",223
1092,"Shree Purani Paints & Hardware Mart",Sri Ganganagar,"Purani Abadi","Trader A Sri Ganganagar",+919414002195,"Shop 107, Main Road, Purani Abadi, Sri Ganganagar, Rajasthan","Water-Based Paints & Hardware",236
1093,"Jai Mathura Paint & Sanitary Store",Bharatpur,"Mathura Road","Trader B Bharatpur",+919414002197,"Shop 108, Main Road, Mathura Road, Bharatpur, Rajasthan","Water-Based Paints & Hardware",249
1094,"New Somnath Colors & Coatings Agency",Pali,"Somnath Temple Market","Trader C Pali",+919414002199,"Shop 109, Main Road, Somnath Temple Market, Pali, Rajasthan","Water-Based Paints & Hardware",262
1095,"Royal Nimbahera Hardware & Building Materials",Chittorgarh,"Nimbahera Town","Trader D Chittorgarh",+919414002201,"Shop 110, Main Road, Nimbahera Town, Chittorgarh, Rajasthan","Water-Based Paints & Hardware",275
1096,"Modern Kuchaman Wall Protect & Texture Depot",Nagaur,"Kuchaman City","Trader E Nagaur",+919414002203,"Shop 111, Main Road, Kuchaman City, Nagaur, Rajasthan","Water-Based Paints & Hardware",288
1097,"Star Peeru Trade Associates",Jhunjhunu,"Peeru Singh Circle","Trader F Jhunjhunu",+919414002205,"Shop 112, Main Road, Peeru Singh Circle, Jhunjhunu, Rajasthan","Water-Based Paints & Hardware",301
1098,"Classic Civil Paints & Hardware Mart",Tonk,"Civil Lines","Trader G Tonk",+919414002207,"Shop 113, Main Road, Civil Lines, Tonk, Rajasthan","Water-Based Paints & Hardware",314
1099,"National Rawatsar Paint & Sanitary Store",Hanumangarh,"Rawatsar Road","Trader H Hanumangarh",+919414002209,"Shop 114, Main Road, Rawatsar Road, Hanumangarh, Rajasthan","Water-Based Paints & Hardware",327
1100,"Ganesh Lalsot Colors & Coatings Agency",Dausa,"Lalsot Road","Trader I Dausa",+919414002211,"Shop 115, Main Road, Lalsot Road, Dausa, Rajasthan","Water-Based Paints & Hardware",340
1101,"Maruti Balotra Hardware & Building Materials",Barmer,"Balotra Textile & Hardware Hub","Trader J Barmer",+919414002213,"Shop 116, Main Road, Balotra Textile & Hardware Hub, Barmer, Rajasthan","Water-Based Paints & Hardware",353
1102,"Balaji Sanganer Wall Protect & Texture Depot",Jaipur,"Sanganer Town","Trader K Jaipur",+919414002215,"Shop 117, Main Road, Sanganer Town, Jaipur, Rajasthan","Water-Based Paints & Hardware",366
1103,"Kalyan Boranada Trade Associates",Jodhpur,"Boranada SEZ","Trader L Jodhpur",+919414002217,"Shop 118, Main Road, Boranada SEZ, Jodhpur, Rajasthan","Water-Based Paints & Hardware",379
1104,"Krishna DCM Paints & Hardware Mart",Kota,"DCM Road","Trader M Kota",+919414002219,"Shop 119, Main Road, DCM Road, Kota, Rajasthan","Water-Based Paints & Hardware",392
1105,"Vikas Kote Paint & Sanitary Store",Bikaner,"Kote Gate","Trader N Bikaner",+919414002221,"Shop 120, Main Road, Kote Gate, Bikaner, Rajasthan","Water-Based Paints & Hardware",405
1106,"Shree Clock Colors & Coatings Agency",Ajmer,"Clock Tower Market","Trader O Ajmer",+919414002223,"Shop 121, Main Road, Clock Tower Market, Ajmer, Rajasthan","Water-Based Paints & Hardware",418
1107,"Jai Mewar Hardware & Building Materials",Udaipur,"Mewar Industrial Area","Trader P Udaipur",+919414002225,"Shop 122, Main Road, Mewar Industrial Area, Udaipur, Rajasthan","Water-Based Paints & Hardware",431
1108,"New Pur Wall Protect & Texture Depot",Bhilwara,"Pur Road","Trader Q Bhilwara",+919414002227,"Shop 123, Main Road, Pur Road, Bhilwara, Rajasthan","Water-Based Paints & Hardware",44
1109,"Royal Tijara Trade Associates",Alwar,"Tijara Road","Trader R Alwar",+919414002229,"Shop 124, Main Road, Tijara Road, Alwar, Rajasthan","Water-Based Paints & Hardware",57
1110,"Modern Station Paints & Hardware Mart",Sikar,"Station Road","Trader S Sikar",+919414002231,"Shop 125, Main Road, Station Road, Sikar, Rajasthan","Water-Based Paints & Hardware",70
1111,"Star Birbal Paint & Sanitary Store",Sri Ganganagar,"Birbal Chowk","Trader T Sri Ganganagar",+919414002233,"Shop 126, Main Road, Birbal Chowk, Sri Ganganagar, Rajasthan","Water-Based Paints & Hardware",83
1112,"Classic Sewar Colors & Coatings Agency",Bharatpur,"Sewar Industrial Area","Trader U Bharatpur",+919414002235,"Shop 127, Main Road, Sewar Industrial Area, Bharatpur, Rajasthan","Water-Based Paints & Hardware",96
1113,"National Suraj Hardware & Building Materials",Pali,"Suraj Pole","Trader V Pali",+919414002237,"Shop 128, Main Road, Suraj Pole, Pali, Rajasthan","Water-Based Paints & Hardware",109
1114,"Ganesh Fort Wall Protect & Texture Depot",Chittorgarh,"Fort Road","Trader W Chittorgarh",+919414002239,"Shop 129, Main Road, Fort Road, Chittorgarh, Rajasthan","Water-Based Paints & Hardware",122
1115,"Maruti Merta Trade Associates",Nagaur,"Merta City","Trader X Nagaur",+919414002241,"Shop 130, Main Road, Merta City, Nagaur, Rajasthan","Water-Based Paints & Hardware",135
1116,"Balaji Gugali Paints & Hardware Mart",Jhunjhunu,"Gugali Market","Trader Y Jhunjhunu",+919414002243,"Shop 131, Main Road, Gugali Market, Jhunjhunu, Rajasthan","Water-Based Paints & Hardware",148
1117,"Kalyan Subhash Paint & Sanitary Store",Tonk,"Subhash Chowk","Trader Z Tonk",+919414002245,"Shop 132, Main Road, Subhash Chowk, Tonk, Rajasthan","Water-Based Paints & Hardware",161
1118,"Krishna Industrial Colors & Coatings Agency",Hanumangarh,"Industrial Area","Trader A Hanumangarh",+919414002247,"Shop 133, Main Road, Industrial Area, Hanumangarh, Rajasthan","Water-Based Paints & Hardware",174
1119,"Vikas Agra Hardware & Building Materials",Dausa,"Agra Road","Trader B Dausa",+919414002249,"Shop 134, Main Road, Agra Road, Dausa, Rajasthan","Water-Based Paints & Hardware",187
1120,"Shree Station Wall Protect & Texture Depot",Barmer,"Station Road","Trader C Barmer",+919414002251,"Shop 135, Main Road, Station Road, Barmer, Rajasthan","Water-Based Paints & Hardware",200
1121,"Jai VKI Trade Associates",Jaipur,"VKI Industrial Area","Trader D Jaipur",+919414002253,"Shop 136, Main Road, VKI Industrial Area, Jaipur, Rajasthan","Water-Based Paints & Hardware",213
1122,"New Sardarpura Paints & Hardware Mart",Jodhpur,"Sardarpura","Trader E Jodhpur",+919414002255,"Shop 137, Main Road, Sardarpura, Jodhpur, Rajasthan","Water-Based Paints & Hardware",226
1123,"Royal Rampura Paint & Sanitary Store",Kota,"Rampura","Trader F Kota",+919414002257,"Shop 138, Main Road, Rampura, Kota, Rajasthan","Water-Based Paints & Hardware",239
1124,"Modern Nokha Colors & Coatings Agency",Bikaner,"Nokha Road","Trader G Bikaner",+919414002259,"Shop 139, Main Road, Nokha Road, Bikaner, Rajasthan","Water-Based Paints & Hardware",252
1125,"Star Parbatpura Hardware & Building Materials",Ajmer,"Parbatpura Industrial Area","Trader H Ajmer",+919414002261,"Shop 140, Main Road, Parbatpura Industrial Area, Ajmer, Rajasthan","Water-Based Paints & Hardware",265
1126,"Classic Udaisagar Wall Protect & Texture Depot",Udaipur,"Udaisagar Road","Trader I Udaipur",+919414002263,"Shop 141, Main Road, Udaisagar Road, Udaipur, Rajasthan","Water-Based Paints & Hardware",278
1127,"National Gandhi Trade Associates",Bhilwara,"Gandhi Nagar","Trader J Bhilwara",+919414002265,"Shop 142, Main Road, Gandhi Nagar, Bhilwara, Rajasthan","Water-Based Paints & Hardware",291
1128,"Ganesh MIA Paints & Hardware Mart",Alwar,"MIA Industrial Area","Trader K Alwar",+919414002267,"Shop 143, Main Road, MIA Industrial Area, Alwar, Rajasthan","Water-Based Paints & Hardware",304
1129,"Maruti Bajoria Paint & Sanitary Store",Sikar,"Bajoria Road","Trader L Sikar",+919414002269,"Shop 144, Main Road, Bajoria Road, Sikar, Rajasthan","Water-Based Paints & Hardware",317
1130,"Balaji Suratgarh Colors & Coatings Agency",Sri Ganganagar,"Suratgarh Road","Trader M Sri Ganganagar",+919414002271,"Shop 145, Main Road, Suratgarh Road, Sri Ganganagar, Rajasthan","Water-Based Paints & Hardware",330
1131,"Kalyan Kumher Hardware & Building Materials",Bharatpur,"Kumher Gate","Trader N Bharatpur",+919414002273,"Shop 146, Main Road, Kumher Gate, Bharatpur, Rajasthan","Water-Based Paints & Hardware",343
1132,"Krishna Mandia Wall Protect & Texture Depot",Pali,"Mandia Road Industrial Area","Trader O Pali",+919414002275,"Shop 147, Main Road, Mandia Road Industrial Area, Pali, Rajasthan","Water-Based Paints & Hardware",356
1133,"Vikas Chanderiya Trade Associates",Chittorgarh,"Chanderiya Industrial Area","Trader P Chittorgarh",+919414002277,"Shop 148, Main Road, Chanderiya Industrial Area, Chittorgarh, Rajasthan","Water-Based Paints & Hardware",369
1134,"Shree Gandhi Paints & Hardware Mart",Nagaur,"Gandhi Chowk","Trader Q Nagaur",+919414002279,"Shop 149, Main Road, Gandhi Chowk, Nagaur, Rajasthan","Water-Based Paints & Hardware",382
1135,"Jai Mandawa Paint & Sanitary Store",Jhunjhunu,"Mandawa Road","Trader R Jhunjhunu",+919414002281,"Shop 150, Main Road, Mandawa Road, Jhunjhunu, Rajasthan","Water-Based Paints & Hardware",395
1136,"New Niwai Colors & Coatings Agency",Tonk,"Niwai Industrial Area","Trader S Tonk",+919414002283,"Shop 151, Main Road, Niwai Industrial Area, Tonk, Rajasthan","Water-Based Paints & Hardware",408
1137,"Royal Town Hardware & Building Materials",Hanumangarh,"Town Main Bazaar","Trader T Hanumangarh",+919414002285,"Shop 152, Main Road, Town Main Bazaar, Hanumangarh, Rajasthan","Water-Based Paints & Hardware",421
1138,"Modern Bandikui Wall Protect & Texture Depot",Dausa,"Bandikui Mandi","Trader U Dausa",+919414002287,"Shop 153, Main Road, Bandikui Mandi, Dausa, Rajasthan","Water-Based Paints & Hardware",434
1139,"Star Refinery Trade Associates",Barmer,"Refinery Site Corridor","Trader V Barmer",+919414002289,"Shop 154, Main Road, Refinery Site Corridor, Barmer, Rajasthan","Water-Based Paints & Hardware",47
1140,"Classic Mansarovar Paints & Hardware Mart",Jaipur,"Mansarovar","Trader W Jaipur",+919414002291,"Shop 155, Main Road, Mansarovar, Jaipur, Rajasthan","Water-Based Paints & Hardware",60
1141,"National Basni Paint & Sanitary Store",Jodhpur,"Basni Industrial Area","Trader X Jodhpur",+919414002293,"Shop 156, Main Road, Basni Industrial Area, Jodhpur, Rajasthan","Water-Based Paints & Hardware",73
1142,"Ganesh Vigyan Colors & Coatings Agency",Kota,"Vigyan Nagar","Trader Y Kota",+919414002295,"Shop 157, Main Road, Vigyan Nagar, Kota, Rajasthan","Water-Based Paints & Hardware",86
1143,"Maruti Sadul Hardware & Building Materials",Bikaner,"Sadul Colony","Trader Z Bikaner",+919414002297,"Shop 158, Main Road, Sadul Colony, Bikaner, Rajasthan","Water-Based Paints & Hardware",99
1144,"Balaji Kishangarh Wall Protect & Texture Depot",Ajmer,"Kishangarh Marble Mandi","Trader A Ajmer",+919414002299,"Shop 159, Main Road, Kishangarh Marble Mandi, Ajmer, Rajasthan","Water-Based Paints & Hardware",112
1145,"Kalyan Fatehpura Trade Associates",Udaipur,"Fatehpura","Trader B Udaipur",+919414002301,"Shop 160, Main Road, Fatehpura, Udaipur, Rajasthan","Water-Based Paints & Hardware",125
1146,"Krishna RIICO Paints & Hardware Mart",Bhilwara,"RIICO Industrial Area","Trader C Bhilwara",+919414002303,"Shop 161, Main Road, RIICO Industrial Area, Bhilwara, Rajasthan","Water-Based Paints & Hardware",138
1147,"Vikas Manu Paint & Sanitary Store",Alwar,"Manu Marg","Trader D Alwar",+919414002305,"Shop 162, Main Road, Manu Marg, Alwar, Rajasthan","Water-Based Paints & Hardware",151
1148,"Shree Fatehpur Colors & Coatings Agency",Sikar,"Fatehpur Road","Trader E Sikar",+919414002307,"Shop 163, Main Road, Fatehpur Road, Sikar, Rajasthan","Water-Based Paints & Hardware",164
1149,"Jai Padampur Hardware & Building Materials",Sri Ganganagar,"Padampur Road","Trader F Sri Ganganagar",+919414002309,"Shop 164, Main Road, Padampur Road, Sri Ganganagar, Rajasthan","Water-Based Paints & Hardware",177
1150,"New Anah Wall Protect & Texture Depot",Bharatpur,"Anah Gate","Trader G Bharatpur",+919414002311,"Shop 165, Main Road, Anah Gate, Bharatpur, Rajasthan","Water-Based Paints & Hardware",190
1151,"Royal Sumerpur Trade Associates",Pali,"Sumerpur Road","Trader H Pali",+919414002313,"Shop 166, Main Road, Sumerpur Road, Pali, Rajasthan","Water-Based Paints & Hardware",203
1152,"Modern Collectorate Paints & Hardware Mart",Chittorgarh,"Collectorate Road","Trader I Chittorgarh",+919414002315,"Shop 167, Main Road, Collectorate Road, Chittorgarh, Rajasthan","Water-Based Paints & Hardware",216
1153,"Star Makrana Paint & Sanitary Store",Nagaur,"Makrana Marble Zone","Trader J Nagaur",+919414002317,"Shop 168, Main Road, Makrana Marble Zone, Nagaur, Rajasthan","Water-Based Paints & Hardware",229
1154,"Classic Khetri Colors & Coatings Agency",Jhunjhunu,"Khetri Nagar","Trader K Jhunjhunu",+919414002319,"Shop 169, Main Road, Khetri Nagar, Jhunjhunu, Rajasthan","Water-Based Paints & Hardware",242
1155,"National Malpura Hardware & Building Materials",Tonk,"Malpura Road","Trader L Tonk",+919414002321,"Shop 170, Main Road, Malpura Road, Tonk, Rajasthan","Water-Based Paints & Hardware",255
1156,"Ganesh Junction Wall Protect & Texture Depot",Hanumangarh,"Junction Market","Trader M Hanumangarh",+919414002323,"Shop 171, Main Road, Junction Market, Hanumangarh, Rajasthan","Water-Based Paints & Hardware",268
1157,"Maruti Station Trade Associates",Dausa,"Station Road","Trader N Dausa",+919414002325,"Shop 172, Main Road, Station Road, Dausa, Rajasthan","Water-Based Paints & Hardware",281
1158,"Balaji Sindhari Paints & Hardware Mart",Barmer,"Sindhari Road","Trader O Barmer",+919414002327,"Shop 173, Main Road, Sindhari Road, Barmer, Rajasthan","Water-Based Paints & Hardware",294
1159,"Kalyan Tonk Paint & Sanitary Store",Jaipur,"Tonk Road","Trader P Jaipur",+919414002329,"Shop 174, Main Road, Tonk Road, Jaipur, Rajasthan","Water-Based Paints & Hardware",307
1160,"Krishna Ratanada Colors & Coatings Agency",Jodhpur,"Ratanada","Trader Q Jodhpur",+919414002331,"Shop 175, Main Road, Ratanada, Jodhpur, Rajasthan","Water-Based Paints & Hardware",320
1161,"Vikas Mahaveer Hardware & Building Materials",Kota,"Mahaveer Nagar","Trader R Kota",+919414002333,"Shop 176, Main Road, Mahaveer Nagar, Kota, Rajasthan","Water-Based Paints & Hardware",333
1162,"Shree Bichhwal Wall Protect & Texture Depot",Bikaner,"Bichhwal Industrial Area","Trader S Bikaner",+919414002335,"Shop 177, Main Road, Bichhwal Industrial Area, Bikaner, Rajasthan","Water-Based Paints & Hardware",346
1163,"Jai Beawar Trade Associates",Ajmer,"Beawar City","Trader T Ajmer",+919414002337,"Shop 178, Main Road, Beawar City, Ajmer, Rajasthan","Water-Based Paints & Hardware",359
1164,"New Sukher Paints & Hardware Mart",Udaipur,"Sukher Industrial Area","Trader U Udaipur",+919414002339,"Shop 179, Main Road, Sukher Industrial Area, Udaipur, Rajasthan","Water-Based Paints & Hardware",372
1165,"Royal Bhopalganj Paint & Sanitary Store",Bhilwara,"Bhopalganj","Trader V Bhilwara",+919414002341,"Shop 180, Main Road, Bhopalganj, Bhilwara, Rajasthan","Water-Based Paints & Hardware",385
1166,"Modern Company Colors & Coatings Agency",Alwar,"Company Bagh","Trader W Alwar",+919414002343,"Shop 181, Main Road, Company Bagh, Alwar, Rajasthan","Water-Based Paints & Hardware",398
1167,"Star Piprali Hardware & Building Materials",Sikar,"Piprali Road","Trader X Sikar",+919414002345,"Shop 182, Main Road, Piprali Road, Sikar, Rajasthan","Water-Based Paints & Hardware",411
1168,"Classic Gola Wall Protect & Texture Depot",Sri Ganganagar,"Gola Market","Trader Y Sri Ganganagar",+919414002347,"Shop 183, Main Road, Gola Market, Sri Ganganagar, Rajasthan","Water-Based Paints & Hardware",424
1169,"National Circular Trade Associates",Bharatpur,"Circular Road","Trader Z Bharatpur",+919414002349,"Shop 184, Main Road, Circular Road, Bharatpur, Rajasthan","Water-Based Paints & Hardware",437
1170,"Ganesh Somnath Paints & Hardware Mart",Pali,"Somnath Temple Market","Trader A Pali",+919414002351,"Shop 185, Main Road, Somnath Temple Market, Pali, Rajasthan","Water-Based Paints & Hardware",50
1171,"Maruti Nimbahera Paint & Sanitary Store",Chittorgarh,"Nimbahera Town","Trader B Chittorgarh",+919414002353,"Shop 186, Main Road, Nimbahera Town, Chittorgarh, Rajasthan","Water-Based Paints & Hardware",63
1172,"Balaji Didwana Colors & Coatings Agency",Nagaur,"Didwana Road","Trader C Nagaur",+919414002355,"Shop 187, Main Road, Didwana Road, Nagaur, Rajasthan","Water-Based Paints & Hardware",76
1173,"Kalyan Chirawa Hardware & Building Materials",Jhunjhunu,"Chirawa Road","Trader D Jhunjhunu",+919414002357,"Shop 188, Main Road, Chirawa Road, Jhunjhunu, Rajasthan","Water-Based Paints & Hardware",89
1174,"Krishna Civil Wall Protect & Texture Depot",Tonk,"Civil Lines","Trader E Tonk",+919414002359,"Shop 189, Main Road, Civil Lines, Tonk, Rajasthan","Water-Based Paints & Hardware",102
1175,"Vikas Rawatsar Trade Associates",Hanumangarh,"Rawatsar Road","Trader F Hanumangarh",+919414002361,"Shop 190, Main Road, Rawatsar Road, Hanumangarh, Rajasthan","Water-Based Paints & Hardware",115
1176,"Shree Lalsot Paints & Hardware Mart",Dausa,"Lalsot Road","Trader G Dausa",+919414002363,"Shop 191, Main Road, Lalsot Road, Dausa, Rajasthan","Water-Based Paints & Hardware",128
1177,"Jai Balotra Paint & Sanitary Store",Barmer,"Balotra Textile & Hardware Hub","Trader H Barmer",+919414002365,"Shop 192, Main Road, Balotra Textile & Hardware Hub, Barmer, Rajasthan","Water-Based Paints & Hardware",141
1178,"New Amer Colors & Coatings Agency",Jaipur,"Amer Road","Trader I Jaipur",+919414002367,"Shop 193, Main Road, Amer Road, Jaipur, Rajasthan","Water-Based Paints & Hardware",154
1179,"Royal Mandore Hardware & Building Materials",Jodhpur,"Mandore Road","Trader J Jodhpur",+919414002369,"Shop 194, Main Road, Mandore Road, Jodhpur, Rajasthan","Water-Based Paints & Hardware",167
1180,"Modern Borkhera Wall Protect & Texture Depot",Kota,"Borkhera","Trader K Kota",+919414002371,"Shop 195, Main Road, Borkhera, Kota, Rajasthan","Water-Based Paints & Hardware",180
1181,"Star Rani Trade Associates",Bikaner,"Rani Bazar Industrial Area","Trader L Bikaner",+919414002373,"Shop 196, Main Road, Rani Bazar Industrial Area, Bikaner, Rajasthan","Water-Based Paints & Hardware",193
1182,"Classic Kutchery Paints & Hardware Mart",Ajmer,"Kutchery Road","Trader M Ajmer",+919414002375,"Shop 197, Main Road, Kutchery Road, Ajmer, Rajasthan","Water-Based Paints & Hardware",206
1183,"National Hiran Paint & Sanitary Store",Udaipur,"Hiran Magri","Trader N Udaipur",+919414002377,"Shop 198, Main Road, Hiran Magri, Udaipur, Rajasthan","Water-Based Paints & Hardware",219
1184,"Ganesh Sanganer Colors & Coatings Agency",Bhilwara,"Sanganer Road","Trader O Bhilwara",+919414002379,"Shop 199, Main Road, Sanganer Road, Bhilwara, Rajasthan","Water-Based Paints & Hardware",232
1185,"Maruti Bhiwadi Hardware & Building Materials",Alwar,"Bhiwadi Industrial Zone","Trader P Alwar",+919414002381,"Shop 200, Main Road, Bhiwadi Industrial Zone, Alwar, Rajasthan","Water-Based Paints & Hardware",245
1186,"Balaji Kotwali Wall Protect & Texture Depot",Sikar,"Kotwali Market","Trader Q Sikar",+919414002383,"Shop 201, Main Road, Kotwali Market, Sikar, Rajasthan","Water-Based Paints & Hardware",258
1187,"Kalyan Purani Trade Associates",Sri Ganganagar,"Purani Abadi","Trader R Sri Ganganagar",+919414002385,"Shop 202, Main Road, Purani Abadi, Sri Ganganagar, Rajasthan","Water-Based Paints & Hardware",271
1188,"Krishna Mathura Paints & Hardware Mart",Bharatpur,"Mathura Road","Trader S Bharatpur",+919414002387,"Shop 203, Main Road, Mathura Road, Bharatpur, Rajasthan","Water-Based Paints & Hardware",284
1189,"Vikas Suraj Paint & Sanitary Store",Pali,"Suraj Pole","Trader T Pali",+919414002389,"Shop 204, Main Road, Suraj Pole, Pali, Rajasthan","Water-Based Paints & Hardware",297
1190,"Shree Fort Colors & Coatings Agency",Chittorgarh,"Fort Road","Trader U Chittorgarh",+919414002391,"Shop 205, Main Road, Fort Road, Chittorgarh, Rajasthan","Water-Based Paints & Hardware",310
1191,"Jai Kuchaman Hardware & Building Materials",Nagaur,"Kuchaman City","Trader V Nagaur",+919414002393,"Shop 206, Main Road, Kuchaman City, Nagaur, Rajasthan","Water-Based Paints & Hardware",323
1192,"New Peeru Wall Protect & Texture Depot",Jhunjhunu,"Peeru Singh Circle","Trader W Jhunjhunu",+919414002395,"Shop 207, Main Road, Peeru Singh Circle, Jhunjhunu, Rajasthan","Water-Based Paints & Hardware",336
1193,"Royal Subhash Trade Associates",Tonk,"Subhash Chowk","Trader X Tonk",+919414002397,"Shop 208, Main Road, Subhash Chowk, Tonk, Rajasthan","Water-Based Paints & Hardware",349
1194,"Modern Industrial Paints & Hardware Mart",Hanumangarh,"Industrial Area","Trader Y Hanumangarh",+919414002399,"Shop 209, Main Road, Industrial Area, Hanumangarh, Rajasthan","Water-Based Paints & Hardware",362
1195,"Star Agra Paint & Sanitary Store",Dausa,"Agra Road","Trader Z Dausa",+919414002401,"Shop 210, Main Road, Agra Road, Dausa, Rajasthan","Water-Based Paints & Hardware",375
1196,"Classic Station Colors & Coatings Agency",Barmer,"Station Road","Trader A Barmer",+919414002403,"Shop 211, Main Road, Station Road, Barmer, Rajasthan","Water-Based Paints & Hardware",388
1197,"National Chomu Hardware & Building Materials",Jaipur,"Chomu","Trader B Jaipur",+919414002405,"Shop 212, Main Road, Chomu, Jaipur, Rajasthan","Water-Based Paints & Hardware",401
1198,"Ganesh Pal Wall Protect & Texture Depot",Jodhpur,"Pal Road","Trader C Jodhpur",+919414002407,"Shop 213, Main Road, Pal Road, Jodhpur, Rajasthan","Water-Based Paints & Hardware",414
1199,"Maruti Indraprastha Trade Associates",Kota,"Indraprastha Industrial Area","Trader D Kota",+919414002409,"Shop 214, Main Road, Indraprastha Industrial Area, Kota, Rajasthan","Water-Based Paints & Hardware",427
1200,"Balaji Kote Paints & Hardware Mart",Bikaner,"Kote Gate","Trader E Bikaner",+919414002411,"Shop 15, Main Road, Kote Gate, Bikaner, Rajasthan","Water-Based Paints & Hardware",40
1201,"Kalyan Madar Paint & Sanitary Store",Ajmer,"Madar Gate","Trader F Ajmer",+919414002413,"Shop 16, Main Road, Madar Gate, Ajmer, Rajasthan","Water-Based Paints & Hardware",53
1202,"Krishna Bapu Colors & Coatings Agency",Udaipur,"Bapu Bazar","Trader G Udaipur",+919414002415,"Shop 17, Main Road, Bapu Bazar, Udaipur, Rajasthan","Water-Based Paints & Hardware",66
1203,"Vikas Pur Hardware & Building Materials",Bhilwara,"Pur Road","Trader H Bhilwara",+919414002417,"Shop 18, Main Road, Pur Road, Bhilwara, Rajasthan","Water-Based Paints & Hardware",79
1204,"Shree Neemrana Wall Protect & Texture Depot",Alwar,"Neemrana Japanese Zone","Trader I Alwar",+919414002419,"Shop 19, Main Road, Neemrana Japanese Zone, Alwar, Rajasthan","Water-Based Paints & Hardware",92
1205,"Jai Salasar Trade Associates",Sikar,"Salasar Bus Stand","Trader J Sikar",+919414002421,"Shop 20, Main Road, Salasar Bus Stand, Sikar, Rajasthan","Water-Based Paints & Hardware",105
1206,"New Birbal Paints & Hardware Mart",Sri Ganganagar,"Birbal Chowk","Trader K Sri Ganganagar",+919414002423,"Shop 21, Main Road, Birbal Chowk, Sri Ganganagar, Rajasthan","Water-Based Paints & Hardware",118
1207,"Royal Sewar Paint & Sanitary Store",Bharatpur,"Sewar Industrial Area","Trader L Bharatpur",+919414002425,"Shop 22, Main Road, Sewar Industrial Area, Bharatpur, Rajasthan","Water-Based Paints & Hardware",131
1208,"Modern Mandia Colors & Coatings Agency",Pali,"Mandia Road Industrial Area","Trader M Pali",+919414002427,"Shop 23, Main Road, Mandia Road Industrial Area, Pali, Rajasthan","Water-Based Paints & Hardware",144
1209,"Star Chanderiya Hardware & Building Materials",Chittorgarh,"Chanderiya Industrial Area","Trader N Chittorgarh",+919414002429,"Shop 24, Main Road, Chanderiya Industrial Area, Chittorgarh, Rajasthan","Water-Based Paints & Hardware",157
1210,"Classic Merta Wall Protect & Texture Depot",Nagaur,"Merta City","Trader O Nagaur",+919414002431,"Shop 25, Main Road, Merta City, Nagaur, Rajasthan","Water-Based Paints & Hardware",170
1211,"National Gugali Trade Associates",Jhunjhunu,"Gugali Market","Trader P Jhunjhunu",+919414002433,"Shop 26, Main Road, Gugali Market, Jhunjhunu, Rajasthan","Water-Based Paints & Hardware",183
1212,"Ganesh Niwai Paints & Hardware Mart",Tonk,"Niwai Industrial Area","Trader Q Tonk",+919414002435,"Shop 27, Main Road, Niwai Industrial Area, Tonk, Rajasthan","Water-Based Paints & Hardware",196
1213,"Maruti Town Paint & Sanitary Store",Hanumangarh,"Town Main Bazaar","Trader R Hanumangarh",+919414002437,"Shop 28, Main Road, Town Main Bazaar, Hanumangarh, Rajasthan","Water-Based Paints & Hardware",209
1214,"Balaji Bandikui Colors & Coatings Agency",Dausa,"Bandikui Mandi","Trader S Dausa",+919414002439,"Shop 29, Main Road, Bandikui Mandi, Dausa, Rajasthan","Water-Based Paints & Hardware",222
1215,"Kalyan Refinery Hardware & Building Materials",Barmer,"Refinery Site Corridor","Trader T Barmer",+919414002441,"Shop 30, Main Road, Refinery Site Corridor, Barmer, Rajasthan","Water-Based Paints & Hardware",235
1216,"Krishna Malviya Wall Protect & Texture Depot",Jaipur,"Malviya Nagar","Trader U Jaipur",+919414002443,"Shop 31, Main Road, Malviya Nagar, Jaipur, Rajasthan","Water-Based Paints & Hardware",248
1217,"Vikas Shastri Trade Associates",Jodhpur,"Shastri Nagar","Trader V Jodhpur",+919414002445,"Shop 32, Main Road, Shastri Nagar, Jodhpur, Rajasthan","Water-Based Paints & Hardware",261
1218,"Shree Gumanpura Paints & Hardware Mart",Kota,"Gumanpura","Trader W Kota",+919414002447,"Shop 33, Main Road, Gumanpura, Kota, Rajasthan","Water-Based Paints & Hardware",274
1219,"Jai Nokha Paint & Sanitary Store",Bikaner,"Nokha Road","Trader X Bikaner",+919414002449,"Shop 34, Main Road, Nokha Road, Bikaner, Rajasthan","Water-Based Paints & Hardware",287
1220,"New Clock Colors & Coatings Agency",Ajmer,"Clock Tower Market","Trader Y Ajmer",+919414002451,"Shop 35, Main Road, Clock Tower Market, Ajmer, Rajasthan","Water-Based Paints & Hardware",300
1221,"Royal Mewar Hardware & Building Materials",Udaipur,"Mewar Industrial Area","Trader Z Udaipur",+919414002453,"Shop 36, Main Road, Mewar Industrial Area, Udaipur, Rajasthan","Water-Based Paints & Hardware",313
1222,"Modern Gandhi Wall Protect & Texture Depot",Bhilwara,"Gandhi Nagar","Trader A Bhilwara",+919414002455,"Shop 37, Main Road, Gandhi Nagar, Bhilwara, Rajasthan","Water-Based Paints & Hardware",326
1223,"Star Tijara Trade Associates",Alwar,"Tijara Road","Trader B Alwar",+919414002457,"Shop 38, Main Road, Tijara Road, Alwar, Rajasthan","Water-Based Paints & Hardware",339
1224,"Classic Station Paints & Hardware Mart",Sikar,"Station Road","Trader C Sikar",+919414002459,"Shop 39, Main Road, Station Road, Sikar, Rajasthan","Water-Based Paints & Hardware",352
1225,"National Suratgarh Paint & Sanitary Store",Sri Ganganagar,"Suratgarh Road","Trader D Sri Ganganagar",+919414002461,"Shop 40, Main Road, Suratgarh Road, Sri Ganganagar, Rajasthan","Water-Based Paints & Hardware",365
1226,"Ganesh Kumher Colors & Coatings Agency",Bharatpur,"Kumher Gate","Trader E Bharatpur",+919414002463,"Shop 41, Main Road, Kumher Gate, Bharatpur, Rajasthan","Water-Based Paints & Hardware",378
1227,"Maruti Sumerpur Hardware & Building Materials",Pali,"Sumerpur Road","Trader F Pali",+919414002465,"Shop 42, Main Road, Sumerpur Road, Pali, Rajasthan","Water-Based Paints & Hardware",391
1228,"Balaji Collectorate Wall Protect & Texture Depot",Chittorgarh,"Collectorate Road","Trader G Chittorgarh",+919414002467,"Shop 43, Main Road, Collectorate Road, Chittorgarh, Rajasthan","Water-Based Paints & Hardware",404
1229,"Kalyan Gandhi Trade Associates",Nagaur,"Gandhi Chowk","Trader H Nagaur",+919414002469,"Shop 44, Main Road, Gandhi Chowk, Nagaur, Rajasthan","Water-Based Paints & Hardware",417
1230,"Krishna Mandawa Paints & Hardware Mart",Jhunjhunu,"Mandawa Road","Trader I Jhunjhunu",+919414002471,"Shop 45, Main Road, Mandawa Road, Jhunjhunu, Rajasthan","Water-Based Paints & Hardware",430
1231,"Vikas Malpura Paint & Sanitary Store",Tonk,"Malpura Road","Trader J Tonk",+919414002473,"Shop 46, Main Road, Malpura Road, Tonk, Rajasthan","Water-Based Paints & Hardware",43
1232,"Shree Junction Colors & Coatings Agency",Hanumangarh,"Junction Market","Trader K Hanumangarh",+919414002475,"Shop 47, Main Road, Junction Market, Hanumangarh, Rajasthan","Water-Based Paints & Hardware",56
1233,"Jai Station Hardware & Building Materials",Dausa,"Station Road","Trader L Dausa",+919414002477,"Shop 48, Main Road, Station Road, Dausa, Rajasthan","Water-Based Paints & Hardware",69
1234,"New Sindhari Wall Protect & Texture Depot",Barmer,"Sindhari Road","Trader M Barmer",+919414002479,"Shop 49, Main Road, Sindhari Road, Barmer, Rajasthan","Water-Based Paints & Hardware",82
1235,"Royal Transport Trade Associates",Jaipur,"Transport Nagar","Trader N Jaipur",+919414002481,"Shop 50, Main Road, Transport Nagar, Jaipur, Rajasthan","Water-Based Paints & Hardware",95
1236,"Modern Boranada Paints & Hardware Mart",Jodhpur,"Boranada SEZ","Trader O Jodhpur",+919414002483,"Shop 51, Main Road, Boranada SEZ, Jodhpur, Rajasthan","Water-Based Paints & Hardware",108
1237,"Star DCM Paint & Sanitary Store",Kota,"DCM Road","Trader P Kota",+919414002485,"Shop 52, Main Road, DCM Road, Kota, Rajasthan","Water-Based Paints & Hardware",121
1238,"Classic Sadul Colors & Coatings Agency",Bikaner,"Sadul Colony","Trader Q Bikaner",+919414002487,"Shop 53, Main Road, Sadul Colony, Bikaner, Rajasthan","Water-Based Paints & Hardware",134
1239,"National Parbatpura Hardware & Building Materials",Ajmer,"Parbatpura Industrial Area","Trader R Ajmer",+919414002489,"Shop 54, Main Road, Parbatpura Industrial Area, Ajmer, Rajasthan","Water-Based Paints & Hardware",147
1240,"Ganesh Udaisagar Wall Protect & Texture Depot",Udaipur,"Udaisagar Road","Trader S Udaipur",+919414002491,"Shop 55, Main Road, Udaisagar Road, Udaipur, Rajasthan","Water-Based Paints & Hardware",160
1241,"Maruti RIICO Trade Associates",Bhilwara,"RIICO Industrial Area","Trader T Bhilwara",+919414002493,"Shop 56, Main Road, RIICO Industrial Area, Bhilwara, Rajasthan","Water-Based Paints & Hardware",173
1242,"Balaji MIA Paints & Hardware Mart",Alwar,"MIA Industrial Area","Trader U Alwar",+919414002495,"Shop 57, Main Road, MIA Industrial Area, Alwar, Rajasthan","Water-Based Paints & Hardware",186
1243,"Kalyan Bajoria Paint & Sanitary Store",Sikar,"Bajoria Road","Trader V Sikar",+919414002497,"Shop 58, Main Road, Bajoria Road, Sikar, Rajasthan","Water-Based Paints & Hardware",199
1244,"Krishna Padampur Colors & Coatings Agency",Sri Ganganagar,"Padampur Road","Trader W Sri Ganganagar",+919414002499,"Shop 59, Main Road, Padampur Road, Sri Ganganagar, Rajasthan","Water-Based Paints & Hardware",212
1245,"Vikas Anah Hardware & Building Materials",Bharatpur,"Anah Gate","Trader X Bharatpur",+919414002501,"Shop 60, Main Road, Anah Gate, Bharatpur, Rajasthan","Water-Based Paints & Hardware",225
1246,"Shree Somnath Wall Protect & Texture Depot",Pali,"Somnath Temple Market","Trader Y Pali",+919414002503,"Shop 61, Main Road, Somnath Temple Market, Pali, Rajasthan","Water-Based Paints & Hardware",238
1247,"Jai Nimbahera Trade Associates",Chittorgarh,"Nimbahera Town","Trader Z Chittorgarh",+919414002505,"Shop 62, Main Road, Nimbahera Town, Chittorgarh, Rajasthan","Water-Based Paints & Hardware",251
1248,"New Makrana Paints & Hardware Mart",Nagaur,"Makrana Marble Zone","Trader A Nagaur",+919414002507,"Shop 63, Main Road, Makrana Marble Zone, Nagaur, Rajasthan","Water-Based Paints & Hardware",264
1249,"Royal Khetri Paint & Sanitary Store",Jhunjhunu,"Khetri Nagar","Trader B Jhunjhunu",+919414002509,"Shop 64, Main Road, Khetri Nagar, Jhunjhunu, Rajasthan","Water-Based Paints & Hardware",277
1250,"Modern Civil Colors & Coatings Agency",Tonk,"Civil Lines","Trader C Tonk",+919414002511,"Shop 65, Main Road, Civil Lines, Tonk, Rajasthan","Water-Based Paints & Hardware",290
1251,"Star Rawatsar Hardware & Building Materials",Hanumangarh,"Rawatsar Road","Trader D Hanumangarh",+919414002513,"Shop 66, Main Road, Rawatsar Road, Hanumangarh, Rajasthan","Water-Based Paints & Hardware",303
1252,"Classic Lalsot Wall Protect & Texture Depot",Dausa,"Lalsot Road","Trader E Dausa",+919414002515,"Shop 67, Main Road, Lalsot Road, Dausa, Rajasthan","Water-Based Paints & Hardware",316
1253,"National Balotra Trade Associates",Barmer,"Balotra Textile & Hardware Hub","Trader F Barmer",+919414002517,"Shop 68, Main Road, Balotra Textile & Hardware Hub, Barmer, Rajasthan","Water-Based Paints & Hardware",329
1254,"Ganesh Vaishali Paints & Hardware Mart",Jaipur,"Vaishali Nagar","Trader G Jaipur",+919414002519,"Shop 69, Main Road, Vaishali Nagar, Jaipur, Rajasthan","Water-Based Paints & Hardware",342
1255,"Maruti Sardarpura Paint & Sanitary Store",Jodhpur,"Sardarpura","Trader H Jodhpur",+919414002521,"Shop 70, Main Road, Sardarpura, Jodhpur, Rajasthan","Water-Based Paints & Hardware",355
1256,"Balaji Rampura Colors & Coatings Agency",Kota,"Rampura","Trader I Kota",+919414002523,"Shop 71, Main Road, Rampura, Kota, Rajasthan","Water-Based Paints & Hardware",368
1257,"Kalyan Bichhwal Hardware & Building Materials",Bikaner,"Bichhwal Industrial Area","Trader J Bikaner",+919414002525,"Shop 72, Main Road, Bichhwal Industrial Area, Bikaner, Rajasthan","Water-Based Paints & Hardware",381
1258,"Krishna Kishangarh Wall Protect & Texture Depot",Ajmer,"Kishangarh Marble Mandi","Trader K Ajmer",+919414002527,"Shop 73, Main Road, Kishangarh Marble Mandi, Ajmer, Rajasthan","Water-Based Paints & Hardware",394
1259,"Vikas Fatehpura Trade Associates",Udaipur,"Fatehpura","Trader L Udaipur",+919414002529,"Shop 74, Main Road, Fatehpura, Udaipur, Rajasthan","Water-Based Paints & Hardware",407
1260,"Shree Bhopalganj Paints & Hardware Mart",Bhilwara,"Bhopalganj","Trader M Bhilwara",+919414002531,"Shop 75, Main Road, Bhopalganj, Bhilwara, Rajasthan","Water-Based Paints & Hardware",420
1261,"Jai Manu Paint & Sanitary Store",Alwar,"Manu Marg","Trader N Alwar",+919414002533,"Shop 76, Main Road, Manu Marg, Alwar, Rajasthan","Water-Based Paints & Hardware",433
1262,"New Fatehpur Colors & Coatings Agency",Sikar,"Fatehpur Road","Trader O Sikar",+919414002535,"Shop 77, Main Road, Fatehpur Road, Sikar, Rajasthan","Water-Based Paints & Hardware",46
1263,"Royal Gola Hardware & Building Materials",Sri Ganganagar,"Gola Market","Trader P Sri Ganganagar",+919414002537,"Shop 78, Main Road, Gola Market, Sri Ganganagar, Rajasthan","Water-Based Paints & Hardware",59
1264,"Modern Circular Wall Protect & Texture Depot",Bharatpur,"Circular Road","Trader Q Bharatpur",+919414002539,"Shop 79, Main Road, Circular Road, Bharatpur, Rajasthan","Water-Based Paints & Hardware",72
1265,"Star Suraj Trade Associates",Pali,"Suraj Pole","Trader R Pali",+919414002541,"Shop 80, Main Road, Suraj Pole, Pali, Rajasthan","Water-Based Paints & Hardware",85
1266,"Classic Fort Paints & Hardware Mart",Chittorgarh,"Fort Road","Trader S Chittorgarh",+919414002543,"Shop 81, Main Road, Fort Road, Chittorgarh, Rajasthan","Water-Based Paints & Hardware",98
1267,"National Didwana Paint & Sanitary Store",Nagaur,"Didwana Road","Trader T Nagaur",+919414002545,"Shop 82, Main Road, Didwana Road, Nagaur, Rajasthan","Water-Based Paints & Hardware",111
1268,"Ganesh Chirawa Colors & Coatings Agency",Jhunjhunu,"Chirawa Road","Trader U Jhunjhunu",+919414002547,"Shop 83, Main Road, Chirawa Road, Jhunjhunu, Rajasthan","Water-Based Paints & Hardware",124
1269,"Maruti Subhash Hardware & Building Materials",Tonk,"Subhash Chowk","Trader V Tonk",+919414002549,"Shop 84, Main Road, Subhash Chowk, Tonk, Rajasthan","Water-Based Paints & Hardware",137
1270,"Balaji Industrial Wall Protect & Texture Depot",Hanumangarh,"Industrial Area","Trader W Hanumangarh",+919414002551,"Shop 85, Main Road, Industrial Area, Hanumangarh, Rajasthan","Water-Based Paints & Hardware",150
1271,"Kalyan Agra Trade Associates",Dausa,"Agra Road","Trader X Dausa",+919414002553,"Shop 86, Main Road, Agra Road, Dausa, Rajasthan","Water-Based Paints & Hardware",163
1272,"Krishna Station Paints & Hardware Mart",Barmer,"Station Road","Trader Y Barmer",+919414002555,"Shop 87, Main Road, Station Road, Barmer, Rajasthan","Water-Based Paints & Hardware",176
1273,"Vikas Jhotwara Paint & Sanitary Store",Jaipur,"Jhotwara","Trader Z Jaipur",+919414002557,"Shop 88, Main Road, Jhotwara, Jaipur, Rajasthan","Water-Based Paints & Hardware",189
1274,"Shree Basni Colors & Coatings Agency",Jodhpur,"Basni Industrial Area","Trader A Jodhpur",+919414002559,"Shop 89, Main Road, Basni Industrial Area, Jodhpur, Rajasthan","Water-Based Paints & Hardware",202
1275,"Jai Vigyan Hardware & Building Materials",Kota,"Vigyan Nagar","Trader B Kota",+919414002561,"Shop 90, Main Road, Vigyan Nagar, Kota, Rajasthan","Water-Based Paints & Hardware",215
1276,"New Rani Wall Protect & Texture Depot",Bikaner,"Rani Bazar Industrial Area","Trader C Bikaner",+919414002563,"Shop 91, Main Road, Rani Bazar Industrial Area, Bikaner, Rajasthan","Water-Based Paints & Hardware",228
1277,"Royal Beawar Trade Associates",Ajmer,"Beawar City","Trader D Ajmer",+919414002565,"Shop 92, Main Road, Beawar City, Ajmer, Rajasthan","Water-Based Paints & Hardware",241
1278,"Modern Sukher Paints & Hardware Mart",Udaipur,"Sukher Industrial Area","Trader E Udaipur",+919414002567,"Shop 93, Main Road, Sukher Industrial Area, Udaipur, Rajasthan","Water-Based Paints & Hardware",254
1279,"Star Sanganer Paint & Sanitary Store",Bhilwara,"Sanganer Road","Trader F Bhilwara",+919414002569,"Shop 94, Main Road, Sanganer Road, Bhilwara, Rajasthan","Water-Based Paints & Hardware",267
1280,"Classic Company Colors & Coatings Agency",Alwar,"Company Bagh","Trader G Alwar",+919414002571,"Shop 95, Main Road, Company Bagh, Alwar, Rajasthan","Water-Based Paints & Hardware",280
1281,"National Piprali Hardware & Building Materials",Sikar,"Piprali Road","Trader H Sikar",+919414002573,"Shop 96, Main Road, Piprali Road, Sikar, Rajasthan","Water-Based Paints & Hardware",293
1282,"Ganesh Purani Wall Protect & Texture Depot",Sri Ganganagar,"Purani Abadi","Trader I Sri Ganganagar",+919414002575,"Shop 97, Main Road, Purani Abadi, Sri Ganganagar, Rajasthan","Water-Based Paints & Hardware",306
1283,"Maruti Mathura Trade Associates",Bharatpur,"Mathura Road","Trader J Bharatpur",+919414002577,"Shop 98, Main Road, Mathura Road, Bharatpur, Rajasthan","Water-Based Paints & Hardware",319
1284,"Balaji Mandia Paints & Hardware Mart",Pali,"Mandia Road Industrial Area","Trader K Pali",+919414002579,"Shop 99, Main Road, Mandia Road Industrial Area, Pali, Rajasthan","Water-Based Paints & Hardware",332
1285,"Kalyan Chanderiya Paint & Sanitary Store",Chittorgarh,"Chanderiya Industrial Area","Trader L Chittorgarh",+919414002581,"Shop 100, Main Road, Chanderiya Industrial Area, Chittorgarh, Rajasthan","Water-Based Paints & Hardware",345
1286,"Krishna Kuchaman Colors & Coatings Agency",Nagaur,"Kuchaman City","Trader M Nagaur",+919414002583,"Shop 101, Main Road, Kuchaman City, Nagaur, Rajasthan","Water-Based Paints & Hardware",358
1287,"Vikas Peeru Hardware & Building Materials",Jhunjhunu,"Peeru Singh Circle","Trader N Jhunjhunu",+919414002585,"Shop 102, Main Road, Peeru Singh Circle, Jhunjhunu, Rajasthan","Water-Based Paints & Hardware",371
1288,"Shree Niwai Wall Protect & Texture Depot",Tonk,"Niwai Industrial Area","Trader O Tonk",+919414002587,"Shop 103, Main Road, Niwai Industrial Area, Tonk, Rajasthan","Water-Based Paints & Hardware",384
1289,"Jai Town Trade Associates",Hanumangarh,"Town Main Bazaar","Trader P Hanumangarh",+919414002589,"Shop 104, Main Road, Town Main Bazaar, Hanumangarh, Rajasthan","Water-Based Paints & Hardware",397
1290,"New Bandikui Paints & Hardware Mart",Dausa,"Bandikui Mandi","Trader Q Dausa",+919414002591,"Shop 105, Main Road, Bandikui Mandi, Dausa, Rajasthan","Water-Based Paints & Hardware",410
1291,"Royal Refinery Paint & Sanitary Store",Barmer,"Refinery Site Corridor","Trader R Barmer",+919414002593,"Shop 106, Main Road, Refinery Site Corridor, Barmer, Rajasthan","Water-Based Paints & Hardware",423
1292,"Modern Sanganer Colors & Coatings Agency",Jaipur,"Sanganer Town","Trader S Jaipur",+919414002595,"Shop 107, Main Road, Sanganer Town, Jaipur, Rajasthan","Water-Based Paints & Hardware",436
1293,"Star Ratanada Hardware & Building Materials",Jodhpur,"Ratanada","Trader T Jodhpur",+919414002597,"Shop 108, Main Road, Ratanada, Jodhpur, Rajasthan","Water-Based Paints & Hardware",49
1294,"Classic Mahaveer Wall Protect & Texture Depot",Kota,"Mahaveer Nagar","Trader U Kota",+919414002599,"Shop 109, Main Road, Mahaveer Nagar, Kota, Rajasthan","Water-Based Paints & Hardware",62
1295,"National Kote Trade Associates",Bikaner,"Kote Gate","Trader V Bikaner",+919414002601,"Shop 110, Main Road, Kote Gate, Bikaner, Rajasthan","Water-Based Paints & Hardware",75
1296,"Ganesh Kutchery Paints & Hardware Mart",Ajmer,"Kutchery Road","Trader W Ajmer",+919414002603,"Shop 111, Main Road, Kutchery Road, Ajmer, Rajasthan","Water-Based Paints & Hardware",88
1297,"Maruti Hiran Paint & Sanitary Store",Udaipur,"Hiran Magri","Trader X Udaipur",+919414002605,"Shop 112, Main Road, Hiran Magri, Udaipur, Rajasthan","Water-Based Paints & Hardware",101
1298,"Balaji Pur Colors & Coatings Agency",Bhilwara,"Pur Road","Trader Y Bhilwara",+919414002607,"Shop 113, Main Road, Pur Road, Bhilwara, Rajasthan","Water-Based Paints & Hardware",114
1299,"Kalyan Bhiwadi Hardware & Building Materials",Alwar,"Bhiwadi Industrial Zone","Trader Z Alwar",+919414002609,"Shop 114, Main Road, Bhiwadi Industrial Zone, Alwar, Rajasthan","Water-Based Paints & Hardware",127
1300,"Krishna Kotwali Wall Protect & Texture Depot",Sikar,"Kotwali Market","Trader A Sikar",+919414002611,"Shop 115, Main Road, Kotwali Market, Sikar, Rajasthan","Water-Based Paints & Hardware",140
1301,"Vikas Birbal Trade Associates",Sri Ganganagar,"Birbal Chowk","Trader B Sri Ganganagar",+919414002613,"Shop 116, Main Road, Birbal Chowk, Sri Ganganagar, Rajasthan","Water-Based Paints & Hardware",153
1302,"Shree Sewar Paints & Hardware Mart",Bharatpur,"Sewar Industrial Area","Trader C Bharatpur",+919414002615,"Shop 117, Main Road, Sewar Industrial Area, Bharatpur, Rajasthan","Water-Based Paints & Hardware",166
1303,"Jai Sumerpur Paint & Sanitary Store",Pali,"Sumerpur Road","Trader D Pali",+919414002617,"Shop 118, Main Road, Sumerpur Road, Pali, Rajasthan","Water-Based Paints & Hardware",179
1304,"New Collectorate Colors & Coatings Agency",Chittorgarh,"Collectorate Road","Trader E Chittorgarh",+919414002619,"Shop 119, Main Road, Collectorate Road, Chittorgarh, Rajasthan","Water-Based Paints & Hardware",192
1305,"Royal Merta Hardware & Building Materials",Nagaur,"Merta City","Trader F Nagaur",+919414002621,"Shop 120, Main Road, Merta City, Nagaur, Rajasthan","Water-Based Paints & Hardware",205
1306,"Modern Gugali Wall Protect & Texture Depot",Jhunjhunu,"Gugali Market","Trader G Jhunjhunu",+919414002623,"Shop 121, Main Road, Gugali Market, Jhunjhunu, Rajasthan","Water-Based Paints & Hardware",218
1307,"Star Malpura Trade Associates",Tonk,"Malpura Road","Trader H Tonk",+919414002625,"Shop 122, Main Road, Malpura Road, Tonk, Rajasthan","Water-Based Paints & Hardware",231
1308,"Classic Junction Paints & Hardware Mart",Hanumangarh,"Junction Market","Trader I Hanumangarh",+919414002627,"Shop 123, Main Road, Junction Market, Hanumangarh, Rajasthan","Water-Based Paints & Hardware",244
1309,"National Station Paint & Sanitary Store",Dausa,"Station Road","Trader J Dausa",+919414002629,"Shop 124, Main Road, Station Road, Dausa, Rajasthan","Water-Based Paints & Hardware",257
1310,"Ganesh Sindhari Colors & Coatings Agency",Barmer,"Sindhari Road","Trader K Barmer",+919414002631,"Shop 125, Main Road, Sindhari Road, Barmer, Rajasthan","Water-Based Paints & Hardware",270
1311,"Maruti VKI Hardware & Building Materials",Jaipur,"VKI Industrial Area","Trader L Jaipur",+919414002633,"Shop 126, Main Road, VKI Industrial Area, Jaipur, Rajasthan","Water-Based Paints & Hardware",283
1312,"Balaji Mandore Wall Protect & Texture Depot",Jodhpur,"Mandore Road","Trader M Jodhpur",+919414002635,"Shop 127, Main Road, Mandore Road, Jodhpur, Rajasthan","Water-Based Paints & Hardware",296
1313,"Kalyan Borkhera Trade Associates",Kota,"Borkhera","Trader N Kota",+919414002637,"Shop 128, Main Road, Borkhera, Kota, Rajasthan","Water-Based Paints & Hardware",309
1314,"Krishna Nokha Paints & Hardware Mart",Bikaner,"Nokha Road","Trader O Bikaner",+919414002639,"Shop 129, Main Road, Nokha Road, Bikaner, Rajasthan","Water-Based Paints & Hardware",322
1315,"Vikas Madar Paint & Sanitary Store",Ajmer,"Madar Gate","Trader P Ajmer",+919414002641,"Shop 130, Main Road, Madar Gate, Ajmer, Rajasthan","Water-Based Paints & Hardware",335
1316,"Shree Bapu Colors & Coatings Agency",Udaipur,"Bapu Bazar","Trader Q Udaipur",+919414002643,"Shop 131, Main Road, Bapu Bazar, Udaipur, Rajasthan","Water-Based Paints & Hardware",348
1317,"Jai Gandhi Hardware & Building Materials",Bhilwara,"Gandhi Nagar","Trader R Bhilwara",+919414002645,"Shop 132, Main Road, Gandhi Nagar, Bhilwara, Rajasthan","Water-Based Paints & Hardware",361
1318,"New Neemrana Wall Protect & Texture Depot",Alwar,"Neemrana Japanese Zone","Trader S Alwar",+919414002647,"Shop 133, Main Road, Neemrana Japanese Zone, Alwar, Rajasthan","Water-Based Paints & Hardware",374
1319,"Royal Salasar Trade Associates",Sikar,"Salasar Bus Stand","Trader T Sikar",+919414002649,"Shop 134, Main Road, Salasar Bus Stand, Sikar, Rajasthan","Water-Based Paints & Hardware",387
1320,"Modern Suratgarh Paints & Hardware Mart",Sri Ganganagar,"Suratgarh Road","Trader U Sri Ganganagar",+919414002651,"Shop 135, Main Road, Suratgarh Road, Sri Ganganagar, Rajasthan","Water-Based Paints & Hardware",400
1321,"Star Kumher Paint & Sanitary Store",Bharatpur,"Kumher Gate","Trader V Bharatpur",+919414002653,"Shop 136, Main Road, Kumher Gate, Bharatpur, Rajasthan","Water-Based Paints & Hardware",413
1322,"Classic Somnath Colors & Coatings Agency",Pali,"Somnath Temple Market","Trader W Pali",+919414002655,"Shop 137, Main Road, Somnath Temple Market, Pali, Rajasthan","Water-Based Paints & Hardware",426
1323,"National Nimbahera Hardware & Building Materials",Chittorgarh,"Nimbahera Town","Trader X Chittorgarh",+919414002657,"Shop 138, Main Road, Nimbahera Town, Chittorgarh, Rajasthan","Water-Based Paints & Hardware",439
1324,"Ganesh Gandhi Wall Protect & Texture Depot",Nagaur,"Gandhi Chowk","Trader Y Nagaur",+919414002659,"Shop 139, Main Road, Gandhi Chowk, Nagaur, Rajasthan","Water-Based Paints & Hardware",52
1325,"Maruti Mandawa Trade Associates",Jhunjhunu,"Mandawa Road","Trader Z Jhunjhunu",+919414002661,"Shop 140, Main Road, Mandawa Road, Jhunjhunu, Rajasthan","Water-Based Paints & Hardware",65
1326,"Balaji Civil Paints & Hardware Mart",Tonk,"Civil Lines","Trader A Tonk",+919414002663,"Shop 141, Main Road, Civil Lines, Tonk, Rajasthan","Water-Based Paints & Hardware",78
1327,"Kalyan Rawatsar Paint & Sanitary Store",Hanumangarh,"Rawatsar Road","Trader B Hanumangarh",+919414002665,"Shop 142, Main Road, Rawatsar Road, Hanumangarh, Rajasthan","Water-Based Paints & Hardware",91
1328,"Krishna Lalsot Colors & Coatings Agency",Dausa,"Lalsot Road","Trader C Dausa",+919414002667,"Shop 143, Main Road, Lalsot Road, Dausa, Rajasthan","Water-Based Paints & Hardware",104
1329,"Vikas Balotra Hardware & Building Materials",Barmer,"Balotra Textile & Hardware Hub","Trader D Barmer",+919414002669,"Shop 144, Main Road, Balotra Textile & Hardware Hub, Barmer, Rajasthan","Water-Based Paints & Hardware",117
1330,"Shree Mansarovar Wall Protect & Texture Depot",Jaipur,"Mansarovar","Trader E Jaipur",+919414002671,"Shop 145, Main Road, Mansarovar, Jaipur, Rajasthan","Water-Based Paints & Hardware",130
1331,"Jai Pal Trade Associates",Jodhpur,"Pal Road","Trader F Jodhpur",+919414002673,"Shop 146, Main Road, Pal Road, Jodhpur, Rajasthan","Water-Based Paints & Hardware",143
1332,"New Indraprastha Paints & Hardware Mart",Kota,"Indraprastha Industrial Area","Trader G Kota",+919414002675,"Shop 147, Main Road, Indraprastha Industrial Area, Kota, Rajasthan","Water-Based Paints & Hardware",156
1333,"Royal Sadul Paint & Sanitary Store",Bikaner,"Sadul Colony","Trader H Bikaner",+919414002677,"Shop 148, Main Road, Sadul Colony, Bikaner, Rajasthan","Water-Based Paints & Hardware",169
1334,"Modern Clock Colors & Coatings Agency",Ajmer,"Clock Tower Market","Trader I Ajmer",+919414002679,"Shop 149, Main Road, Clock Tower Market, Ajmer, Rajasthan","Water-Based Paints & Hardware",182
1335,"Star Mewar Hardware & Building Materials",Udaipur,"Mewar Industrial Area","Trader J Udaipur",+919414002681,"Shop 150, Main Road, Mewar Industrial Area, Udaipur, Rajasthan","Water-Based Paints & Hardware",195
1336,"Classic RIICO Wall Protect & Texture Depot",Bhilwara,"RIICO Industrial Area","Trader K Bhilwara",+919414002683,"Shop 151, Main Road, RIICO Industrial Area, Bhilwara, Rajasthan","Water-Based Paints & Hardware",208
1337,"National Tijara Trade Associates",Alwar,"Tijara Road","Trader L Alwar",+919414002685,"Shop 152, Main Road, Tijara Road, Alwar, Rajasthan","Water-Based Paints & Hardware",221
1338,"Ganesh Station Paints & Hardware Mart",Sikar,"Station Road","Trader M Sikar",+919414002687,"Shop 153, Main Road, Station Road, Sikar, Rajasthan","Water-Based Paints & Hardware",234
1339,"Maruti Padampur Paint & Sanitary Store",Sri Ganganagar,"Padampur Road","Trader N Sri Ganganagar",+919414002689,"Shop 154, Main Road, Padampur Road, Sri Ganganagar, Rajasthan","Water-Based Paints & Hardware",247
1340,"Balaji Anah Colors & Coatings Agency",Bharatpur,"Anah Gate","Trader O Bharatpur",+919414002691,"Shop 155, Main Road, Anah Gate, Bharatpur, Rajasthan","Water-Based Paints & Hardware",260
1341,"Kalyan Suraj Hardware & Building Materials",Pali,"Suraj Pole","Trader P Pali",+919414002693,"Shop 156, Main Road, Suraj Pole, Pali, Rajasthan","Water-Based Paints & Hardware",273
1342,"Krishna Fort Wall Protect & Texture Depot",Chittorgarh,"Fort Road","Trader Q Chittorgarh",+919414002695,"Shop 157, Main Road, Fort Road, Chittorgarh, Rajasthan","Water-Based Paints & Hardware",286
1343,"Vikas Makrana Trade Associates",Nagaur,"Makrana Marble Zone","Trader R Nagaur",+919414002697,"Shop 158, Main Road, Makrana Marble Zone, Nagaur, Rajasthan","Water-Based Paints & Hardware",299
1344,"Shree Khetri Paints & Hardware Mart",Jhunjhunu,"Khetri Nagar","Trader S Jhunjhunu",+919414002699,"Shop 159, Main Road, Khetri Nagar, Jhunjhunu, Rajasthan","Water-Based Paints & Hardware",312
1345,"Jai Subhash Paint & Sanitary Store",Tonk,"Subhash Chowk","Trader T Tonk",+919414002701,"Shop 160, Main Road, Subhash Chowk, Tonk, Rajasthan","Water-Based Paints & Hardware",325
1346,"New Industrial Colors & Coatings Agency",Hanumangarh,"Industrial Area","Trader U Hanumangarh",+919414002703,"Shop 161, Main Road, Industrial Area, Hanumangarh, Rajasthan","Water-Based Paints & Hardware",338
1347,"Royal Agra Hardware & Building Materials",Dausa,"Agra Road","Trader V Dausa",+919414002705,"Shop 162, Main Road, Agra Road, Dausa, Rajasthan","Water-Based Paints & Hardware",351
1348,"Modern Station Wall Protect & Texture Depot",Barmer,"Station Road","Trader W Barmer",+919414002707,"Shop 163, Main Road, Station Road, Barmer, Rajasthan","Water-Based Paints & Hardware",364
1349,"Star Tonk Trade Associates",Jaipur,"Tonk Road","Trader X Jaipur",+919414002709,"Shop 164, Main Road, Tonk Road, Jaipur, Rajasthan","Water-Based Paints & Hardware",377
1350,"Classic Shastri Paints & Hardware Mart",Jodhpur,"Shastri Nagar","Trader Y Jodhpur",+919414002711,"Shop 165, Main Road, Shastri Nagar, Jodhpur, Rajasthan","Water-Based Paints & Hardware",390
1351,"National Gumanpura Paint & Sanitary Store",Kota,"Gumanpura","Trader Z Kota",+919414002713,"Shop 166, Main Road, Gumanpura, Kota, Rajasthan","Water-Based Paints & Hardware",403
1352,"Ganesh Bichhwal Colors & Coatings Agency",Bikaner,"Bichhwal Industrial Area","Trader A Bikaner",+919414002715,"Shop 167, Main Road, Bichhwal Industrial Area, Bikaner, Rajasthan","Water-Based Paints & Hardware",416
1353,"Maruti Parbatpura Hardware & Building Materials",Ajmer,"Parbatpura Industrial Area","Trader B Ajmer",+919414002717,"Shop 168, Main Road, Parbatpura Industrial Area, Ajmer, Rajasthan","Water-Based Paints & Hardware",429
1354,"Balaji Udaisagar Wall Protect & Texture Depot",Udaipur,"Udaisagar Road","Trader C Udaipur",+919414002719,"Shop 169, Main Road, Udaisagar Road, Udaipur, Rajasthan","Water-Based Paints & Hardware",42
1355,"Kalyan Bhopalganj Trade Associates",Bhilwara,"Bhopalganj","Trader D Bhilwara",+919414002721,"Shop 170, Main Road, Bhopalganj, Bhilwara, Rajasthan","Water-Based Paints & Hardware",55
1356,"Krishna MIA Paints & Hardware Mart",Alwar,"MIA Industrial Area","Trader E Alwar",+919414002723,"Shop 171, Main Road, MIA Industrial Area, Alwar, Rajasthan","Water-Based Paints & Hardware",68
1357,"Vikas Bajoria Paint & Sanitary Store",Sikar,"Bajoria Road","Trader F Sikar",+919414002725,"Shop 172, Main Road, Bajoria Road, Sikar, Rajasthan","Water-Based Paints & Hardware",81
1358,"Shree Gola Colors & Coatings Agency",Sri Ganganagar,"Gola Market","Trader G Sri Ganganagar",+919414002727,"Shop 173, Main Road, Gola Market, Sri Ganganagar, Rajasthan","Water-Based Paints & Hardware",94
1359,"Jai Circular Hardware & Building Materials",Bharatpur,"Circular Road","Trader H Bharatpur",+919414002729,"Shop 174, Main Road, Circular Road, Bharatpur, Rajasthan","Water-Based Paints & Hardware",107
1360,"New Mandia Wall Protect & Texture Depot",Pali,"Mandia Road Industrial Area","Trader I Pali",+919414002731,"Shop 175, Main Road, Mandia Road Industrial Area, Pali, Rajasthan","Water-Based Paints & Hardware",120
1361,"Royal Chanderiya Trade Associates",Chittorgarh,"Chanderiya Industrial Area","Trader J Chittorgarh",+919414002733,"Shop 176, Main Road, Chanderiya Industrial Area, Chittorgarh, Rajasthan","Water-Based Paints & Hardware",133
1362,"Modern Didwana Paints & Hardware Mart",Nagaur,"Didwana Road","Trader K Nagaur",+919414002735,"Shop 177, Main Road, Didwana Road, Nagaur, Rajasthan","Water-Based Paints & Hardware",146
1363,"Star Chirawa Paint & Sanitary Store",Jhunjhunu,"Chirawa Road","Trader L Jhunjhunu",+919414002737,"Shop 178, Main Road, Chirawa Road, Jhunjhunu, Rajasthan","Water-Based Paints & Hardware",159
1364,"Classic Niwai Colors & Coatings Agency",Tonk,"Niwai Industrial Area","Trader M Tonk",+919414002739,"Shop 179, Main Road, Niwai Industrial Area, Tonk, Rajasthan","Water-Based Paints & Hardware",172
1365,"National Town Hardware & Building Materials",Hanumangarh,"Town Main Bazaar","Trader N Hanumangarh",+919414002741,"Shop 180, Main Road, Town Main Bazaar, Hanumangarh, Rajasthan","Water-Based Paints & Hardware",185
1366,"Ganesh Bandikui Wall Protect & Texture Depot",Dausa,"Bandikui Mandi","Trader O Dausa",+919414002743,"Shop 181, Main Road, Bandikui Mandi, Dausa, Rajasthan","Water-Based Paints & Hardware",198
1367,"Maruti Refinery Trade Associates",Barmer,"Refinery Site Corridor","Trader P Barmer",+919414002745,"Shop 182, Main Road, Refinery Site Corridor, Barmer, Rajasthan","Water-Based Paints & Hardware",211
1368,"Balaji Amer Paints & Hardware Mart",Jaipur,"Amer Road","Trader Q Jaipur",+919414002747,"Shop 183, Main Road, Amer Road, Jaipur, Rajasthan","Water-Based Paints & Hardware",224
1369,"Kalyan Boranada Paint & Sanitary Store",Jodhpur,"Boranada SEZ","Trader R Jodhpur",+919414002749,"Shop 184, Main Road, Boranada SEZ, Jodhpur, Rajasthan","Water-Based Paints & Hardware",237
1370,"Krishna DCM Colors & Coatings Agency",Kota,"DCM Road","Trader S Kota",+919414002751,"Shop 185, Main Road, DCM Road, Kota, Rajasthan","Water-Based Paints & Hardware",250
1371,"Vikas Rani Hardware & Building Materials",Bikaner,"Rani Bazar Industrial Area","Trader T Bikaner",+919414002753,"Shop 186, Main Road, Rani Bazar Industrial Area, Bikaner, Rajasthan","Water-Based Paints & Hardware",263
1372,"Shree Kishangarh Wall Protect & Texture Depot",Ajmer,"Kishangarh Marble Mandi","Trader U Ajmer",+919414002755,"Shop 187, Main Road, Kishangarh Marble Mandi, Ajmer, Rajasthan","Water-Based Paints & Hardware",276
1373,"Jai Fatehpura Trade Associates",Udaipur,"Fatehpura","Trader V Udaipur",+919414002757,"Shop 188, Main Road, Fatehpura, Udaipur, Rajasthan","Water-Based Paints & Hardware",289
1374,"New Sanganer Paints & Hardware Mart",Bhilwara,"Sanganer Road","Trader W Bhilwara",+919414002759,"Shop 189, Main Road, Sanganer Road, Bhilwara, Rajasthan","Water-Based Paints & Hardware",302
1375,"Royal Manu Paint & Sanitary Store",Alwar,"Manu Marg","Trader X Alwar",+919414002761,"Shop 190, Main Road, Manu Marg, Alwar, Rajasthan","Water-Based Paints & Hardware",315
1376,"Modern Fatehpur Colors & Coatings Agency",Sikar,"Fatehpur Road","Trader Y Sikar",+919414002763,"Shop 191, Main Road, Fatehpur Road, Sikar, Rajasthan","Water-Based Paints & Hardware",328
1377,"Star Purani Hardware & Building Materials",Sri Ganganagar,"Purani Abadi","Trader Z Sri Ganganagar",+919414002765,"Shop 192, Main Road, Purani Abadi, Sri Ganganagar, Rajasthan","Water-Based Paints & Hardware",341
1378,"Classic Mathura Wall Protect & Texture Depot",Bharatpur,"Mathura Road","Trader A Bharatpur",+919414002767,"Shop 193, Main Road, Mathura Road, Bharatpur, Rajasthan","Water-Based Paints & Hardware",354
1379,"National Sumerpur Trade Associates",Pali,"Sumerpur Road","Trader B Pali",+919414002769,"Shop 194, Main Road, Sumerpur Road, Pali, Rajasthan","Water-Based Paints & Hardware",367
1380,"Ganesh Collectorate Paints & Hardware Mart",Chittorgarh,"Collectorate Road","Trader C Chittorgarh",+919414002771,"Shop 195, Main Road, Collectorate Road, Chittorgarh, Rajasthan","Water-Based Paints & Hardware",380
1381,"Maruti Kuchaman Paint & Sanitary Store",Nagaur,"Kuchaman City","Trader D Nagaur",+919414002773,"Shop 196, Main Road, Kuchaman City, Nagaur, Rajasthan","Water-Based Paints & Hardware",393
1382,"Balaji Peeru Colors & Coatings Agency",Jhunjhunu,"Peeru Singh Circle","Trader E Jhunjhunu",+919414002775,"Shop 197, Main Road, Peeru Singh Circle, Jhunjhunu, Rajasthan","Water-Based Paints & Hardware",406
1383,"Kalyan Malpura Hardware & Building Materials",Tonk,"Malpura Road","Trader F Tonk",+919414002777,"Shop 198, Main Road, Malpura Road, Tonk, Rajasthan","Water-Based Paints & Hardware",419
1384,"Krishna Junction Wall Protect & Texture Depot",Hanumangarh,"Junction Market","Trader G Hanumangarh",+919414002779,"Shop 199, Main Road, Junction Market, Hanumangarh, Rajasthan","Water-Based Paints & Hardware",432
1385,"Vikas Station Trade Associates",Dausa,"Station Road","Trader H Dausa",+919414002781,"Shop 200, Main Road, Station Road, Dausa, Rajasthan","Water-Based Paints & Hardware",45
1386,"Shree Sindhari Paints & Hardware Mart",Barmer,"Sindhari Road","Trader I Barmer",+919414002783,"Shop 201, Main Road, Sindhari Road, Barmer, Rajasthan","Water-Based Paints & Hardware",58
1387,"Jai Chomu Paint & Sanitary Store",Jaipur,"Chomu","Trader J Jaipur",+919414002785,"Shop 202, Main Road, Chomu, Jaipur, Rajasthan","Water-Based Paints & Hardware",71
1388,"New Sardarpura Colors & Coatings Agency",Jodhpur,"Sardarpura","Trader K Jodhpur",+919414002787,"Shop 203, Main Road, Sardarpura, Jodhpur, Rajasthan","Water-Based Paints & Hardware",84
1389,"Royal Rampura Hardware & Building Materials",Kota,"Rampura","Trader L Kota",+919414002789,"Shop 204, Main Road, Rampura, Kota, Rajasthan","Water-Based Paints & Hardware",97
1390,"Modern Kote Wall Protect & Texture Depot",Bikaner,"Kote Gate","Trader M Bikaner",+919414002791,"Shop 205, Main Road, Kote Gate, Bikaner, Rajasthan","Water-Based Paints & Hardware",110
1391,"Star Beawar Trade Associates",Ajmer,"Beawar City","Trader N Ajmer",+919414002793,"Shop 206, Main Road, Beawar City, Ajmer, Rajasthan","Water-Based Paints & Hardware",123
1392,"Classic Sukher Paints & Hardware Mart",Udaipur,"Sukher Industrial Area","Trader O Udaipur",+919414002795,"Shop 207, Main Road, Sukher Industrial Area, Udaipur, Rajasthan","Water-Based Paints & Hardware",136
1393,"National Pur Paint & Sanitary Store",Bhilwara,"Pur Road","Trader P Bhilwara",+919414002797,"Shop 208, Main Road, Pur Road, Bhilwara, Rajasthan","Water-Based Paints & Hardware",149
1394,"Ganesh Company Colors & Coatings Agency",Alwar,"Company Bagh","Trader Q Alwar",+919414002799,"Shop 209, Main Road, Company Bagh, Alwar, Rajasthan","Water-Based Paints & Hardware",162
1395,"Maruti Piprali Hardware & Building Materials",Sikar,"Piprali Road","Trader R Sikar",+919414002801,"Shop 210, Main Road, Piprali Road, Sikar, Rajasthan","Water-Based Paints & Hardware",175
1396,"Balaji Birbal Wall Protect & Texture Depot",Sri Ganganagar,"Birbal Chowk","Trader S Sri Ganganagar",+919414002803,"Shop 211, Main Road, Birbal Chowk, Sri Ganganagar, Rajasthan","Water-Based Paints & Hardware",188
1397,"Kalyan Sewar Trade Associates",Bharatpur,"Sewar Industrial Area","Trader T Bharatpur",+919414002805,"Shop 212, Main Road, Sewar Industrial Area, Bharatpur, Rajasthan","Water-Based Paints & Hardware",201
1398,"Krishna Somnath Paints & Hardware Mart",Pali,"Somnath Temple Market","Trader U Pali",+919414002807,"Shop 213, Main Road, Somnath Temple Market, Pali, Rajasthan","Water-Based Paints & Hardware",214
1399,"Vikas Nimbahera Paint & Sanitary Store",Chittorgarh,"Nimbahera Town","Trader V Chittorgarh",+919414002809,"Shop 214, Main Road, Nimbahera Town, Chittorgarh, Rajasthan","Water-Based Paints & Hardware",227
1400,"Shree Merta Colors & Coatings Agency",Nagaur,"Merta City","Trader W Nagaur",+919414002811,"Shop 15, Main Road, Merta City, Nagaur, Rajasthan","Water-Based Paints & Hardware",240
1401,"Jai Gugali Hardware & Building Materials",Jhunjhunu,"Gugali Market","Trader X Jhunjhunu",+919414002813,"Shop 16, Main Road, Gugali Market, Jhunjhunu, Rajasthan","Water-Based Paints & Hardware",253
1402,"New Civil Wall Protect & Texture Depot",Tonk,"Civil Lines","Trader Y Tonk",+919414002815,"Shop 17, Main Road, Civil Lines, Tonk, Rajasthan","Water-Based Paints & Hardware",266
1403,"Royal Rawatsar Trade Associates",Hanumangarh,"Rawatsar Road","Trader Z Hanumangarh",+919414002817,"Shop 18, Main Road, Rawatsar Road, Hanumangarh, Rajasthan","Water-Based Paints & Hardware",279
1404,"Modern Lalsot Paints & Hardware Mart",Dausa,"Lalsot Road","Trader A Dausa",+919414002819,"Shop 19, Main Road, Lalsot Road, Dausa, Rajasthan","Water-Based Paints & Hardware",292
1405,"Star Balotra Paint & Sanitary Store",Barmer,"Balotra Textile & Hardware Hub","Trader B Barmer",+919414002821,"Shop 20, Main Road, Balotra Textile & Hardware Hub, Barmer, Rajasthan","Water-Based Paints & Hardware",305
1406,"Classic Malviya Colors & Coatings Agency",Jaipur,"Malviya Nagar","Trader C Jaipur",+919414002823,"Shop 21, Main Road, Malviya Nagar, Jaipur, Rajasthan","Water-Based Paints & Hardware",318
1407,"National Basni Hardware & Building Materials",Jodhpur,"Basni Industrial Area","Trader D Jodhpur",+919414002825,"Shop 22, Main Road, Basni Industrial Area, Jodhpur, Rajasthan","Water-Based Paints & Hardware",331
1408,"Ganesh Vigyan Wall Protect & Texture Depot",Kota,"Vigyan Nagar","Trader E Kota",+919414002827,"Shop 23, Main Road, Vigyan Nagar, Kota, Rajasthan","Water-Based Paints & Hardware",344
1409,"Maruti Nokha Trade Associates",Bikaner,"Nokha Road","Trader F Bikaner",+919414002829,"Shop 24, Main Road, Nokha Road, Bikaner, Rajasthan","Water-Based Paints & Hardware",357
1410,"Balaji Kutchery Paints & Hardware Mart",Ajmer,"Kutchery Road","Trader G Ajmer",+919414002831,"Shop 25, Main Road, Kutchery Road, Ajmer, Rajasthan","Water-Based Paints & Hardware",370
1411,"Kalyan Hiran Paint & Sanitary Store",Udaipur,"Hiran Magri","Trader H Udaipur",+919414002833,"Shop 26, Main Road, Hiran Magri, Udaipur, Rajasthan","Water-Based Paints & Hardware",383
1412,"Krishna Gandhi Colors & Coatings Agency",Bhilwara,"Gandhi Nagar","Trader I Bhilwara",+919414002835,"Shop 27, Main Road, Gandhi Nagar, Bhilwara, Rajasthan","Water-Based Paints & Hardware",396
1413,"Vikas Bhiwadi Hardware & Building Materials",Alwar,"Bhiwadi Industrial Zone","Trader J Alwar",+919414002837,"Shop 28, Main Road, Bhiwadi Industrial Zone, Alwar, Rajasthan","Water-Based Paints & Hardware",409
1414,"Shree Kotwali Wall Protect & Texture Depot",Sikar,"Kotwali Market","Trader K Sikar",+919414002839,"Shop 29, Main Road, Kotwali Market, Sikar, Rajasthan","Water-Based Paints & Hardware",422
1415,"Jai Suratgarh Trade Associates",Sri Ganganagar,"Suratgarh Road","Trader L Sri Ganganagar",+919414002841,"Shop 30, Main Road, Suratgarh Road, Sri Ganganagar, Rajasthan","Water-Based Paints & Hardware",435
1416,"New Kumher Paints & Hardware Mart",Bharatpur,"Kumher Gate","Trader M Bharatpur",+919414002843,"Shop 31, Main Road, Kumher Gate, Bharatpur, Rajasthan","Water-Based Paints & Hardware",48
1417,"Royal Suraj Paint & Sanitary Store",Pali,"Suraj Pole","Trader N Pali",+919414002845,"Shop 32, Main Road, Suraj Pole, Pali, Rajasthan","Water-Based Paints & Hardware",61
1418,"Modern Fort Colors & Coatings Agency",Chittorgarh,"Fort Road","Trader O Chittorgarh",+919414002847,"Shop 33, Main Road, Fort Road, Chittorgarh, Rajasthan","Water-Based Paints & Hardware",74
1419,"Star Gandhi Hardware & Building Materials",Nagaur,"Gandhi Chowk","Trader P Nagaur",+919414002849,"Shop 34, Main Road, Gandhi Chowk, Nagaur, Rajasthan","Water-Based Paints & Hardware",87
1420,"Classic Mandawa Wall Protect & Texture Depot",Jhunjhunu,"Mandawa Road","Trader Q Jhunjhunu",+919414002851,"Shop 35, Main Road, Mandawa Road, Jhunjhunu, Rajasthan","Water-Based Paints & Hardware",100
1421,"National Subhash Trade Associates",Tonk,"Subhash Chowk","Trader R Tonk",+919414002853,"Shop 36, Main Road, Subhash Chowk, Tonk, Rajasthan","Water-Based Paints & Hardware",113
1422,"Ganesh Industrial Paints & Hardware Mart",Hanumangarh,"Industrial Area","Trader S Hanumangarh",+919414002855,"Shop 37, Main Road, Industrial Area, Hanumangarh, Rajasthan","Water-Based Paints & Hardware",126
1423,"Maruti Agra Paint & Sanitary Store",Dausa,"Agra Road","Trader T Dausa",+919414002857,"Shop 38, Main Road, Agra Road, Dausa, Rajasthan","Water-Based Paints & Hardware",139
1424,"Balaji Station Colors & Coatings Agency",Barmer,"Station Road","Trader U Barmer",+919414002859,"Shop 39, Main Road, Station Road, Barmer, Rajasthan","Water-Based Paints & Hardware",152
1425,"Kalyan Transport Hardware & Building Materials",Jaipur,"Transport Nagar","Trader V Jaipur",+919414002861,"Shop 40, Main Road, Transport Nagar, Jaipur, Rajasthan","Water-Based Paints & Hardware",165
1426,"Krishna Ratanada Wall Protect & Texture Depot",Jodhpur,"Ratanada","Trader W Jodhpur",+919414002863,"Shop 41, Main Road, Ratanada, Jodhpur, Rajasthan","Water-Based Paints & Hardware",178
1427,"Vikas Mahaveer Trade Associates",Kota,"Mahaveer Nagar","Trader X Kota",+919414002865,"Shop 42, Main Road, Mahaveer Nagar, Kota, Rajasthan","Water-Based Paints & Hardware",191
1428,"Shree Sadul Paints & Hardware Mart",Bikaner,"Sadul Colony","Trader Y Bikaner",+919414002867,"Shop 43, Main Road, Sadul Colony, Bikaner, Rajasthan","Water-Based Paints & Hardware",204
1429,"Jai Madar Paint & Sanitary Store",Ajmer,"Madar Gate","Trader Z Ajmer",+919414002869,"Shop 44, Main Road, Madar Gate, Ajmer, Rajasthan","Water-Based Paints & Hardware",217
1430,"New Bapu Colors & Coatings Agency",Udaipur,"Bapu Bazar","Trader A Udaipur",+919414002871,"Shop 45, Main Road, Bapu Bazar, Udaipur, Rajasthan","Water-Based Paints & Hardware",230
1431,"Royal RIICO Hardware & Building Materials",Bhilwara,"RIICO Industrial Area","Trader B Bhilwara",+919414002873,"Shop 46, Main Road, RIICO Industrial Area, Bhilwara, Rajasthan","Water-Based Paints & Hardware",243
1432,"Modern Neemrana Wall Protect & Texture Depot",Alwar,"Neemrana Japanese Zone","Trader C Alwar",+919414002875,"Shop 47, Main Road, Neemrana Japanese Zone, Alwar, Rajasthan","Water-Based Paints & Hardware",256
1433,"Star Salasar Trade Associates",Sikar,"Salasar Bus Stand","Trader D Sikar",+919414002877,"Shop 48, Main Road, Salasar Bus Stand, Sikar, Rajasthan","Water-Based Paints & Hardware",269
1434,"Classic Padampur Paints & Hardware Mart",Sri Ganganagar,"Padampur Road","Trader E Sri Ganganagar",+919414002879,"Shop 49, Main Road, Padampur Road, Sri Ganganagar, Rajasthan","Water-Based Paints & Hardware",282
1435,"National Anah Paint & Sanitary Store",Bharatpur,"Anah Gate","Trader F Bharatpur",+919414002881,"Shop 50, Main Road, Anah Gate, Bharatpur, Rajasthan","Water-Based Paints & Hardware",295
1436,"Ganesh Mandia Colors & Coatings Agency",Pali,"Mandia Road Industrial Area","Trader G Pali",+919414002883,"Shop 51, Main Road, Mandia Road Industrial Area, Pali, Rajasthan","Water-Based Paints & Hardware",308
1437,"Maruti Chanderiya Hardware & Building Materials",Chittorgarh,"Chanderiya Industrial Area","Trader H Chittorgarh",+919414002885,"Shop 52, Main Road, Chanderiya Industrial Area, Chittorgarh, Rajasthan","Water-Based Paints & Hardware",321
1438,"Balaji Makrana Wall Protect & Texture Depot",Nagaur,"Makrana Marble Zone","Trader I Nagaur",+919414002887,"Shop 53, Main Road, Makrana Marble Zone, Nagaur, Rajasthan","Water-Based Paints & Hardware",334
1439,"Kalyan Khetri Trade Associates",Jhunjhunu,"Khetri Nagar","Trader J Jhunjhunu",+919414002889,"Shop 54, Main Road, Khetri Nagar, Jhunjhunu, Rajasthan","Water-Based Paints & Hardware",347
1440,"Krishna Niwai Paints & Hardware Mart",Tonk,"Niwai Industrial Area","Trader K Tonk",+919414002891,"Shop 55, Main Road, Niwai Industrial Area, Tonk, Rajasthan","Water-Based Paints & Hardware",360
1441,"Vikas Town Paint & Sanitary Store",Hanumangarh,"Town Main Bazaar","Trader L Hanumangarh",+919414002893,"Shop 56, Main Road, Town Main Bazaar, Hanumangarh, Rajasthan","Water-Based Paints & Hardware",373
1442,"Shree Bandikui Colors & Coatings Agency",Dausa,"Bandikui Mandi","Trader M Dausa",+919414002895,"Shop 57, Main Road, Bandikui Mandi, Dausa, Rajasthan","Water-Based Paints & Hardware",386
1443,"Jai Refinery Hardware & Building Materials",Barmer,"Refinery Site Corridor","Trader N Barmer",+919414002897,"Shop 58, Main Road, Refinery Site Corridor, Barmer, Rajasthan","Water-Based Paints & Hardware",399
1444,"New Vaishali Wall Protect & Texture Depot",Jaipur,"Vaishali Nagar","Trader O Jaipur",+919414002899,"Shop 59, Main Road, Vaishali Nagar, Jaipur, Rajasthan","Water-Based Paints & Hardware",412
1445,"Royal Mandore Trade Associates",Jodhpur,"Mandore Road","Trader P Jodhpur",+919414002901,"Shop 60, Main Road, Mandore Road, Jodhpur, Rajasthan","Water-Based Paints & Hardware",425
1446,"Modern Borkhera Paints & Hardware Mart",Kota,"Borkhera","Trader Q Kota",+919414002903,"Shop 61, Main Road, Borkhera, Kota, Rajasthan","Water-Based Paints & Hardware",438
1447,"Star Bichhwal Paint & Sanitary Store",Bikaner,"Bichhwal Industrial Area","Trader R Bikaner",+919414002905,"Shop 62, Main Road, Bichhwal Industrial Area, Bikaner, Rajasthan","Water-Based Paints & Hardware",51
1448,"Classic Clock Colors & Coatings Agency",Ajmer,"Clock Tower Market","Trader S Ajmer",+919414002907,"Shop 63, Main Road, Clock Tower Market, Ajmer, Rajasthan","Water-Based Paints & Hardware",64
1449,"National Mewar Hardware & Building Materials",Udaipur,"Mewar Industrial Area","Trader T Udaipur",+919414002909,"Shop 64, Main Road, Mewar Industrial Area, Udaipur, Rajasthan","Water-Based Paints & Hardware",77
1450,"Ganesh Bhopalganj Wall Protect & Texture Depot",Bhilwara,"Bhopalganj","Trader U Bhilwara",+919414002911,"Shop 65, Main Road, Bhopalganj, Bhilwara, Rajasthan","Water-Based Paints & Hardware",90
1451,"Maruti Tijara Trade Associates",Alwar,"Tijara Road","Trader V Alwar",+919414002913,"Shop 66, Main Road, Tijara Road, Alwar, Rajasthan","Water-Based Paints & Hardware",103
1452,"Balaji Station Paints & Hardware Mart",Sikar,"Station Road","Trader W Sikar",+919414002915,"Shop 67, Main Road, Station Road, Sikar, Rajasthan","Water-Based Paints & Hardware",116
1453,"Kalyan Gola Paint & Sanitary Store",Sri Ganganagar,"Gola Market","Trader X Sri Ganganagar",+919414002917,"Shop 68, Main Road, Gola Market, Sri Ganganagar, Rajasthan","Water-Based Paints & Hardware",129
1454,"Krishna Circular Colors & Coatings Agency",Bharatpur,"Circular Road","Trader Y Bharatpur",+919414002919,"Shop 69, Main Road, Circular Road, Bharatpur, Rajasthan","Water-Based Paints & Hardware",142
1455,"Vikas Sumerpur Hardware & Building Materials",Pali,"Sumerpur Road","Trader Z Pali",+919414002921,"Shop 70, Main Road, Sumerpur Road, Pali, Rajasthan","Water-Based Paints & Hardware",155
1456,"Shree Collectorate Wall Protect & Texture Depot",Chittorgarh,"Collectorate Road","Trader A Chittorgarh",+919414002923,"Shop 71, Main Road, Collectorate Road, Chittorgarh, Rajasthan","Water-Based Paints & Hardware",168
1457,"Jai Didwana Trade Associates",Nagaur,"Didwana Road","Trader B Nagaur",+919414002925,"Shop 72, Main Road, Didwana Road, Nagaur, Rajasthan","Water-Based Paints & Hardware",181
1458,"New Chirawa Paints & Hardware Mart",Jhunjhunu,"Chirawa Road","Trader C Jhunjhunu",+919414002927,"Shop 73, Main Road, Chirawa Road, Jhunjhunu, Rajasthan","Water-Based Paints & Hardware",194
1459,"Royal Malpura Paint & Sanitary Store",Tonk,"Malpura Road","Trader D Tonk",+919414002929,"Shop 74, Main Road, Malpura Road, Tonk, Rajasthan","Water-Based Paints & Hardware",207
1460,"Modern Junction Colors & Coatings Agency",Hanumangarh,"Junction Market","Trader E Hanumangarh",+919414002931,"Shop 75, Main Road, Junction Market, Hanumangarh, Rajasthan","Water-Based Paints & Hardware",220
1461,"Star Station Hardware & Building Materials",Dausa,"Station Road","Trader F Dausa",+919414002933,"Shop 76, Main Road, Station Road, Dausa, Rajasthan","Water-Based Paints & Hardware",233
1462,"Classic Sindhari Wall Protect & Texture Depot",Barmer,"Sindhari Road","Trader G Barmer",+919414002935,"Shop 77, Main Road, Sindhari Road, Barmer, Rajasthan","Water-Based Paints & Hardware",246
1463,"National Jhotwara Trade Associates",Jaipur,"Jhotwara","Trader H Jaipur",+919414002937,"Shop 78, Main Road, Jhotwara, Jaipur, Rajasthan","Water-Based Paints & Hardware",259
1464,"Ganesh Pal Paints & Hardware Mart",Jodhpur,"Pal Road","Trader I Jodhpur",+919414002939,"Shop 79, Main Road, Pal Road, Jodhpur, Rajasthan","Water-Based Paints & Hardware",272
1465,"Maruti Indraprastha Paint & Sanitary Store",Kota,"Indraprastha Industrial Area","Trader J Kota",+919414002941,"Shop 80, Main Road, Indraprastha Industrial Area, Kota, Rajasthan","Water-Based Paints & Hardware",285
1466,"Balaji Rani Colors & Coatings Agency",Bikaner,"Rani Bazar Industrial Area","Trader K Bikaner",+919414002943,"Shop 81, Main Road, Rani Bazar Industrial Area, Bikaner, Rajasthan","Water-Based Paints & Hardware",298
1467,"Kalyan Parbatpura Hardware & Building Materials",Ajmer,"Parbatpura Industrial Area","Trader L Ajmer",+919414002945,"Shop 82, Main Road, Parbatpura Industrial Area, Ajmer, Rajasthan","Water-Based Paints & Hardware",311
1468,"Krishna Udaisagar Wall Protect & Texture Depot",Udaipur,"Udaisagar Road","Trader M Udaipur",+919414002947,"Shop 83, Main Road, Udaisagar Road, Udaipur, Rajasthan","Water-Based Paints & Hardware",324
1469,"Vikas Sanganer Trade Associates",Bhilwara,"Sanganer Road","Trader N Bhilwara",+919414002949,"Shop 84, Main Road, Sanganer Road, Bhilwara, Rajasthan","Water-Based Paints & Hardware",337
1470,"Shree MIA Paints & Hardware Mart",Alwar,"MIA Industrial Area","Trader O Alwar",+919414002951,"Shop 85, Main Road, MIA Industrial Area, Alwar, Rajasthan","Water-Based Paints & Hardware",350
1471,"Jai Bajoria Paint & Sanitary Store",Sikar,"Bajoria Road","Trader P Sikar",+919414002953,"Shop 86, Main Road, Bajoria Road, Sikar, Rajasthan","Water-Based Paints & Hardware",363
1472,"New Purani Colors & Coatings Agency",Sri Ganganagar,"Purani Abadi","Trader Q Sri Ganganagar",+919414002955,"Shop 87, Main Road, Purani Abadi, Sri Ganganagar, Rajasthan","Water-Based Paints & Hardware",376
1473,"Royal Mathura Hardware & Building Materials",Bharatpur,"Mathura Road","Trader R Bharatpur",+919414002957,"Shop 88, Main Road, Mathura Road, Bharatpur, Rajasthan","Water-Based Paints & Hardware",389
1474,"Modern Somnath Wall Protect & Texture Depot",Pali,"Somnath Temple Market","Trader S Pali",+919414002959,"Shop 89, Main Road, Somnath Temple Market, Pali, Rajasthan","Water-Based Paints & Hardware",402
1475,"Star Nimbahera Trade Associates",Chittorgarh,"Nimbahera Town","Trader T Chittorgarh",+919414002961,"Shop 90, Main Road, Nimbahera Town, Chittorgarh, Rajasthan","Water-Based Paints & Hardware",415
1476,"Classic Kuchaman Paints & Hardware Mart",Nagaur,"Kuchaman City","Trader U Nagaur",+919414002963,"Shop 91, Main Road, Kuchaman City, Nagaur, Rajasthan","Water-Based Paints & Hardware",428
1477,"National Peeru Paint & Sanitary Store",Jhunjhunu,"Peeru Singh Circle","Trader V Jhunjhunu",+919414002965,"Shop 92, Main Road, Peeru Singh Circle, Jhunjhunu, Rajasthan","Water-Based Paints & Hardware",41
1478,"Ganesh Civil Colors & Coatings Agency",Tonk,"Civil Lines","Trader W Tonk",+919414002967,"Shop 93, Main Road, Civil Lines, Tonk, Rajasthan","Water-Based Paints & Hardware",54
1479,"Maruti Rawatsar Hardware & Building Materials",Hanumangarh,"Rawatsar Road","Trader X Hanumangarh",+919414002969,"Shop 94, Main Road, Rawatsar Road, Hanumangarh, Rajasthan","Water-Based Paints & Hardware",67
1480,"Balaji Lalsot Wall Protect & Texture Depot",Dausa,"Lalsot Road","Trader Y Dausa",+919414002971,"Shop 95, Main Road, Lalsot Road, Dausa, Rajasthan","Water-Based Paints & Hardware",80
1481,"Kalyan Balotra Trade Associates",Barmer,"Balotra Textile & Hardware Hub","Trader Z Barmer",+919414002973,"Shop 96, Main Road, Balotra Textile & Hardware Hub, Barmer, Rajasthan","Water-Based Paints & Hardware",93
1482,"Krishna Sanganer Paints & Hardware Mart",Jaipur,"Sanganer Town","Trader A Jaipur",+919414002975,"Shop 97, Main Road, Sanganer Town, Jaipur, Rajasthan","Water-Based Paints & Hardware",106
1483,"Vikas Shastri Paint & Sanitary Store",Jodhpur,"Shastri Nagar","Trader B Jodhpur",+919414002977,"Shop 98, Main Road, Shastri Nagar, Jodhpur, Rajasthan","Water-Based Paints & Hardware",119
1484,"Shree Gumanpura Colors & Coatings Agency",Kota,"Gumanpura","Trader C Kota",+919414002979,"Shop 99, Main Road, Gumanpura, Kota, Rajasthan","Water-Based Paints & Hardware",132
1485,"Jai Kote Hardware & Building Materials",Bikaner,"Kote Gate","Trader D Bikaner",+919414002981,"Shop 100, Main Road, Kote Gate, Bikaner, Rajasthan","Water-Based Paints & Hardware",145
1486,"New Kishangarh Wall Protect & Texture Depot",Ajmer,"Kishangarh Marble Mandi","Trader E Ajmer",+919414002983,"Shop 101, Main Road, Kishangarh Marble Mandi, Ajmer, Rajasthan","Water-Based Paints & Hardware",158
1487,"Royal Fatehpura Trade Associates",Udaipur,"Fatehpura","Trader F Udaipur",+919414002985,"Shop 102, Main Road, Fatehpura, Udaipur, Rajasthan","Water-Based Paints & Hardware",171
1488,"Modern Pur Paints & Hardware Mart",Bhilwara,"Pur Road","Trader G Bhilwara",+919414002987,"Shop 103, Main Road, Pur Road, Bhilwara, Rajasthan","Water-Based Paints & Hardware",184
1489,"Star Manu Paint & Sanitary Store",Alwar,"Manu Marg","Trader H Alwar",+919414002989,"Shop 104, Main Road, Manu Marg, Alwar, Rajasthan","Water-Based Paints & Hardware",197
1490,"Classic Fatehpur Colors & Coatings Agency",Sikar,"Fatehpur Road","Trader I Sikar",+919414002991,"Shop 105, Main Road, Fatehpur Road, Sikar, Rajasthan","Water-Based Paints & Hardware",210
1491,"National Birbal Hardware & Building Materials",Sri Ganganagar,"Birbal Chowk","Trader J Sri Ganganagar",+919414002993,"Shop 106, Main Road, Birbal Chowk, Sri Ganganagar, Rajasthan","Water-Based Paints & Hardware",223
1492,"Ganesh Sewar Wall Protect & Texture Depot",Bharatpur,"Sewar Industrial Area","Trader K Bharatpur",+919414002995,"Shop 107, Main Road, Sewar Industrial Area, Bharatpur, Rajasthan","Water-Based Paints & Hardware",236
1493,"Maruti Suraj Trade Associates",Pali,"Suraj Pole","Trader L Pali",+919414002997,"Shop 108, Main Road, Suraj Pole, Pali, Rajasthan","Water-Based Paints & Hardware",249
1494,"Balaji Fort Paints & Hardware Mart",Chittorgarh,"Fort Road","Trader M Chittorgarh",+919414002999,"Shop 109, Main Road, Fort Road, Chittorgarh, Rajasthan","Water-Based Paints & Hardware",262
1495,"Kalyan Merta Paint & Sanitary Store",Nagaur,"Merta City","Trader N Nagaur",+919414003001,"Shop 110, Main Road, Merta City, Nagaur, Rajasthan","Water-Based Paints & Hardware",275
1496,"Krishna Gugali Colors & Coatings Agency",Jhunjhunu,"Gugali Market","Trader O Jhunjhunu",+919414003003,"Shop 111, Main Road, Gugali Market, Jhunjhunu, Rajasthan","Water-Based Paints & Hardware",288
1497,"Vikas Subhash Hardware & Building Materials",Tonk,"Subhash Chowk","Trader P Tonk",+919414003005,"Shop 112, Main Road, Subhash Chowk, Tonk, Rajasthan","Water-Based Paints & Hardware",301
1498,"Shree Industrial Wall Protect & Texture Depot",Hanumangarh,"Industrial Area","Trader Q Hanumangarh",+919414003007,"Shop 113, Main Road, Industrial Area, Hanumangarh, Rajasthan","Water-Based Paints & Hardware",314
1499,"Jai Agra Trade Associates",Dausa,"Agra Road","Trader R Dausa",+919414003009,"Shop 114, Main Road, Agra Road, Dausa, Rajasthan","Water-Based Paints & Hardware",327
1500,"New Station Paints & Hardware Mart",Barmer,"Station Road","Trader S Barmer",+919414003011,"Shop 115, Main Road, Station Road, Barmer, Rajasthan","Water-Based Paints & Hardware",340
1501,"Royal VKI Paint & Sanitary Store",Jaipur,"VKI Industrial Area","Trader T Jaipur",+919414003013,"Shop 116, Main Road, VKI Industrial Area, Jaipur, Rajasthan","Water-Based Paints & Hardware",353
1502,"Modern Boranada Colors & Coatings Agency",Jodhpur,"Boranada SEZ","Trader U Jodhpur",+919414003015,"Shop 117, Main Road, Boranada SEZ, Jodhpur, Rajasthan","Water-Based Paints & Hardware",366
1503,"Star DCM Hardware & Building Materials",Kota,"DCM Road","Trader V Kota",+919414003017,"Shop 118, Main Road, DCM Road, Kota, Rajasthan","Water-Based Paints & Hardware",379
1504,"Classic Nokha Wall Protect & Texture Depot",Bikaner,"Nokha Road","Trader W Bikaner",+919414003019,"Shop 119, Main Road, Nokha Road, Bikaner, Rajasthan","Water-Based Paints & Hardware",392
1505,"National Beawar Trade Associates",Ajmer,"Beawar City","Trader X Ajmer",+919414003021,"Shop 120, Main Road, Beawar City, Ajmer, Rajasthan","Water-Based Paints & Hardware",405
1506,"Ganesh Sukher Paints & Hardware Mart",Udaipur,"Sukher Industrial Area","Trader Y Udaipur",+919414003023,"Shop 121, Main Road, Sukher Industrial Area, Udaipur, Rajasthan","Water-Based Paints & Hardware",418
1507,"Maruti Gandhi Paint & Sanitary Store",Bhilwara,"Gandhi Nagar","Trader Z Bhilwara",+919414003025,"Shop 122, Main Road, Gandhi Nagar, Bhilwara, Rajasthan","Water-Based Paints & Hardware",431
1508,"Balaji Company Colors & Coatings Agency",Alwar,"Company Bagh","Trader A Alwar",+919414003027,"Shop 123, Main Road, Company Bagh, Alwar, Rajasthan","Water-Based Paints & Hardware",44
1509,"Kalyan Piprali Hardware & Building Materials",Sikar,"Piprali Road","Trader B Sikar",+919414003029,"Shop 124, Main Road, Piprali Road, Sikar, Rajasthan","Water-Based Paints & Hardware",57
1510,"Krishna Suratgarh Wall Protect & Texture Depot",Sri Ganganagar,"Suratgarh Road","Trader C Sri Ganganagar",+919414003031,"Shop 125, Main Road, Suratgarh Road, Sri Ganganagar, Rajasthan","Water-Based Paints & Hardware",70
1511,"Vikas Kumher Trade Associates",Bharatpur,"Kumher Gate","Trader D Bharatpur",+919414003033,"Shop 126, Main Road, Kumher Gate, Bharatpur, Rajasthan","Water-Based Paints & Hardware",83
1512,"Shree Mandia Paints & Hardware Mart",Pali,"Mandia Road Industrial Area","Trader E Pali",+919414003035,"Shop 127, Main Road, Mandia Road Industrial Area, Pali, Rajasthan","Water-Based Paints & Hardware",96
1513,"Jai Chanderiya Paint & Sanitary Store",Chittorgarh,"Chanderiya Industrial Area","Trader F Chittorgarh",+919414003037,"Shop 128, Main Road, Chanderiya Industrial Area, Chittorgarh, Rajasthan","Water-Based Paints & Hardware",109
1514,"New Gandhi Colors & Coatings Agency",Nagaur,"Gandhi Chowk","Trader G Nagaur",+919414003039,"Shop 129, Main Road, Gandhi Chowk, Nagaur, Rajasthan","Water-Based Paints & Hardware",122
1515,"Royal Mandawa Hardware & Building Materials",Jhunjhunu,"Mandawa Road","Trader H Jhunjhunu",+919414003041,"Shop 130, Main Road, Mandawa Road, Jhunjhunu, Rajasthan","Water-Based Paints & Hardware",135
1516,"Modern Niwai Wall Protect & Texture Depot",Tonk,"Niwai Industrial Area","Trader I Tonk",+919414003043,"Shop 131, Main Road, Niwai Industrial Area, Tonk, Rajasthan","Water-Based Paints & Hardware",148
1517,"Star Town Trade Associates",Hanumangarh,"Town Main Bazaar","Trader J Hanumangarh",+919414003045,"Shop 132, Main Road, Town Main Bazaar, Hanumangarh, Rajasthan","Water-Based Paints & Hardware",161
1518,"Classic Bandikui Paints & Hardware Mart",Dausa,"Bandikui Mandi","Trader K Dausa",+919414003047,"Shop 133, Main Road, Bandikui Mandi, Dausa, Rajasthan","Water-Based Paints & Hardware",174
1519,"National Refinery Paint & Sanitary Store",Barmer,"Refinery Site Corridor","Trader L Barmer",+919414003049,"Shop 134, Main Road, Refinery Site Corridor, Barmer, Rajasthan","Water-Based Paints & Hardware",187
1520,"Ganesh Mansarovar Colors & Coatings Agency",Jaipur,"Mansarovar","Trader M Jaipur",+919414003051,"Shop 135, Main Road, Mansarovar, Jaipur, Rajasthan","Water-Based Paints & Hardware",200
1521,"Maruti Sardarpura Hardware & Building Materials",Jodhpur,"Sardarpura","Trader N Jodhpur",+919414003053,"Shop 136, Main Road, Sardarpura, Jodhpur, Rajasthan","Water-Based Paints & Hardware",213
1522,"Balaji Rampura Wall Protect & Texture Depot",Kota,"Rampura","Trader O Kota",+919414003055,"Shop 137, Main Road, Rampura, Kota, Rajasthan","Water-Based Paints & Hardware",226
1523,"Kalyan Sadul Trade Associates",Bikaner,"Sadul Colony","Trader P Bikaner",+919414003057,"Shop 138, Main Road, Sadul Colony, Bikaner, Rajasthan","Water-Based Paints & Hardware",239
1524,"Krishna Kutchery Paints & Hardware Mart",Ajmer,"Kutchery Road","Trader Q Ajmer",+919414003059,"Shop 139, Main Road, Kutchery Road, Ajmer, Rajasthan","Water-Based Paints & Hardware",252
1525,"Vikas Hiran Paint & Sanitary Store",Udaipur,"Hiran Magri","Trader R Udaipur",+919414003061,"Shop 140, Main Road, Hiran Magri, Udaipur, Rajasthan","Water-Based Paints & Hardware",265
1526,"Shree RIICO Colors & Coatings Agency",Bhilwara,"RIICO Industrial Area","Trader S Bhilwara",+919414003063,"Shop 141, Main Road, RIICO Industrial Area, Bhilwara, Rajasthan","Water-Based Paints & Hardware",278
1527,"Jai Bhiwadi Hardware & Building Materials",Alwar,"Bhiwadi Industrial Zone","Trader T Alwar",+919414003065,"Shop 142, Main Road, Bhiwadi Industrial Zone, Alwar, Rajasthan","Water-Based Paints & Hardware",291
1528,"New Kotwali Wall Protect & Texture Depot",Sikar,"Kotwali Market","Trader U Sikar",+919414003067,"Shop 143, Main Road, Kotwali Market, Sikar, Rajasthan","Water-Based Paints & Hardware",304
1529,"Royal Padampur Trade Associates",Sri Ganganagar,"Padampur Road","Trader V Sri Ganganagar",+919414003069,"Shop 144, Main Road, Padampur Road, Sri Ganganagar, Rajasthan","Water-Based Paints & Hardware",317
1530,"Modern Anah Paints & Hardware Mart",Bharatpur,"Anah Gate","Trader W Bharatpur",+919414003071,"Shop 145, Main Road, Anah Gate, Bharatpur, Rajasthan","Water-Based Paints & Hardware",330
1531,"Star Sumerpur Paint & Sanitary Store",Pali,"Sumerpur Road","Trader X Pali",+919414003073,"Shop 146, Main Road, Sumerpur Road, Pali, Rajasthan","Water-Based Paints & Hardware",343
1532,"Classic Collectorate Colors & Coatings Agency",Chittorgarh,"Collectorate Road","Trader Y Chittorgarh",+919414003075,"Shop 147, Main Road, Collectorate Road, Chittorgarh, Rajasthan","Water-Based Paints & Hardware",356
1533,"National Makrana Hardware & Building Materials",Nagaur,"Makrana Marble Zone","Trader Z Nagaur",+919414003077,"Shop 148, Main Road, Makrana Marble Zone, Nagaur, Rajasthan","Water-Based Paints & Hardware",369
1534,"Ganesh Khetri Wall Protect & Texture Depot",Jhunjhunu,"Khetri Nagar","Trader A Jhunjhunu",+919414003079,"Shop 149, Main Road, Khetri Nagar, Jhunjhunu, Rajasthan","Water-Based Paints & Hardware",382
1535,"Maruti Malpura Trade Associates",Tonk,"Malpura Road","Trader B Tonk",+919414003081,"Shop 150, Main Road, Malpura Road, Tonk, Rajasthan","Water-Based Paints & Hardware",395
1536,"Balaji Junction Paints & Hardware Mart",Hanumangarh,"Junction Market","Trader C Hanumangarh",+919414003083,"Shop 151, Main Road, Junction Market, Hanumangarh, Rajasthan","Water-Based Paints & Hardware",408
1537,"Kalyan Station Paint & Sanitary Store",Dausa,"Station Road","Trader D Dausa",+919414003085,"Shop 152, Main Road, Station Road, Dausa, Rajasthan","Water-Based Paints & Hardware",421
1538,"Krishna Sindhari Colors & Coatings Agency",Barmer,"Sindhari Road","Trader E Barmer",+919414003087,"Shop 153, Main Road, Sindhari Road, Barmer, Rajasthan","Water-Based Paints & Hardware",434
1539,"Vikas Tonk Hardware & Building Materials",Jaipur,"Tonk Road","Trader F Jaipur",+919414003089,"Shop 154, Main Road, Tonk Road, Jaipur, Rajasthan","Water-Based Paints & Hardware",47
1540,"Shree Basni Wall Protect & Texture Depot",Jodhpur,"Basni Industrial Area","Trader G Jodhpur",+919414003091,"Shop 155, Main Road, Basni Industrial Area, Jodhpur, Rajasthan","Water-Based Paints & Hardware",60
1541,"Jai Vigyan Trade Associates",Kota,"Vigyan Nagar","Trader H Kota",+919414003093,"Shop 156, Main Road, Vigyan Nagar, Kota, Rajasthan","Water-Based Paints & Hardware",73
1542,"New Bichhwal Paints & Hardware Mart",Bikaner,"Bichhwal Industrial Area","Trader I Bikaner",+919414003095,"Shop 157, Main Road, Bichhwal Industrial Area, Bikaner, Rajasthan","Water-Based Paints & Hardware",86
1543,"Royal Madar Paint & Sanitary Store",Ajmer,"Madar Gate","Trader J Ajmer",+919414003097,"Shop 158, Main Road, Madar Gate, Ajmer, Rajasthan","Water-Based Paints & Hardware",99
1544,"Modern Bapu Colors & Coatings Agency",Udaipur,"Bapu Bazar","Trader K Udaipur",+919414003099,"Shop 159, Main Road, Bapu Bazar, Udaipur, Rajasthan","Water-Based Paints & Hardware",112
1545,"Star Bhopalganj Hardware & Building Materials",Bhilwara,"Bhopalganj","Trader L Bhilwara",+919414003101,"Shop 160, Main Road, Bhopalganj, Bhilwara, Rajasthan","Water-Based Paints & Hardware",125
1546,"Classic Neemrana Wall Protect & Texture Depot",Alwar,"Neemrana Japanese Zone","Trader M Alwar",+919414003103,"Shop 161, Main Road, Neemrana Japanese Zone, Alwar, Rajasthan","Water-Based Paints & Hardware",138
1547,"National Salasar Trade Associates",Sikar,"Salasar Bus Stand","Trader N Sikar",+919414003105,"Shop 162, Main Road, Salasar Bus Stand, Sikar, Rajasthan","Water-Based Paints & Hardware",151
1548,"Ganesh Gola Paints & Hardware Mart",Sri Ganganagar,"Gola Market","Trader O Sri Ganganagar",+919414003107,"Shop 163, Main Road, Gola Market, Sri Ganganagar, Rajasthan","Water-Based Paints & Hardware",164
1549,"Maruti Circular Paint & Sanitary Store",Bharatpur,"Circular Road","Trader P Bharatpur",+919414003109,"Shop 164, Main Road, Circular Road, Bharatpur, Rajasthan","Water-Based Paints & Hardware",177
1550,"Balaji Somnath Colors & Coatings Agency",Pali,"Somnath Temple Market","Trader Q Pali",+919414003111,"Shop 165, Main Road, Somnath Temple Market, Pali, Rajasthan","Water-Based Paints & Hardware",190
1551,"Kalyan Nimbahera Hardware & Building Materials",Chittorgarh,"Nimbahera Town","Trader R Chittorgarh",+919414003113,"Shop 166, Main Road, Nimbahera Town, Chittorgarh, Rajasthan","Water-Based Paints & Hardware",203
1552,"Krishna Didwana Wall Protect & Texture Depot",Nagaur,"Didwana Road","Trader S Nagaur",+919414003115,"Shop 167, Main Road, Didwana Road, Nagaur, Rajasthan","Water-Based Paints & Hardware",216
1553,"Vikas Chirawa Trade Associates",Jhunjhunu,"Chirawa Road","Trader T Jhunjhunu",+919414003117,"Shop 168, Main Road, Chirawa Road, Jhunjhunu, Rajasthan","Water-Based Paints & Hardware",229
1554,"Shree Civil Paints & Hardware Mart",Tonk,"Civil Lines","Trader U Tonk",+919414003119,"Shop 169, Main Road, Civil Lines, Tonk, Rajasthan","Water-Based Paints & Hardware",242
1555,"Jai Rawatsar Paint & Sanitary Store",Hanumangarh,"Rawatsar Road","Trader V Hanumangarh",+919414003121,"Shop 170, Main Road, Rawatsar Road, Hanumangarh, Rajasthan","Water-Based Paints & Hardware",255
1556,"New Lalsot Colors & Coatings Agency",Dausa,"Lalsot Road","Trader W Dausa",+919414003123,"Shop 171, Main Road, Lalsot Road, Dausa, Rajasthan","Water-Based Paints & Hardware",268
1557,"Royal Balotra Hardware & Building Materials",Barmer,"Balotra Textile & Hardware Hub","Trader X Barmer",+919414003125,"Shop 172, Main Road, Balotra Textile & Hardware Hub, Barmer, Rajasthan","Water-Based Paints & Hardware",281
1558,"Modern Amer Wall Protect & Texture Depot",Jaipur,"Amer Road","Trader Y Jaipur",+919414003127,"Shop 173, Main Road, Amer Road, Jaipur, Rajasthan","Water-Based Paints & Hardware",294
1559,"Star Ratanada Trade Associates",Jodhpur,"Ratanada","Trader Z Jodhpur",+919414003129,"Shop 174, Main Road, Ratanada, Jodhpur, Rajasthan","Water-Based Paints & Hardware",307
1560,"Classic Mahaveer Paints & Hardware Mart",Kota,"Mahaveer Nagar","Trader A Kota",+919414003131,"Shop 175, Main Road, Mahaveer Nagar, Kota, Rajasthan","Water-Based Paints & Hardware",320
1561,"National Rani Paint & Sanitary Store",Bikaner,"Rani Bazar Industrial Area","Trader B Bikaner",+919414003133,"Shop 176, Main Road, Rani Bazar Industrial Area, Bikaner, Rajasthan","Water-Based Paints & Hardware",333
1562,"Ganesh Clock Colors & Coatings Agency",Ajmer,"Clock Tower Market","Trader C Ajmer",+919414003135,"Shop 177, Main Road, Clock Tower Market, Ajmer, Rajasthan","Water-Based Paints & Hardware",346
1563,"Maruti Mewar Hardware & Building Materials",Udaipur,"Mewar Industrial Area","Trader D Udaipur",+919414003137,"Shop 178, Main Road, Mewar Industrial Area, Udaipur, Rajasthan","Water-Based Paints & Hardware",359
1564,"Balaji Sanganer Wall Protect & Texture Depot",Bhilwara,"Sanganer Road","Trader E Bhilwara",+919414003139,"Shop 179, Main Road, Sanganer Road, Bhilwara, Rajasthan","Water-Based Paints & Hardware",372
1565,"Kalyan Tijara Trade Associates",Alwar,"Tijara Road","Trader F Alwar",+919414003141,"Shop 180, Main Road, Tijara Road, Alwar, Rajasthan","Water-Based Paints & Hardware",385
1566,"Krishna Station Paints & Hardware Mart",Sikar,"Station Road","Trader G Sikar",+919414003143,"Shop 181, Main Road, Station Road, Sikar, Rajasthan","Water-Based Paints & Hardware",398
1567,"Vikas Purani Paint & Sanitary Store",Sri Ganganagar,"Purani Abadi","Trader H Sri Ganganagar",+919414003145,"Shop 182, Main Road, Purani Abadi, Sri Ganganagar, Rajasthan","Water-Based Paints & Hardware",411
1568,"Shree Mathura Colors & Coatings Agency",Bharatpur,"Mathura Road","Trader I Bharatpur",+919414003147,"Shop 183, Main Road, Mathura Road, Bharatpur, Rajasthan","Water-Based Paints & Hardware",424
1569,"Jai Suraj Hardware & Building Materials",Pali,"Suraj Pole","Trader J Pali",+919414003149,"Shop 184, Main Road, Suraj Pole, Pali, Rajasthan","Water-Based Paints & Hardware",437
1570,"New Fort Wall Protect & Texture Depot",Chittorgarh,"Fort Road","Trader K Chittorgarh",+919414003151,"Shop 185, Main Road, Fort Road, Chittorgarh, Rajasthan","Water-Based Paints & Hardware",50
1571,"Royal Kuchaman Trade Associates",Nagaur,"Kuchaman City","Trader L Nagaur",+919414003153,"Shop 186, Main Road, Kuchaman City, Nagaur, Rajasthan","Water-Based Paints & Hardware",63
1572,"Modern Peeru Paints & Hardware Mart",Jhunjhunu,"Peeru Singh Circle","Trader M Jhunjhunu",+919414003155,"Shop 187, Main Road, Peeru Singh Circle, Jhunjhunu, Rajasthan","Water-Based Paints & Hardware",76
1573,"Star Subhash Paint & Sanitary Store",Tonk,"Subhash Chowk","Trader N Tonk",+919414003157,"Shop 188, Main Road, Subhash Chowk, Tonk, Rajasthan","Water-Based Paints & Hardware",89
1574,"Classic Industrial Colors & Coatings Agency",Hanumangarh,"Industrial Area","Trader O Hanumangarh",+919414003159,"Shop 189, Main Road, Industrial Area, Hanumangarh, Rajasthan","Water-Based Paints & Hardware",102
1575,"National Agra Hardware & Building Materials",Dausa,"Agra Road","Trader P Dausa",+919414003161,"Shop 190, Main Road, Agra Road, Dausa, Rajasthan","Water-Based Paints & Hardware",115
1576,"Ganesh Station Wall Protect & Texture Depot",Barmer,"Station Road","Trader Q Barmer",+919414003163,"Shop 191, Main Road, Station Road, Barmer, Rajasthan","Water-Based Paints & Hardware",128
1577,"Maruti Chomu Trade Associates",Jaipur,"Chomu","Trader R Jaipur",+919414003165,"Shop 192, Main Road, Chomu, Jaipur, Rajasthan","Water-Based Paints & Hardware",141
1578,"Balaji Mandore Paints & Hardware Mart",Jodhpur,"Mandore Road","Trader S Jodhpur",+919414003167,"Shop 193, Main Road, Mandore Road, Jodhpur, Rajasthan","Water-Based Paints & Hardware",154
1579,"Kalyan Borkhera Paint & Sanitary Store",Kota,"Borkhera","Trader T Kota",+919414003169,"Shop 194, Main Road, Borkhera, Kota, Rajasthan","Water-Based Paints & Hardware",167
1580,"Krishna Kote Colors & Coatings Agency",Bikaner,"Kote Gate","Trader U Bikaner",+919414003171,"Shop 195, Main Road, Kote Gate, Bikaner, Rajasthan","Water-Based Paints & Hardware",180
1581,"Vikas Parbatpura Hardware & Building Materials",Ajmer,"Parbatpura Industrial Area","Trader V Ajmer",+919414003173,"Shop 196, Main Road, Parbatpura Industrial Area, Ajmer, Rajasthan","Water-Based Paints & Hardware",193
1582,"Shree Udaisagar Wall Protect & Texture Depot",Udaipur,"Udaisagar Road","Trader W Udaipur",+919414003175,"Shop 197, Main Road, Udaisagar Road, Udaipur, Rajasthan","Water-Based Paints & Hardware",206
1583,"Jai Pur Trade Associates",Bhilwara,"Pur Road","Trader X Bhilwara",+919414003177,"Shop 198, Main Road, Pur Road, Bhilwara, Rajasthan","Water-Based Paints & Hardware",219
1584,"New MIA Paints & Hardware Mart",Alwar,"MIA Industrial Area","Trader Y Alwar",+919414003179,"Shop 199, Main Road, MIA Industrial Area, Alwar, Rajasthan","Water-Based Paints & Hardware",232
1585,"Royal Bajoria Paint & Sanitary Store",Sikar,"Bajoria Road","Trader Z Sikar",+919414003181,"Shop 200, Main Road, Bajoria Road, Sikar, Rajasthan","Water-Based Paints & Hardware",245
1586,"Modern Birbal Colors & Coatings Agency",Sri Ganganagar,"Birbal Chowk","Trader A Sri Ganganagar",+919414003183,"Shop 201, Main Road, Birbal Chowk, Sri Ganganagar, Rajasthan","Water-Based Paints & Hardware",258
1587,"Star Sewar Hardware & Building Materials",Bharatpur,"Sewar Industrial Area","Trader B Bharatpur",+919414003185,"Shop 202, Main Road, Sewar Industrial Area, Bharatpur, Rajasthan","Water-Based Paints & Hardware",271
1588,"Classic Mandia Wall Protect & Texture Depot",Pali,"Mandia Road Industrial Area","Trader C Pali",+919414003187,"Shop 203, Main Road, Mandia Road Industrial Area, Pali, Rajasthan","Water-Based Paints & Hardware",284
1589,"National Chanderiya Trade Associates",Chittorgarh,"Chanderiya Industrial Area","Trader D Chittorgarh",+919414003189,"Shop 204, Main Road, Chanderiya Industrial Area, Chittorgarh, Rajasthan","Water-Based Paints & Hardware",297
1590,"Ganesh Merta Paints & Hardware Mart",Nagaur,"Merta City","Trader E Nagaur",+919414003191,"Shop 205, Main Road, Merta City, Nagaur, Rajasthan","Water-Based Paints & Hardware",310
1591,"Maruti Gugali Paint & Sanitary Store",Jhunjhunu,"Gugali Market","Trader F Jhunjhunu",+919414003193,"Shop 206, Main Road, Gugali Market, Jhunjhunu, Rajasthan","Water-Based Paints & Hardware",323
1592,"Balaji Niwai Colors & Coatings Agency",Tonk,"Niwai Industrial Area","Trader G Tonk",+919414003195,"Shop 207, Main Road, Niwai Industrial Area, Tonk, Rajasthan","Water-Based Paints & Hardware",336
1593,"Kalyan Town Hardware & Building Materials",Hanumangarh,"Town Main Bazaar","Trader H Hanumangarh",+919414003197,"Shop 208, Main Road, Town Main Bazaar, Hanumangarh, Rajasthan","Water-Based Paints & Hardware",349
1594,"Krishna Bandikui Wall Protect & Texture Depot",Dausa,"Bandikui Mandi","Trader I Dausa",+919414003199,"Shop 209, Main Road, Bandikui Mandi, Dausa, Rajasthan","Water-Based Paints & Hardware",362
1595,"Vikas Refinery Trade Associates",Barmer,"Refinery Site Corridor","Trader J Barmer",+919414003201,"Shop 210, Main Road, Refinery Site Corridor, Barmer, Rajasthan","Water-Based Paints & Hardware",375
1596,"Shree Malviya Paints & Hardware Mart",Jaipur,"Malviya Nagar","Trader K Jaipur",+919414003203,"Shop 211, Main Road, Malviya Nagar, Jaipur, Rajasthan","Water-Based Paints & Hardware",388
1597,"Jai Pal Paint & Sanitary Store",Jodhpur,"Pal Road","Trader L Jodhpur",+919414003205,"Shop 212, Main Road, Pal Road, Jodhpur, Rajasthan","Water-Based Paints & Hardware",401
1598,"New Indraprastha Colors & Coatings Agency",Kota,"Indraprastha Industrial Area","Trader M Kota",+919414003207,"Shop 213, Main Road, Indraprastha Industrial Area, Kota, Rajasthan","Water-Based Paints & Hardware",414
1599,"Royal Nokha Hardware & Building Materials",Bikaner,"Nokha Road","Trader N Bikaner",+919414003209,"Shop 214, Main Road, Nokha Road, Bikaner, Rajasthan","Water-Based Paints & Hardware",427
1600,"Modern Kishangarh Wall Protect & Texture Depot",Ajmer,"Kishangarh Marble Mandi","Trader O Ajmer",+919414003211,"Shop 15, Main Road, Kishangarh Marble Mandi, Ajmer, Rajasthan","Water-Based Paints & Hardware",40
1601,"Star Fatehpura Trade Associates",Udaipur,"Fatehpura","Trader P Udaipur",+919414003213,"Shop 16, Main Road, Fatehpura, Udaipur, Rajasthan","Water-Based Paints & Hardware",53
1602,"Classic Gandhi Paints & Hardware Mart",Bhilwara,"Gandhi Nagar","Trader Q Bhilwara",+919414003215,"Shop 17, Main Road, Gandhi Nagar, Bhilwara, Rajasthan","Water-Based Paints & Hardware",66
1603,"National Manu Paint & Sanitary Store",Alwar,"Manu Marg","Trader R Alwar",+919414003217,"Shop 18, Main Road, Manu Marg, Alwar, Rajasthan","Water-Based Paints & Hardware",79
1604,"Ganesh Fatehpur Colors & Coatings Agency",Sikar,"Fatehpur Road","Trader S Sikar",+919414003219,"Shop 19, Main Road, Fatehpur Road, Sikar, Rajasthan","Water-Based Paints & Hardware",92
1605,"Maruti Suratgarh Hardware & Building Materials",Sri Ganganagar,"Suratgarh Road","Trader T Sri Ganganagar",+919414003221,"Shop 20, Main Road, Suratgarh Road, Sri Ganganagar, Rajasthan","Water-Based Paints & Hardware",105
1606,"Balaji Kumher Wall Protect & Texture Depot",Bharatpur,"Kumher Gate","Trader U Bharatpur",+919414003223,"Shop 21, Main Road, Kumher Gate, Bharatpur, Rajasthan","Water-Based Paints & Hardware",118
1607,"Kalyan Sumerpur Trade Associates",Pali,"Sumerpur Road","Trader V Pali",+919414003225,"Shop 22, Main Road, Sumerpur Road, Pali, Rajasthan","Water-Based Paints & Hardware",131
1608,"Krishna Collectorate Paints & Hardware Mart",Chittorgarh,"Collectorate Road","Trader W Chittorgarh",+919414003227,"Shop 23, Main Road, Collectorate Road, Chittorgarh, Rajasthan","Water-Based Paints & Hardware",144
1609,"Vikas Gandhi Paint & Sanitary Store",Nagaur,"Gandhi Chowk","Trader X Nagaur",+919414003229,"Shop 24, Main Road, Gandhi Chowk, Nagaur, Rajasthan","Water-Based Paints & Hardware",157
1610,"Shree Mandawa Colors & Coatings Agency",Jhunjhunu,"Mandawa Road","Trader Y Jhunjhunu",+919414003231,"Shop 25, Main Road, Mandawa Road, Jhunjhunu, Rajasthan","Water-Based Paints & Hardware",170
1611,"Jai Malpura Hardware & Building Materials",Tonk,"Malpura Road","Trader Z Tonk",+919414003233,"Shop 26, Main Road, Malpura Road, Tonk, Rajasthan","Water-Based Paints & Hardware",183
1612,"New Junction Wall Protect & Texture Depot",Hanumangarh,"Junction Market","Trader A Hanumangarh",+919414003235,"Shop 27, Main Road, Junction Market, Hanumangarh, Rajasthan","Water-Based Paints & Hardware",196
1613,"Royal Station Trade Associates",Dausa,"Station Road","Trader B Dausa",+919414003237,"Shop 28, Main Road, Station Road, Dausa, Rajasthan","Water-Based Paints & Hardware",209
1614,"Modern Sindhari Paints & Hardware Mart",Barmer,"Sindhari Road","Trader C Barmer",+919414003239,"Shop 29, Main Road, Sindhari Road, Barmer, Rajasthan","Water-Based Paints & Hardware",222
1615,"Star Transport Paint & Sanitary Store",Jaipur,"Transport Nagar","Trader D Jaipur",+919414003241,"Shop 30, Main Road, Transport Nagar, Jaipur, Rajasthan","Water-Based Paints & Hardware",235
1616,"Classic Shastri Colors & Coatings Agency",Jodhpur,"Shastri Nagar","Trader E Jodhpur",+919414003243,"Shop 31, Main Road, Shastri Nagar, Jodhpur, Rajasthan","Water-Based Paints & Hardware",248
1617,"National Gumanpura Hardware & Building Materials",Kota,"Gumanpura","Trader F Kota",+919414003245,"Shop 32, Main Road, Gumanpura, Kota, Rajasthan","Water-Based Paints & Hardware",261
1618,"Ganesh Sadul Wall Protect & Texture Depot",Bikaner,"Sadul Colony","Trader G Bikaner",+919414003247,"Shop 33, Main Road, Sadul Colony, Bikaner, Rajasthan","Water-Based Paints & Hardware",274
1619,"Maruti Beawar Trade Associates",Ajmer,"Beawar City","Trader H Ajmer",+919414003249,"Shop 34, Main Road, Beawar City, Ajmer, Rajasthan","Water-Based Paints & Hardware",287
1620,"Balaji Sukher Paints & Hardware Mart",Udaipur,"Sukher Industrial Area","Trader I Udaipur",+919414003251,"Shop 35, Main Road, Sukher Industrial Area, Udaipur, Rajasthan","Water-Based Paints & Hardware",300
1621,"Kalyan RIICO Paint & Sanitary Store",Bhilwara,"RIICO Industrial Area","Trader J Bhilwara",+919414003253,"Shop 36, Main Road, RIICO Industrial Area, Bhilwara, Rajasthan","Water-Based Paints & Hardware",313
1622,"Krishna Company Colors & Coatings Agency",Alwar,"Company Bagh","Trader K Alwar",+919414003255,"Shop 37, Main Road, Company Bagh, Alwar, Rajasthan","Water-Based Paints & Hardware",326
1623,"Vikas Piprali Hardware & Building Materials",Sikar,"Piprali Road","Trader L Sikar",+919414003257,"Shop 38, Main Road, Piprali Road, Sikar, Rajasthan","Water-Based Paints & Hardware",339
1624,"Shree Padampur Wall Protect & Texture Depot",Sri Ganganagar,"Padampur Road","Trader M Sri Ganganagar",+919414003259,"Shop 39, Main Road, Padampur Road, Sri Ganganagar, Rajasthan","Water-Based Paints & Hardware",352
1625,"Jai Anah Trade Associates",Bharatpur,"Anah Gate","Trader N Bharatpur",+919414003261,"Shop 40, Main Road, Anah Gate, Bharatpur, Rajasthan","Water-Based Paints & Hardware",365
1626,"New Somnath Paints & Hardware Mart",Pali,"Somnath Temple Market","Trader O Pali",+919414003263,"Shop 41, Main Road, Somnath Temple Market, Pali, Rajasthan","Water-Based Paints & Hardware",378
1627,"Royal Nimbahera Paint & Sanitary Store",Chittorgarh,"Nimbahera Town","Trader P Chittorgarh",+919414003265,"Shop 42, Main Road, Nimbahera Town, Chittorgarh, Rajasthan","Water-Based Paints & Hardware",391
1628,"Modern Makrana Colors & Coatings Agency",Nagaur,"Makrana Marble Zone","Trader Q Nagaur",+919414003267,"Shop 43, Main Road, Makrana Marble Zone, Nagaur, Rajasthan","Water-Based Paints & Hardware",404
1629,"Star Khetri Hardware & Building Materials",Jhunjhunu,"Khetri Nagar","Trader R Jhunjhunu",+919414003269,"Shop 44, Main Road, Khetri Nagar, Jhunjhunu, Rajasthan","Water-Based Paints & Hardware",417
1630,"Classic Civil Wall Protect & Texture Depot",Tonk,"Civil Lines","Trader S Tonk",+919414003271,"Shop 45, Main Road, Civil Lines, Tonk, Rajasthan","Water-Based Paints & Hardware",430
1631,"National Rawatsar Trade Associates",Hanumangarh,"Rawatsar Road","Trader T Hanumangarh",+919414003273,"Shop 46, Main Road, Rawatsar Road, Hanumangarh, Rajasthan","Water-Based Paints & Hardware",43
1632,"Ganesh Lalsot Paints & Hardware Mart",Dausa,"Lalsot Road","Trader U Dausa",+919414003275,"Shop 47, Main Road, Lalsot Road, Dausa, Rajasthan","Water-Based Paints & Hardware",56
1633,"Maruti Balotra Paint & Sanitary Store",Barmer,"Balotra Textile & Hardware Hub","Trader V Barmer",+919414003277,"Shop 48, Main Road, Balotra Textile & Hardware Hub, Barmer, Rajasthan","Water-Based Paints & Hardware",69
1634,"Balaji Vaishali Colors & Coatings Agency",Jaipur,"Vaishali Nagar","Trader W Jaipur",+919414003279,"Shop 49, Main Road, Vaishali Nagar, Jaipur, Rajasthan","Water-Based Paints & Hardware",82
1635,"Kalyan Boranada Hardware & Building Materials",Jodhpur,"Boranada SEZ","Trader X Jodhpur",+919414003281,"Shop 50, Main Road, Boranada SEZ, Jodhpur, Rajasthan","Water-Based Paints & Hardware",95
1636,"Krishna DCM Wall Protect & Texture Depot",Kota,"DCM Road","Trader Y Kota",+919414003283,"Shop 51, Main Road, DCM Road, Kota, Rajasthan","Water-Based Paints & Hardware",108
1637,"Vikas Bichhwal Trade Associates",Bikaner,"Bichhwal Industrial Area","Trader Z Bikaner",+919414003285,"Shop 52, Main Road, Bichhwal Industrial Area, Bikaner, Rajasthan","Water-Based Paints & Hardware",121
1638,"Shree Kutchery Paints & Hardware Mart",Ajmer,"Kutchery Road","Trader A Ajmer",+919414003287,"Shop 53, Main Road, Kutchery Road, Ajmer, Rajasthan","Water-Based Paints & Hardware",134
1639,"Jai Hiran Paint & Sanitary Store",Udaipur,"Hiran Magri","Trader B Udaipur",+919414003289,"Shop 54, Main Road, Hiran Magri, Udaipur, Rajasthan","Water-Based Paints & Hardware",147
1640,"New Bhopalganj Colors & Coatings Agency",Bhilwara,"Bhopalganj","Trader C Bhilwara",+919414003291,"Shop 55, Main Road, Bhopalganj, Bhilwara, Rajasthan","Water-Based Paints & Hardware",160
1641,"Royal Bhiwadi Hardware & Building Materials",Alwar,"Bhiwadi Industrial Zone","Trader D Alwar",+919414003293,"Shop 56, Main Road, Bhiwadi Industrial Zone, Alwar, Rajasthan","Water-Based Paints & Hardware",173
1642,"Modern Kotwali Wall Protect & Texture Depot",Sikar,"Kotwali Market","Trader E Sikar",+919414003295,"Shop 57, Main Road, Kotwali Market, Sikar, Rajasthan","Water-Based Paints & Hardware",186
1643,"Star Gola Trade Associates",Sri Ganganagar,"Gola Market","Trader F Sri Ganganagar",+919414003297,"Shop 58, Main Road, Gola Market, Sri Ganganagar, Rajasthan","Water-Based Paints & Hardware",199
1644,"Classic Circular Paints & Hardware Mart",Bharatpur,"Circular Road","Trader G Bharatpur",+919414003299,"Shop 59, Main Road, Circular Road, Bharatpur, Rajasthan","Water-Based Paints & Hardware",212
1645,"National Suraj Paint & Sanitary Store",Pali,"Suraj Pole","Trader H Pali",+919414003301,"Shop 60, Main Road, Suraj Pole, Pali, Rajasthan","Water-Based Paints & Hardware",225
1646,"Ganesh Fort Colors & Coatings Agency",Chittorgarh,"Fort Road","Trader I Chittorgarh",+919414003303,"Shop 61, Main Road, Fort Road, Chittorgarh, Rajasthan","Water-Based Paints & Hardware",238
1647,"Maruti Didwana Hardware & Building Materials",Nagaur,"Didwana Road","Trader J Nagaur",+919414003305,"Shop 62, Main Road, Didwana Road, Nagaur, Rajasthan","Water-Based Paints & Hardware",251
1648,"Balaji Chirawa Wall Protect & Texture Depot",Jhunjhunu,"Chirawa Road","Trader K Jhunjhunu",+919414003307,"Shop 63, Main Road, Chirawa Road, Jhunjhunu, Rajasthan","Water-Based Paints & Hardware",264
1649,"Kalyan Subhash Trade Associates",Tonk,"Subhash Chowk","Trader L Tonk",+919414003309,"Shop 64, Main Road, Subhash Chowk, Tonk, Rajasthan","Water-Based Paints & Hardware",277
1650,"Krishna Industrial Paints & Hardware Mart",Hanumangarh,"Industrial Area","Trader M Hanumangarh",+919414003311,"Shop 65, Main Road, Industrial Area, Hanumangarh, Rajasthan","Water-Based Paints & Hardware",290
1651,"Vikas Agra Paint & Sanitary Store",Dausa,"Agra Road","Trader N Dausa",+919414003313,"Shop 66, Main Road, Agra Road, Dausa, Rajasthan","Water-Based Paints & Hardware",303
1652,"Shree Station Colors & Coatings Agency",Barmer,"Station Road","Trader O Barmer",+919414003315,"Shop 67, Main Road, Station Road, Barmer, Rajasthan","Water-Based Paints & Hardware",316
1653,"Jai Jhotwara Hardware & Building Materials",Jaipur,"Jhotwara","Trader P Jaipur",+919414003317,"Shop 68, Main Road, Jhotwara, Jaipur, Rajasthan","Water-Based Paints & Hardware",329
1654,"New Sardarpura Wall Protect & Texture Depot",Jodhpur,"Sardarpura","Trader Q Jodhpur",+919414003319,"Shop 69, Main Road, Sardarpura, Jodhpur, Rajasthan","Water-Based Paints & Hardware",342
1655,"Royal Rampura Trade Associates",Kota,"Rampura","Trader R Kota",+919414003321,"Shop 70, Main Road, Rampura, Kota, Rajasthan","Water-Based Paints & Hardware",355
1656,"Modern Rani Paints & Hardware Mart",Bikaner,"Rani Bazar Industrial Area","Trader S Bikaner",+919414003323,"Shop 71, Main Road, Rani Bazar Industrial Area, Bikaner, Rajasthan","Water-Based Paints & Hardware",368
1657,"Star Madar Paint & Sanitary Store",Ajmer,"Madar Gate","Trader T Ajmer",+919414003325,"Shop 72, Main Road, Madar Gate, Ajmer, Rajasthan","Water-Based Paints & Hardware",381
1658,"Classic Bapu Colors & Coatings Agency",Udaipur,"Bapu Bazar","Trader U Udaipur",+919414003327,"Shop 73, Main Road, Bapu Bazar, Udaipur, Rajasthan","Water-Based Paints & Hardware",394
1659,"National Sanganer Hardware & Building Materials",Bhilwara,"Sanganer Road","Trader V Bhilwara",+919414003329,"Shop 74, Main Road, Sanganer Road, Bhilwara, Rajasthan","Water-Based Paints & Hardware",407
1660,"Ganesh Neemrana Wall Protect & Texture Depot",Alwar,"Neemrana Japanese Zone","Trader W Alwar",+919414003331,"Shop 75, Main Road, Neemrana Japanese Zone, Alwar, Rajasthan","Water-Based Paints & Hardware",420
1661,"Maruti Salasar Trade Associates",Sikar,"Salasar Bus Stand","Trader X Sikar",+919414003333,"Shop 76, Main Road, Salasar Bus Stand, Sikar, Rajasthan","Water-Based Paints & Hardware",433
1662,"Balaji Purani Paints & Hardware Mart",Sri Ganganagar,"Purani Abadi","Trader Y Sri Ganganagar",+919414003335,"Shop 77, Main Road, Purani Abadi, Sri Ganganagar, Rajasthan","Water-Based Paints & Hardware",46
1663,"Kalyan Mathura Paint & Sanitary Store",Bharatpur,"Mathura Road","Trader Z Bharatpur",+919414003337,"Shop 78, Main Road, Mathura Road, Bharatpur, Rajasthan","Water-Based Paints & Hardware",59
1664,"Krishna Mandia Colors & Coatings Agency",Pali,"Mandia Road Industrial Area","Trader A Pali",+919414003339,"Shop 79, Main Road, Mandia Road Industrial Area, Pali, Rajasthan","Water-Based Paints & Hardware",72
1665,"Vikas Chanderiya Hardware & Building Materials",Chittorgarh,"Chanderiya Industrial Area","Trader B Chittorgarh",+919414003341,"Shop 80, Main Road, Chanderiya Industrial Area, Chittorgarh, Rajasthan","Water-Based Paints & Hardware",85
1666,"Shree Kuchaman Wall Protect & Texture Depot",Nagaur,"Kuchaman City","Trader C Nagaur",+919414003343,"Shop 81, Main Road, Kuchaman City, Nagaur, Rajasthan","Water-Based Paints & Hardware",98
1667,"Jai Peeru Trade Associates",Jhunjhunu,"Peeru Singh Circle","Trader D Jhunjhunu",+919414003345,"Shop 82, Main Road, Peeru Singh Circle, Jhunjhunu, Rajasthan","Water-Based Paints & Hardware",111
1668,"New Niwai Paints & Hardware Mart",Tonk,"Niwai Industrial Area","Trader E Tonk",+919414003347,"Shop 83, Main Road, Niwai Industrial Area, Tonk, Rajasthan","Water-Based Paints & Hardware",124
1669,"Royal Town Paint & Sanitary Store",Hanumangarh,"Town Main Bazaar","Trader F Hanumangarh",+919414003349,"Shop 84, Main Road, Town Main Bazaar, Hanumangarh, Rajasthan","Water-Based Paints & Hardware",137
1670,"Modern Bandikui Colors & Coatings Agency",Dausa,"Bandikui Mandi","Trader G Dausa",+919414003351,"Shop 85, Main Road, Bandikui Mandi, Dausa, Rajasthan","Water-Based Paints & Hardware",150
1671,"Star Refinery Hardware & Building Materials",Barmer,"Refinery Site Corridor","Trader H Barmer",+919414003353,"Shop 86, Main Road, Refinery Site Corridor, Barmer, Rajasthan","Water-Based Paints & Hardware",163
1672,"Classic Sanganer Wall Protect & Texture Depot",Jaipur,"Sanganer Town","Trader I Jaipur",+919414003355,"Shop 87, Main Road, Sanganer Town, Jaipur, Rajasthan","Water-Based Paints & Hardware",176
1673,"National Basni Trade Associates",Jodhpur,"Basni Industrial Area","Trader J Jodhpur",+919414003357,"Shop 88, Main Road, Basni Industrial Area, Jodhpur, Rajasthan","Water-Based Paints & Hardware",189
1674,"Ganesh Vigyan Paints & Hardware Mart",Kota,"Vigyan Nagar","Trader K Kota",+919414003359,"Shop 89, Main Road, Vigyan Nagar, Kota, Rajasthan","Water-Based Paints & Hardware",202
1675,"Maruti Kote Paint & Sanitary Store",Bikaner,"Kote Gate","Trader L Bikaner",+919414003361,"Shop 90, Main Road, Kote Gate, Bikaner, Rajasthan","Water-Based Paints & Hardware",215
1676,"Balaji Clock Colors & Coatings Agency",Ajmer,"Clock Tower Market","Trader M Ajmer",+919414003363,"Shop 91, Main Road, Clock Tower Market, Ajmer, Rajasthan","Water-Based Paints & Hardware",228
1677,"Kalyan Mewar Hardware & Building Materials",Udaipur,"Mewar Industrial Area","Trader N Udaipur",+919414003365,"Shop 92, Main Road, Mewar Industrial Area, Udaipur, Rajasthan","Water-Based Paints & Hardware",241
1678,"Krishna Pur Wall Protect & Texture Depot",Bhilwara,"Pur Road","Trader O Bhilwara",+919414003367,"Shop 93, Main Road, Pur Road, Bhilwara, Rajasthan","Water-Based Paints & Hardware",254
1679,"Vikas Tijara Trade Associates",Alwar,"Tijara Road","Trader P Alwar",+919414003369,"Shop 94, Main Road, Tijara Road, Alwar, Rajasthan","Water-Based Paints & Hardware",267
1680,"Shree Station Paints & Hardware Mart",Sikar,"Station Road","Trader Q Sikar",+919414003371,"Shop 95, Main Road, Station Road, Sikar, Rajasthan","Water-Based Paints & Hardware",280
1681,"Jai Birbal Paint & Sanitary Store",Sri Ganganagar,"Birbal Chowk","Trader R Sri Ganganagar",+919414003373,"Shop 96, Main Road, Birbal Chowk, Sri Ganganagar, Rajasthan","Water-Based Paints & Hardware",293
1682,"New Sewar Colors & Coatings Agency",Bharatpur,"Sewar Industrial Area","Trader S Bharatpur",+919414003375,"Shop 97, Main Road, Sewar Industrial Area, Bharatpur, Rajasthan","Water-Based Paints & Hardware",306
1683,"Royal Sumerpur Hardware & Building Materials",Pali,"Sumerpur Road","Trader T Pali",+919414003377,"Shop 98, Main Road, Sumerpur Road, Pali, Rajasthan","Water-Based Paints & Hardware",319
1684,"Modern Collectorate Wall Protect & Texture Depot",Chittorgarh,"Collectorate Road","Trader U Chittorgarh",+919414003379,"Shop 99, Main Road, Collectorate Road, Chittorgarh, Rajasthan","Water-Based Paints & Hardware",332
1685,"Star Merta Trade Associates",Nagaur,"Merta City","Trader V Nagaur",+919414003381,"Shop 100, Main Road, Merta City, Nagaur, Rajasthan","Water-Based Paints & Hardware",345
1686,"Classic Gugali Paints & Hardware Mart",Jhunjhunu,"Gugali Market","Trader W Jhunjhunu",+919414003383,"Shop 101, Main Road, Gugali Market, Jhunjhunu, Rajasthan","Water-Based Paints & Hardware",358
1687,"National Malpura Paint & Sanitary Store",Tonk,"Malpura Road","Trader X Tonk",+919414003385,"Shop 102, Main Road, Malpura Road, Tonk, Rajasthan","Water-Based Paints & Hardware",371
1688,"Ganesh Junction Colors & Coatings Agency",Hanumangarh,"Junction Market","Trader Y Hanumangarh",+919414003387,"Shop 103, Main Road, Junction Market, Hanumangarh, Rajasthan","Water-Based Paints & Hardware",384
1689,"Maruti Station Hardware & Building Materials",Dausa,"Station Road","Trader Z Dausa",+919414003389,"Shop 104, Main Road, Station Road, Dausa, Rajasthan","Water-Based Paints & Hardware",397
1690,"Balaji Sindhari Wall Protect & Texture Depot",Barmer,"Sindhari Road","Trader A Barmer",+919414003391,"Shop 105, Main Road, Sindhari Road, Barmer, Rajasthan","Water-Based Paints & Hardware",410
1691,"Kalyan VKI Trade Associates",Jaipur,"VKI Industrial Area","Trader B Jaipur",+919414003393,"Shop 106, Main Road, VKI Industrial Area, Jaipur, Rajasthan","Water-Based Paints & Hardware",423
1692,"Krishna Ratanada Paints & Hardware Mart",Jodhpur,"Ratanada","Trader C Jodhpur",+919414003395,"Shop 107, Main Road, Ratanada, Jodhpur, Rajasthan","Water-Based Paints & Hardware",436
1693,"Vikas Mahaveer Paint & Sanitary Store",Kota,"Mahaveer Nagar","Trader D Kota",+919414003397,"Shop 108, Main Road, Mahaveer Nagar, Kota, Rajasthan","Water-Based Paints & Hardware",49
1694,"Shree Nokha Colors & Coatings Agency",Bikaner,"Nokha Road","Trader E Bikaner",+919414003399,"Shop 109, Main Road, Nokha Road, Bikaner, Rajasthan","Water-Based Paints & Hardware",62
1695,"Jai Parbatpura Hardware & Building Materials",Ajmer,"Parbatpura Industrial Area","Trader F Ajmer",+919414003401,"Shop 110, Main Road, Parbatpura Industrial Area, Ajmer, Rajasthan","Water-Based Paints & Hardware",75
1696,"New Udaisagar Wall Protect & Texture Depot",Udaipur,"Udaisagar Road","Trader G Udaipur",+919414003403,"Shop 111, Main Road, Udaisagar Road, Udaipur, Rajasthan","Water-Based Paints & Hardware",88
1697,"Royal Gandhi Trade Associates",Bhilwara,"Gandhi Nagar","Trader H Bhilwara",+919414003405,"Shop 112, Main Road, Gandhi Nagar, Bhilwara, Rajasthan","Water-Based Paints & Hardware",101
1698,"Modern MIA Paints & Hardware Mart",Alwar,"MIA Industrial Area","Trader I Alwar",+919414003407,"Shop 113, Main Road, MIA Industrial Area, Alwar, Rajasthan","Water-Based Paints & Hardware",114
1699,"Star Bajoria Paint & Sanitary Store",Sikar,"Bajoria Road","Trader J Sikar",+919414003409,"Shop 114, Main Road, Bajoria Road, Sikar, Rajasthan","Water-Based Paints & Hardware",127
1700,"Classic Suratgarh Colors & Coatings Agency",Sri Ganganagar,"Suratgarh Road","Trader K Sri Ganganagar",+919414003411,"Shop 115, Main Road, Suratgarh Road, Sri Ganganagar, Rajasthan","Water-Based Paints & Hardware",140
1701,"National Kumher Hardware & Building Materials",Bharatpur,"Kumher Gate","Trader L Bharatpur",+919414003413,"Shop 116, Main Road, Kumher Gate, Bharatpur, Rajasthan","Water-Based Paints & Hardware",153
1702,"Ganesh Somnath Wall Protect & Texture Depot",Pali,"Somnath Temple Market","Trader M Pali",+919414003415,"Shop 117, Main Road, Somnath Temple Market, Pali, Rajasthan","Water-Based Paints & Hardware",166
1703,"Maruti Nimbahera Trade Associates",Chittorgarh,"Nimbahera Town","Trader N Chittorgarh",+919414003417,"Shop 118, Main Road, Nimbahera Town, Chittorgarh, Rajasthan","Water-Based Paints & Hardware",179
1704,"Balaji Gandhi Paints & Hardware Mart",Nagaur,"Gandhi Chowk","Trader O Nagaur",+919414003419,"Shop 119, Main Road, Gandhi Chowk, Nagaur, Rajasthan","Water-Based Paints & Hardware",192
1705,"Kalyan Mandawa Paint & Sanitary Store",Jhunjhunu,"Mandawa Road","Trader P Jhunjhunu",+919414003421,"Shop 120, Main Road, Mandawa Road, Jhunjhunu, Rajasthan","Water-Based Paints & Hardware",205
1706,"Krishna Civil Colors & Coatings Agency",Tonk,"Civil Lines","Trader Q Tonk",+919414003423,"Shop 121, Main Road, Civil Lines, Tonk, Rajasthan","Water-Based Paints & Hardware",218
1707,"Vikas Rawatsar Hardware & Building Materials",Hanumangarh,"Rawatsar Road","Trader R Hanumangarh",+919414003425,"Shop 122, Main Road, Rawatsar Road, Hanumangarh, Rajasthan","Water-Based Paints & Hardware",231
1708,"Shree Lalsot Wall Protect & Texture Depot",Dausa,"Lalsot Road","Trader S Dausa",+919414003427,"Shop 123, Main Road, Lalsot Road, Dausa, Rajasthan","Water-Based Paints & Hardware",244
1709,"Jai Balotra Trade Associates",Barmer,"Balotra Textile & Hardware Hub","Trader T Barmer",+919414003429,"Shop 124, Main Road, Balotra Textile & Hardware Hub, Barmer, Rajasthan","Water-Based Paints & Hardware",257
1710,"New Mansarovar Paints & Hardware Mart",Jaipur,"Mansarovar","Trader U Jaipur",+919414003431,"Shop 125, Main Road, Mansarovar, Jaipur, Rajasthan","Water-Based Paints & Hardware",270
1711,"Royal Mandore Paint & Sanitary Store",Jodhpur,"Mandore Road","Trader V Jodhpur",+919414003433,"Shop 126, Main Road, Mandore Road, Jodhpur, Rajasthan","Water-Based Paints & Hardware",283
1712,"Modern Borkhera Colors & Coatings Agency",Kota,"Borkhera","Trader W Kota",+919414003435,"Shop 127, Main Road, Borkhera, Kota, Rajasthan","Water-Based Paints & Hardware",296
1713,"Star Sadul Hardware & Building Materials",Bikaner,"Sadul Colony","Trader X Bikaner",+919414003437,"Shop 128, Main Road, Sadul Colony, Bikaner, Rajasthan","Water-Based Paints & Hardware",309
1714,"Classic Kishangarh Wall Protect & Texture Depot",Ajmer,"Kishangarh Marble Mandi","Trader Y Ajmer",+919414003439,"Shop 129, Main Road, Kishangarh Marble Mandi, Ajmer, Rajasthan","Water-Based Paints & Hardware",322
1715,"National Fatehpura Trade Associates",Udaipur,"Fatehpura","Trader Z Udaipur",+919414003441,"Shop 130, Main Road, Fatehpura, Udaipur, Rajasthan","Water-Based Paints & Hardware",335
1716,"Ganesh RIICO Paints & Hardware Mart",Bhilwara,"RIICO Industrial Area","Trader A Bhilwara",+919414003443,"Shop 131, Main Road, RIICO Industrial Area, Bhilwara, Rajasthan","Water-Based Paints & Hardware",348
1717,"Maruti Manu Paint & Sanitary Store",Alwar,"Manu Marg","Trader B Alwar",+919414003445,"Shop 132, Main Road, Manu Marg, Alwar, Rajasthan","Water-Based Paints & Hardware",361
1718,"Balaji Fatehpur Colors & Coatings Agency",Sikar,"Fatehpur Road","Trader C Sikar",+919414003447,"Shop 133, Main Road, Fatehpur Road, Sikar, Rajasthan","Water-Based Paints & Hardware",374
1719,"Kalyan Padampur Hardware & Building Materials",Sri Ganganagar,"Padampur Road","Trader D Sri Ganganagar",+919414003449,"Shop 134, Main Road, Padampur Road, Sri Ganganagar, Rajasthan","Water-Based Paints & Hardware",387
1720,"Krishna Anah Wall Protect & Texture Depot",Bharatpur,"Anah Gate","Trader E Bharatpur",+919414003451,"Shop 135, Main Road, Anah Gate, Bharatpur, Rajasthan","Water-Based Paints & Hardware",400
1721,"Vikas Suraj Trade Associates",Pali,"Suraj Pole","Trader F Pali",+919414003453,"Shop 136, Main Road, Suraj Pole, Pali, Rajasthan","Water-Based Paints & Hardware",413
1722,"Shree Fort Paints & Hardware Mart",Chittorgarh,"Fort Road","Trader G Chittorgarh",+919414003455,"Shop 137, Main Road, Fort Road, Chittorgarh, Rajasthan","Water-Based Paints & Hardware",426
1723,"Jai Makrana Paint & Sanitary Store",Nagaur,"Makrana Marble Zone","Trader H Nagaur",+919414003457,"Shop 138, Main Road, Makrana Marble Zone, Nagaur, Rajasthan","Water-Based Paints & Hardware",439
1724,"New Khetri Colors & Coatings Agency",Jhunjhunu,"Khetri Nagar","Trader I Jhunjhunu",+919414003459,"Shop 139, Main Road, Khetri Nagar, Jhunjhunu, Rajasthan","Water-Based Paints & Hardware",52
1725,"Royal Subhash Hardware & Building Materials",Tonk,"Subhash Chowk","Trader J Tonk",+919414003461,"Shop 140, Main Road, Subhash Chowk, Tonk, Rajasthan","Water-Based Paints & Hardware",65
1726,"Modern Industrial Wall Protect & Texture Depot",Hanumangarh,"Industrial Area","Trader K Hanumangarh",+919414003463,"Shop 141, Main Road, Industrial Area, Hanumangarh, Rajasthan","Water-Based Paints & Hardware",78
1727,"Star Agra Trade Associates",Dausa,"Agra Road","Trader L Dausa",+919414003465,"Shop 142, Main Road, Agra Road, Dausa, Rajasthan","Water-Based Paints & Hardware",91
1728,"Classic Station Paints & Hardware Mart",Barmer,"Station Road","Trader M Barmer",+919414003467,"Shop 143, Main Road, Station Road, Barmer, Rajasthan","Water-Based Paints & Hardware",104
1729,"National Tonk Paint & Sanitary Store",Jaipur,"Tonk Road","Trader N Jaipur",+919414003469,"Shop 144, Main Road, Tonk Road, Jaipur, Rajasthan","Water-Based Paints & Hardware",117
1730,"Ganesh Pal Colors & Coatings Agency",Jodhpur,"Pal Road","Trader O Jodhpur",+919414003471,"Shop 145, Main Road, Pal Road, Jodhpur, Rajasthan","Water-Based Paints & Hardware",130
1731,"Maruti Indraprastha Hardware & Building Materials",Kota,"Indraprastha Industrial Area","Trader P Kota",+919414003473,"Shop 146, Main Road, Indraprastha Industrial Area, Kota, Rajasthan","Water-Based Paints & Hardware",143
1732,"Balaji Bichhwal Wall Protect & Texture Depot",Bikaner,"Bichhwal Industrial Area","Trader Q Bikaner",+919414003475,"Shop 147, Main Road, Bichhwal Industrial Area, Bikaner, Rajasthan","Water-Based Paints & Hardware",156
1733,"Kalyan Beawar Trade Associates",Ajmer,"Beawar City","Trader R Ajmer",+919414003477,"Shop 148, Main Road, Beawar City, Ajmer, Rajasthan","Water-Based Paints & Hardware",169
1734,"Krishna Sukher Paints & Hardware Mart",Udaipur,"Sukher Industrial Area","Trader S Udaipur",+919414003479,"Shop 149, Main Road, Sukher Industrial Area, Udaipur, Rajasthan","Water-Based Paints & Hardware",182
1735,"Vikas Bhopalganj Paint & Sanitary Store",Bhilwara,"Bhopalganj","Trader T Bhilwara",+919414003481,"Shop 150, Main Road, Bhopalganj, Bhilwara, Rajasthan","Water-Based Paints & Hardware",195
1736,"Shree Company Colors & Coatings Agency",Alwar,"Company Bagh","Trader U Alwar",+919414003483,"Shop 151, Main Road, Company Bagh, Alwar, Rajasthan","Water-Based Paints & Hardware",208
1737,"Jai Piprali Hardware & Building Materials",Sikar,"Piprali Road","Trader V Sikar",+919414003485,"Shop 152, Main Road, Piprali Road, Sikar, Rajasthan","Water-Based Paints & Hardware",221
1738,"New Gola Wall Protect & Texture Depot",Sri Ganganagar,"Gola Market","Trader W Sri Ganganagar",+919414003487,"Shop 153, Main Road, Gola Market, Sri Ganganagar, Rajasthan","Water-Based Paints & Hardware",234
1739,"Royal Circular Trade Associates",Bharatpur,"Circular Road","Trader X Bharatpur",+919414003489,"Shop 154, Main Road, Circular Road, Bharatpur, Rajasthan","Water-Based Paints & Hardware",247
1740,"Modern Mandia Paints & Hardware Mart",Pali,"Mandia Road Industrial Area","Trader Y Pali",+919414003491,"Shop 155, Main Road, Mandia Road Industrial Area, Pali, Rajasthan","Water-Based Paints & Hardware",260
1741,"Star Chanderiya Paint & Sanitary Store",Chittorgarh,"Chanderiya Industrial Area","Trader Z Chittorgarh",+919414003493,"Shop 156, Main Road, Chanderiya Industrial Area, Chittorgarh, Rajasthan","Water-Based Paints & Hardware",273
1742,"Classic Didwana Colors & Coatings Agency",Nagaur,"Didwana Road","Trader A Nagaur",+919414003495,"Shop 157, Main Road, Didwana Road, Nagaur, Rajasthan","Water-Based Paints & Hardware",286
1743,"National Chirawa Hardware & Building Materials",Jhunjhunu,"Chirawa Road","Trader B Jhunjhunu",+919414003497,"Shop 158, Main Road, Chirawa Road, Jhunjhunu, Rajasthan","Water-Based Paints & Hardware",299
1744,"Ganesh Niwai Wall Protect & Texture Depot",Tonk,"Niwai Industrial Area","Trader C Tonk",+919414003499,"Shop 159, Main Road, Niwai Industrial Area, Tonk, Rajasthan","Water-Based Paints & Hardware",312
1745,"Maruti Town Trade Associates",Hanumangarh,"Town Main Bazaar","Trader D Hanumangarh",+919414003501,"Shop 160, Main Road, Town Main Bazaar, Hanumangarh, Rajasthan","Water-Based Paints & Hardware",325
1746,"Balaji Bandikui Paints & Hardware Mart",Dausa,"Bandikui Mandi","Trader E Dausa",+919414003503,"Shop 161, Main Road, Bandikui Mandi, Dausa, Rajasthan","Water-Based Paints & Hardware",338
1747,"Kalyan Refinery Paint & Sanitary Store",Barmer,"Refinery Site Corridor","Trader F Barmer",+919414003505,"Shop 162, Main Road, Refinery Site Corridor, Barmer, Rajasthan","Water-Based Paints & Hardware",351
1748,"Krishna Amer Colors & Coatings Agency",Jaipur,"Amer Road","Trader G Jaipur",+919414003507,"Shop 163, Main Road, Amer Road, Jaipur, Rajasthan","Water-Based Paints & Hardware",364
1749,"Vikas Shastri Hardware & Building Materials",Jodhpur,"Shastri Nagar","Trader H Jodhpur",+919414003509,"Shop 164, Main Road, Shastri Nagar, Jodhpur, Rajasthan","Water-Based Paints & Hardware",377
1750,"Shree Gumanpura Wall Protect & Texture Depot",Kota,"Gumanpura","Trader I Kota",+919414003511,"Shop 165, Main Road, Gumanpura, Kota, Rajasthan","Water-Based Paints & Hardware",390
1751,"Jai Rani Trade Associates",Bikaner,"Rani Bazar Industrial Area","Trader J Bikaner",+919414003513,"Shop 166, Main Road, Rani Bazar Industrial Area, Bikaner, Rajasthan","Water-Based Paints & Hardware",403
1752,"New Kutchery Paints & Hardware Mart",Ajmer,"Kutchery Road","Trader K Ajmer",+919414003515,"Shop 167, Main Road, Kutchery Road, Ajmer, Rajasthan","Water-Based Paints & Hardware",416
1753,"Royal Hiran Paint & Sanitary Store",Udaipur,"Hiran Magri","Trader L Udaipur",+919414003517,"Shop 168, Main Road, Hiran Magri, Udaipur, Rajasthan","Water-Based Paints & Hardware",429
1754,"Modern Sanganer Colors & Coatings Agency",Bhilwara,"Sanganer Road","Trader M Bhilwara",+919414003519,"Shop 169, Main Road, Sanganer Road, Bhilwara, Rajasthan","Water-Based Paints & Hardware",42
1755,"Star Bhiwadi Hardware & Building Materials",Alwar,"Bhiwadi Industrial Zone","Trader N Alwar",+919414003521,"Shop 170, Main Road, Bhiwadi Industrial Zone, Alwar, Rajasthan","Water-Based Paints & Hardware",55
1756,"Classic Kotwali Wall Protect & Texture Depot",Sikar,"Kotwali Market","Trader O Sikar",+919414003523,"Shop 171, Main Road, Kotwali Market, Sikar, Rajasthan","Water-Based Paints & Hardware",68
1757,"National Purani Trade Associates",Sri Ganganagar,"Purani Abadi","Trader P Sri Ganganagar",+919414003525,"Shop 172, Main Road, Purani Abadi, Sri Ganganagar, Rajasthan","Water-Based Paints & Hardware",81
1758,"Ganesh Mathura Paints & Hardware Mart",Bharatpur,"Mathura Road","Trader Q Bharatpur",+919414003527,"Shop 173, Main Road, Mathura Road, Bharatpur, Rajasthan","Water-Based Paints & Hardware",94
1759,"Maruti Sumerpur Paint & Sanitary Store",Pali,"Sumerpur Road","Trader R Pali",+919414003529,"Shop 174, Main Road, Sumerpur Road, Pali, Rajasthan","Water-Based Paints & Hardware",107
1760,"Balaji Collectorate Colors & Coatings Agency",Chittorgarh,"Collectorate Road","Trader S Chittorgarh",+919414003531,"Shop 175, Main Road, Collectorate Road, Chittorgarh, Rajasthan","Water-Based Paints & Hardware",120
1761,"Kalyan Kuchaman Hardware & Building Materials",Nagaur,"Kuchaman City","Trader T Nagaur",+919414003533,"Shop 176, Main Road, Kuchaman City, Nagaur, Rajasthan","Water-Based Paints & Hardware",133
1762,"Krishna Peeru Wall Protect & Texture Depot",Jhunjhunu,"Peeru Singh Circle","Trader U Jhunjhunu",+919414003535,"Shop 177, Main Road, Peeru Singh Circle, Jhunjhunu, Rajasthan","Water-Based Paints & Hardware",146
1763,"Vikas Malpura Trade Associates",Tonk,"Malpura Road","Trader V Tonk",+919414003537,"Shop 178, Main Road, Malpura Road, Tonk, Rajasthan","Water-Based Paints & Hardware",159
1764,"Shree Junction Paints & Hardware Mart",Hanumangarh,"Junction Market","Trader W Hanumangarh",+919414003539,"Shop 179, Main Road, Junction Market, Hanumangarh, Rajasthan","Water-Based Paints & Hardware",172
1765,"Jai Station Paint & Sanitary Store",Dausa,"Station Road","Trader X Dausa",+919414003541,"Shop 180, Main Road, Station Road, Dausa, Rajasthan","Water-Based Paints & Hardware",185
1766,"New Sindhari Colors & Coatings Agency",Barmer,"Sindhari Road","Trader Y Barmer",+919414003543,"Shop 181, Main Road, Sindhari Road, Barmer, Rajasthan","Water-Based Paints & Hardware",198
1767,"Royal Chomu Hardware & Building Materials",Jaipur,"Chomu","Trader Z Jaipur",+919414003545,"Shop 182, Main Road, Chomu, Jaipur, Rajasthan","Water-Based Paints & Hardware",211
1768,"Modern Boranada Wall Protect & Texture Depot",Jodhpur,"Boranada SEZ","Trader A Jodhpur",+919414003547,"Shop 183, Main Road, Boranada SEZ, Jodhpur, Rajasthan","Water-Based Paints & Hardware",224
1769,"Star DCM Trade Associates",Kota,"DCM Road","Trader B Kota",+919414003549,"Shop 184, Main Road, DCM Road, Kota, Rajasthan","Water-Based Paints & Hardware",237
1770,"Classic Kote Paints & Hardware Mart",Bikaner,"Kote Gate","Trader C Bikaner",+919414003551,"Shop 185, Main Road, Kote Gate, Bikaner, Rajasthan","Water-Based Paints & Hardware",250
1771,"National Madar Paint & Sanitary Store",Ajmer,"Madar Gate","Trader D Ajmer",+919414003553,"Shop 186, Main Road, Madar Gate, Ajmer, Rajasthan","Water-Based Paints & Hardware",263
1772,"Ganesh Bapu Colors & Coatings Agency",Udaipur,"Bapu Bazar","Trader E Udaipur",+919414003555,"Shop 187, Main Road, Bapu Bazar, Udaipur, Rajasthan","Water-Based Paints & Hardware",276
1773,"Maruti Pur Hardware & Building Materials",Bhilwara,"Pur Road","Trader F Bhilwara",+919414003557,"Shop 188, Main Road, Pur Road, Bhilwara, Rajasthan","Water-Based Paints & Hardware",289
1774,"Balaji Neemrana Wall Protect & Texture Depot",Alwar,"Neemrana Japanese Zone","Trader G Alwar",+919414003559,"Shop 189, Main Road, Neemrana Japanese Zone, Alwar, Rajasthan","Water-Based Paints & Hardware",302
1775,"Kalyan Salasar Trade Associates",Sikar,"Salasar Bus Stand","Trader H Sikar",+919414003561,"Shop 190, Main Road, Salasar Bus Stand, Sikar, Rajasthan","Water-Based Paints & Hardware",315
1776,"Krishna Birbal Paints & Hardware Mart",Sri Ganganagar,"Birbal Chowk","Trader I Sri Ganganagar",+919414003563,"Shop 191, Main Road, Birbal Chowk, Sri Ganganagar, Rajasthan","Water-Based Paints & Hardware",328
1777,"Vikas Sewar Paint & Sanitary Store",Bharatpur,"Sewar Industrial Area","Trader J Bharatpur",+919414003565,"Shop 192, Main Road, Sewar Industrial Area, Bharatpur, Rajasthan","Water-Based Paints & Hardware",341
1778,"Shree Somnath Colors & Coatings Agency",Pali,"Somnath Temple Market","Trader K Pali",+919414003567,"Shop 193, Main Road, Somnath Temple Market, Pali, Rajasthan","Water-Based Paints & Hardware",354
1779,"Jai Nimbahera Hardware & Building Materials",Chittorgarh,"Nimbahera Town","Trader L Chittorgarh",+919414003569,"Shop 194, Main Road, Nimbahera Town, Chittorgarh, Rajasthan","Water-Based Paints & Hardware",367
1780,"New Merta Wall Protect & Texture Depot",Nagaur,"Merta City","Trader M Nagaur",+919414003571,"Shop 195, Main Road, Merta City, Nagaur, Rajasthan","Water-Based Paints & Hardware",380
1781,"Royal Gugali Trade Associates",Jhunjhunu,"Gugali Market","Trader N Jhunjhunu",+919414003573,"Shop 196, Main Road, Gugali Market, Jhunjhunu, Rajasthan","Water-Based Paints & Hardware",393
1782,"Modern Civil Paints & Hardware Mart",Tonk,"Civil Lines","Trader O Tonk",+919414003575,"Shop 197, Main Road, Civil Lines, Tonk, Rajasthan","Water-Based Paints & Hardware",406
1783,"Star Rawatsar Paint & Sanitary Store",Hanumangarh,"Rawatsar Road","Trader P Hanumangarh",+919414003577,"Shop 198, Main Road, Rawatsar Road, Hanumangarh, Rajasthan","Water-Based Paints & Hardware",419
1784,"Classic Lalsot Colors & Coatings Agency",Dausa,"Lalsot Road","Trader Q Dausa",+919414003579,"Shop 199, Main Road, Lalsot Road, Dausa, Rajasthan","Water-Based Paints & Hardware",432
1785,"National Balotra Hardware & Building Materials",Barmer,"Balotra Textile & Hardware Hub","Trader R Barmer",+919414003581,"Shop 200, Main Road, Balotra Textile & Hardware Hub, Barmer, Rajasthan","Water-Based Paints & Hardware",45
1786,"Ganesh Malviya Wall Protect & Texture Depot",Jaipur,"Malviya Nagar","Trader S Jaipur",+919414003583,"Shop 201, Main Road, Malviya Nagar, Jaipur, Rajasthan","Water-Based Paints & Hardware",58
1787,"Maruti Sardarpura Trade Associates",Jodhpur,"Sardarpura","Trader T Jodhpur",+919414003585,"Shop 202, Main Road, Sardarpura, Jodhpur, Rajasthan","Water-Based Paints & Hardware",71
1788,"Balaji Rampura Paints & Hardware Mart",Kota,"Rampura","Trader U Kota",+919414003587,"Shop 203, Main Road, Rampura, Kota, Rajasthan","Water-Based Paints & Hardware",84
1789,"Kalyan Nokha Paint & Sanitary Store",Bikaner,"Nokha Road","Trader V Bikaner",+919414003589,"Shop 204, Main Road, Nokha Road, Bikaner, Rajasthan","Water-Based Paints & Hardware",97
1790,"Krishna Clock Colors & Coatings Agency",Ajmer,"Clock Tower Market","Trader W Ajmer",+919414003591,"Shop 205, Main Road, Clock Tower Market, Ajmer, Rajasthan","Water-Based Paints & Hardware",110
1791,"Vikas Mewar Hardware & Building Materials",Udaipur,"Mewar Industrial Area","Trader X Udaipur",+919414003593,"Shop 206, Main Road, Mewar Industrial Area, Udaipur, Rajasthan","Water-Based Paints & Hardware",123
1792,"Shree Gandhi Wall Protect & Texture Depot",Bhilwara,"Gandhi Nagar","Trader Y Bhilwara",+919414003595,"Shop 207, Main Road, Gandhi Nagar, Bhilwara, Rajasthan","Water-Based Paints & Hardware",136
1793,"Jai Tijara Trade Associates",Alwar,"Tijara Road","Trader Z Alwar",+919414003597,"Shop 208, Main Road, Tijara Road, Alwar, Rajasthan","Water-Based Paints & Hardware",149
1794,"New Station Paints & Hardware Mart",Sikar,"Station Road","Trader A Sikar",+919414003599,"Shop 209, Main Road, Station Road, Sikar, Rajasthan","Water-Based Paints & Hardware",162
1795,"Royal Suratgarh Paint & Sanitary Store",Sri Ganganagar,"Suratgarh Road","Trader B Sri Ganganagar",+919414003601,"Shop 210, Main Road, Suratgarh Road, Sri Ganganagar, Rajasthan","Water-Based Paints & Hardware",175
1796,"Modern Kumher Colors & Coatings Agency",Bharatpur,"Kumher Gate","Trader C Bharatpur",+919414003603,"Shop 211, Main Road, Kumher Gate, Bharatpur, Rajasthan","Water-Based Paints & Hardware",188
1797,"Star Suraj Hardware & Building Materials",Pali,"Suraj Pole","Trader D Pali",+919414003605,"Shop 212, Main Road, Suraj Pole, Pali, Rajasthan","Water-Based Paints & Hardware",201
1798,"Classic Fort Wall Protect & Texture Depot",Chittorgarh,"Fort Road","Trader E Chittorgarh",+919414003607,"Shop 213, Main Road, Fort Road, Chittorgarh, Rajasthan","Water-Based Paints & Hardware",214
1799,"National Gandhi Trade Associates",Nagaur,"Gandhi Chowk","Trader F Nagaur",+919414003609,"Shop 214, Main Road, Gandhi Chowk, Nagaur, Rajasthan","Water-Based Paints & Hardware",227
1800,"Ganesh Mandawa Paints & Hardware Mart",Jhunjhunu,"Mandawa Road","Trader G Jhunjhunu",+919414003611,"Shop 15, Main Road, Mandawa Road, Jhunjhunu, Rajasthan","Water-Based Paints & Hardware",240
1801,"Maruti Subhash Paint & Sanitary Store",Tonk,"Subhash Chowk","Trader H Tonk",+919414003613,"Shop 16, Main Road, Subhash Chowk, Tonk, Rajasthan","Water-Based Paints & Hardware",253
1802,"Balaji Industrial Colors & Coatings Agency",Hanumangarh,"Industrial Area","Trader I Hanumangarh",+919414003615,"Shop 17, Main Road, Industrial Area, Hanumangarh, Rajasthan","Water-Based Paints & Hardware",266
1803,"Kalyan Agra Hardware & Building Materials",Dausa,"Agra Road","Trader J Dausa",+919414003617,"Shop 18, Main Road, Agra Road, Dausa, Rajasthan","Water-Based Paints & Hardware",279
1804,"Krishna Station Wall Protect & Texture Depot",Barmer,"Station Road","Trader K Barmer",+919414003619,"Shop 19, Main Road, Station Road, Barmer, Rajasthan","Water-Based Paints & Hardware",292
1805,"Vikas Transport Trade Associates",Jaipur,"Transport Nagar","Trader L Jaipur",+919414003621,"Shop 20, Main Road, Transport Nagar, Jaipur, Rajasthan","Water-Based Paints & Hardware",305
1806,"Shree Basni Paints & Hardware Mart",Jodhpur,"Basni Industrial Area","Trader M Jodhpur",+919414003623,"Shop 21, Main Road, Basni Industrial Area, Jodhpur, Rajasthan","Water-Based Paints & Hardware",318
1807,"Jai Vigyan Paint & Sanitary Store",Kota,"Vigyan Nagar","Trader N Kota",+919414003625,"Shop 22, Main Road, Vigyan Nagar, Kota, Rajasthan","Water-Based Paints & Hardware",331
1808,"New Sadul Colors & Coatings Agency",Bikaner,"Sadul Colony","Trader O Bikaner",+919414003627,"Shop 23, Main Road, Sadul Colony, Bikaner, Rajasthan","Water-Based Paints & Hardware",344
1809,"Royal Parbatpura Hardware & Building Materials",Ajmer,"Parbatpura Industrial Area","Trader P Ajmer",+919414003629,"Shop 24, Main Road, Parbatpura Industrial Area, Ajmer, Rajasthan","Water-Based Paints & Hardware",357
1810,"Modern Udaisagar Wall Protect & Texture Depot",Udaipur,"Udaisagar Road","Trader Q Udaipur",+919414003631,"Shop 25, Main Road, Udaisagar Road, Udaipur, Rajasthan","Water-Based Paints & Hardware",370
1811,"Star RIICO Trade Associates",Bhilwara,"RIICO Industrial Area","Trader R Bhilwara",+919414003633,"Shop 26, Main Road, RIICO Industrial Area, Bhilwara, Rajasthan","Water-Based Paints & Hardware",383
1812,"Classic MIA Paints & Hardware Mart",Alwar,"MIA Industrial Area","Trader S Alwar",+919414003635,"Shop 27, Main Road, MIA Industrial Area, Alwar, Rajasthan","Water-Based Paints & Hardware",396
1813,"National Bajoria Paint & Sanitary Store",Sikar,"Bajoria Road","Trader T Sikar",+919414003637,"Shop 28, Main Road, Bajoria Road, Sikar, Rajasthan","Water-Based Paints & Hardware",409
1814,"Ganesh Padampur Colors & Coatings Agency",Sri Ganganagar,"Padampur Road","Trader U Sri Ganganagar",+919414003639,"Shop 29, Main Road, Padampur Road, Sri Ganganagar, Rajasthan","Water-Based Paints & Hardware",422
1815,"Maruti Anah Hardware & Building Materials",Bharatpur,"Anah Gate","Trader V Bharatpur",+919414003641,"Shop 30, Main Road, Anah Gate, Bharatpur, Rajasthan","Water-Based Paints & Hardware",435
1816,"Balaji Mandia Wall Protect & Texture Depot",Pali,"Mandia Road Industrial Area","Trader W Pali",+919414003643,"Shop 31, Main Road, Mandia Road Industrial Area, Pali, Rajasthan","Water-Based Paints & Hardware",48
1817,"Kalyan Chanderiya Trade Associates",Chittorgarh,"Chanderiya Industrial Area","Trader X Chittorgarh",+919414003645,"Shop 32, Main Road, Chanderiya Industrial Area, Chittorgarh, Rajasthan","Water-Based Paints & Hardware",61
1818,"Krishna Makrana Paints & Hardware Mart",Nagaur,"Makrana Marble Zone","Trader Y Nagaur",+919414003647,"Shop 33, Main Road, Makrana Marble Zone, Nagaur, Rajasthan","Water-Based Paints & Hardware",74
1819,"Vikas Khetri Paint & Sanitary Store",Jhunjhunu,"Khetri Nagar","Trader Z Jhunjhunu",+919414003649,"Shop 34, Main Road, Khetri Nagar, Jhunjhunu, Rajasthan","Water-Based Paints & Hardware",87
1820,"Shree Niwai Colors & Coatings Agency",Tonk,"Niwai Industrial Area","Trader A Tonk",+919414003651,"Shop 35, Main Road, Niwai Industrial Area, Tonk, Rajasthan","Water-Based Paints & Hardware",100
1821,"Jai Town Hardware & Building Materials",Hanumangarh,"Town Main Bazaar","Trader B Hanumangarh",+919414003653,"Shop 36, Main Road, Town Main Bazaar, Hanumangarh, Rajasthan","Water-Based Paints & Hardware",113
1822,"New Bandikui Wall Protect & Texture Depot",Dausa,"Bandikui Mandi","Trader C Dausa",+919414003655,"Shop 37, Main Road, Bandikui Mandi, Dausa, Rajasthan","Water-Based Paints & Hardware",126
1823,"Royal Refinery Trade Associates",Barmer,"Refinery Site Corridor","Trader D Barmer",+919414003657,"Shop 38, Main Road, Refinery Site Corridor, Barmer, Rajasthan","Water-Based Paints & Hardware",139
1824,"Modern Vaishali Paints & Hardware Mart",Jaipur,"Vaishali Nagar","Trader E Jaipur",+919414003659,"Shop 39, Main Road, Vaishali Nagar, Jaipur, Rajasthan","Water-Based Paints & Hardware",152
1825,"Star Ratanada Paint & Sanitary Store",Jodhpur,"Ratanada","Trader F Jodhpur",+919414003661,"Shop 40, Main Road, Ratanada, Jodhpur, Rajasthan","Water-Based Paints & Hardware",165
1826,"Classic Mahaveer Colors & Coatings Agency",Kota,"Mahaveer Nagar","Trader G Kota",+919414003663,"Shop 41, Main Road, Mahaveer Nagar, Kota, Rajasthan","Water-Based Paints & Hardware",178
1827,"National Bichhwal Hardware & Building Materials",Bikaner,"Bichhwal Industrial Area","Trader H Bikaner",+919414003665,"Shop 42, Main Road, Bichhwal Industrial Area, Bikaner, Rajasthan","Water-Based Paints & Hardware",191
1828,"Ganesh Kishangarh Wall Protect & Texture Depot",Ajmer,"Kishangarh Marble Mandi","Trader I Ajmer",+919414003667,"Shop 43, Main Road, Kishangarh Marble Mandi, Ajmer, Rajasthan","Water-Based Paints & Hardware",204
1829,"Maruti Fatehpura Trade Associates",Udaipur,"Fatehpura","Trader J Udaipur",+919414003669,"Shop 44, Main Road, Fatehpura, Udaipur, Rajasthan","Water-Based Paints & Hardware",217
1830,"Balaji Bhopalganj Paints & Hardware Mart",Bhilwara,"Bhopalganj","Trader K Bhilwara",+919414003671,"Shop 45, Main Road, Bhopalganj, Bhilwara, Rajasthan","Water-Based Paints & Hardware",230
1831,"Kalyan Manu Paint & Sanitary Store",Alwar,"Manu Marg","Trader L Alwar",+919414003673,"Shop 46, Main Road, Manu Marg, Alwar, Rajasthan","Water-Based Paints & Hardware",243
1832,"Krishna Fatehpur Colors & Coatings Agency",Sikar,"Fatehpur Road","Trader M Sikar",+919414003675,"Shop 47, Main Road, Fatehpur Road, Sikar, Rajasthan","Water-Based Paints & Hardware",256
1833,"Vikas Gola Hardware & Building Materials",Sri Ganganagar,"Gola Market","Trader N Sri Ganganagar",+919414003677,"Shop 48, Main Road, Gola Market, Sri Ganganagar, Rajasthan","Water-Based Paints & Hardware",269
1834,"Shree Circular Wall Protect & Texture Depot",Bharatpur,"Circular Road","Trader O Bharatpur",+919414003679,"Shop 49, Main Road, Circular Road, Bharatpur, Rajasthan","Water-Based Paints & Hardware",282
1835,"Jai Sumerpur Trade Associates",Pali,"Sumerpur Road","Trader P Pali",+919414003681,"Shop 50, Main Road, Sumerpur Road, Pali, Rajasthan","Water-Based Paints & Hardware",295
1836,"New Collectorate Paints & Hardware Mart",Chittorgarh,"Collectorate Road","Trader Q Chittorgarh",+919414003683,"Shop 51, Main Road, Collectorate Road, Chittorgarh, Rajasthan","Water-Based Paints & Hardware",308
1837,"Royal Didwana Paint & Sanitary Store",Nagaur,"Didwana Road","Trader R Nagaur",+919414003685,"Shop 52, Main Road, Didwana Road, Nagaur, Rajasthan","Water-Based Paints & Hardware",321
1838,"Modern Chirawa Colors & Coatings Agency",Jhunjhunu,"Chirawa Road","Trader S Jhunjhunu",+919414003687,"Shop 53, Main Road, Chirawa Road, Jhunjhunu, Rajasthan","Water-Based Paints & Hardware",334
1839,"Star Malpura Hardware & Building Materials",Tonk,"Malpura Road","Trader T Tonk",+919414003689,"Shop 54, Main Road, Malpura Road, Tonk, Rajasthan","Water-Based Paints & Hardware",347
1840,"Classic Junction Wall Protect & Texture Depot",Hanumangarh,"Junction Market","Trader U Hanumangarh",+919414003691,"Shop 55, Main Road, Junction Market, Hanumangarh, Rajasthan","Water-Based Paints & Hardware",360
1841,"National Station Trade Associates",Dausa,"Station Road","Trader V Dausa",+919414003693,"Shop 56, Main Road, Station Road, Dausa, Rajasthan","Water-Based Paints & Hardware",373
1842,"Ganesh Sindhari Paints & Hardware Mart",Barmer,"Sindhari Road","Trader W Barmer",+919414003695,"Shop 57, Main Road, Sindhari Road, Barmer, Rajasthan","Water-Based Paints & Hardware",386
1843,"Maruti Jhotwara Paint & Sanitary Store",Jaipur,"Jhotwara","Trader X Jaipur",+919414003697,"Shop 58, Main Road, Jhotwara, Jaipur, Rajasthan","Water-Based Paints & Hardware",399
1844,"Balaji Mandore Colors & Coatings Agency",Jodhpur,"Mandore Road","Trader Y Jodhpur",+919414003699,"Shop 59, Main Road, Mandore Road, Jodhpur, Rajasthan","Water-Based Paints & Hardware",412
1845,"Kalyan Borkhera Hardware & Building Materials",Kota,"Borkhera","Trader Z Kota",+919414003701,"Shop 60, Main Road, Borkhera, Kota, Rajasthan","Water-Based Paints & Hardware",425
1846,"Krishna Rani Wall Protect & Texture Depot",Bikaner,"Rani Bazar Industrial Area","Trader A Bikaner",+919414003703,"Shop 61, Main Road, Rani Bazar Industrial Area, Bikaner, Rajasthan","Water-Based Paints & Hardware",438
1847,"Vikas Beawar Trade Associates",Ajmer,"Beawar City","Trader B Ajmer",+919414003705,"Shop 62, Main Road, Beawar City, Ajmer, Rajasthan","Water-Based Paints & Hardware",51
1848,"Shree Sukher Paints & Hardware Mart",Udaipur,"Sukher Industrial Area","Trader C Udaipur",+919414003707,"Shop 63, Main Road, Sukher Industrial Area, Udaipur, Rajasthan","Water-Based Paints & Hardware",64
1849,"Jai Sanganer Paint & Sanitary Store",Bhilwara,"Sanganer Road","Trader D Bhilwara",+919414003709,"Shop 64, Main Road, Sanganer Road, Bhilwara, Rajasthan","Water-Based Paints & Hardware",77
1850,"New Company Colors & Coatings Agency",Alwar,"Company Bagh","Trader E Alwar",+919414003711,"Shop 65, Main Road, Company Bagh, Alwar, Rajasthan","Water-Based Paints & Hardware",90
1851,"Royal Piprali Hardware & Building Materials",Sikar,"Piprali Road","Trader F Sikar",+919414003713,"Shop 66, Main Road, Piprali Road, Sikar, Rajasthan","Water-Based Paints & Hardware",103
1852,"Modern Purani Wall Protect & Texture Depot",Sri Ganganagar,"Purani Abadi","Trader G Sri Ganganagar",+919414003715,"Shop 67, Main Road, Purani Abadi, Sri Ganganagar, Rajasthan","Water-Based Paints & Hardware",116
1853,"Star Mathura Trade Associates",Bharatpur,"Mathura Road","Trader H Bharatpur",+919414003717,"Shop 68, Main Road, Mathura Road, Bharatpur, Rajasthan","Water-Based Paints & Hardware",129
1854,"Classic Somnath Paints & Hardware Mart",Pali,"Somnath Temple Market","Trader I Pali",+919414003719,"Shop 69, Main Road, Somnath Temple Market, Pali, Rajasthan","Water-Based Paints & Hardware",142
1855,"National Nimbahera Paint & Sanitary Store",Chittorgarh,"Nimbahera Town","Trader J Chittorgarh",+919414003721,"Shop 70, Main Road, Nimbahera Town, Chittorgarh, Rajasthan","Water-Based Paints & Hardware",155
1856,"Ganesh Kuchaman Colors & Coatings Agency",Nagaur,"Kuchaman City","Trader K Nagaur",+919414003723,"Shop 71, Main Road, Kuchaman City, Nagaur, Rajasthan","Water-Based Paints & Hardware",168
1857,"Maruti Peeru Hardware & Building Materials",Jhunjhunu,"Peeru Singh Circle","Trader L Jhunjhunu",+919414003725,"Shop 72, Main Road, Peeru Singh Circle, Jhunjhunu, Rajasthan","Water-Based Paints & Hardware",181
1858,"Balaji Civil Wall Protect & Texture Depot",Tonk,"Civil Lines","Trader M Tonk",+919414003727,"Shop 73, Main Road, Civil Lines, Tonk, Rajasthan","Water-Based Paints & Hardware",194
1859,"Kalyan Rawatsar Trade Associates",Hanumangarh,"Rawatsar Road","Trader N Hanumangarh",+919414003729,"Shop 74, Main Road, Rawatsar Road, Hanumangarh, Rajasthan","Water-Based Paints & Hardware",207
1860,"Krishna Lalsot Paints & Hardware Mart",Dausa,"Lalsot Road","Trader O Dausa",+919414003731,"Shop 75, Main Road, Lalsot Road, Dausa, Rajasthan","Water-Based Paints & Hardware",220
1861,"Vikas Balotra Paint & Sanitary Store",Barmer,"Balotra Textile & Hardware Hub","Trader P Barmer",+919414003733,"Shop 76, Main Road, Balotra Textile & Hardware Hub, Barmer, Rajasthan","Water-Based Paints & Hardware",233
1862,"Shree Sanganer Colors & Coatings Agency",Jaipur,"Sanganer Town","Trader Q Jaipur",+919414003735,"Shop 77, Main Road, Sanganer Town, Jaipur, Rajasthan","Water-Based Paints & Hardware",246
1863,"Jai Pal Hardware & Building Materials",Jodhpur,"Pal Road","Trader R Jodhpur",+919414003737,"Shop 78, Main Road, Pal Road, Jodhpur, Rajasthan","Water-Based Paints & Hardware",259
1864,"New Indraprastha Wall Protect & Texture Depot",Kota,"Indraprastha Industrial Area","Trader S Kota",+919414003739,"Shop 79, Main Road, Indraprastha Industrial Area, Kota, Rajasthan","Water-Based Paints & Hardware",272
1865,"Royal Kote Trade Associates",Bikaner,"Kote Gate","Trader T Bikaner",+919414003741,"Shop 80, Main Road, Kote Gate, Bikaner, Rajasthan","Water-Based Paints & Hardware",285
1866,"Modern Kutchery Paints & Hardware Mart",Ajmer,"Kutchery Road","Trader U Ajmer",+919414003743,"Shop 81, Main Road, Kutchery Road, Ajmer, Rajasthan","Water-Based Paints & Hardware",298
1867,"Star Hiran Paint & Sanitary Store",Udaipur,"Hiran Magri","Trader V Udaipur",+919414003745,"Shop 82, Main Road, Hiran Magri, Udaipur, Rajasthan","Water-Based Paints & Hardware",311
1868,"Classic Pur Colors & Coatings Agency",Bhilwara,"Pur Road","Trader W Bhilwara",+919414003747,"Shop 83, Main Road, Pur Road, Bhilwara, Rajasthan","Water-Based Paints & Hardware",324
1869,"National Bhiwadi Hardware & Building Materials",Alwar,"Bhiwadi Industrial Zone","Trader X Alwar",+919414003749,"Shop 84, Main Road, Bhiwadi Industrial Zone, Alwar, Rajasthan","Water-Based Paints & Hardware",337
1870,"Ganesh Kotwali Wall Protect & Texture Depot",Sikar,"Kotwali Market","Trader Y Sikar",+919414003751,"Shop 85, Main Road, Kotwali Market, Sikar, Rajasthan","Water-Based Paints & Hardware",350
1871,"Maruti Birbal Trade Associates",Sri Ganganagar,"Birbal Chowk","Trader Z Sri Ganganagar",+919414003753,"Shop 86, Main Road, Birbal Chowk, Sri Ganganagar, Rajasthan","Water-Based Paints & Hardware",363
1872,"Balaji Sewar Paints & Hardware Mart",Bharatpur,"Sewar Industrial Area","Trader A Bharatpur",+919414003755,"Shop 87, Main Road, Sewar Industrial Area, Bharatpur, Rajasthan","Water-Based Paints & Hardware",376
1873,"Kalyan Suraj Paint & Sanitary Store",Pali,"Suraj Pole","Trader B Pali",+919414003757,"Shop 88, Main Road, Suraj Pole, Pali, Rajasthan","Water-Based Paints & Hardware",389
1874,"Krishna Fort Colors & Coatings Agency",Chittorgarh,"Fort Road","Trader C Chittorgarh",+919414003759,"Shop 89, Main Road, Fort Road, Chittorgarh, Rajasthan","Water-Based Paints & Hardware",402
1875,"Vikas Merta Hardware & Building Materials",Nagaur,"Merta City","Trader D Nagaur",+919414003761,"Shop 90, Main Road, Merta City, Nagaur, Rajasthan","Water-Based Paints & Hardware",415
1876,"Shree Gugali Wall Protect & Texture Depot",Jhunjhunu,"Gugali Market","Trader E Jhunjhunu",+919414003763,"Shop 91, Main Road, Gugali Market, Jhunjhunu, Rajasthan","Water-Based Paints & Hardware",428
1877,"Jai Subhash Trade Associates",Tonk,"Subhash Chowk","Trader F Tonk",+919414003765,"Shop 92, Main Road, Subhash Chowk, Tonk, Rajasthan","Water-Based Paints & Hardware",41
1878,"New Industrial Paints & Hardware Mart",Hanumangarh,"Industrial Area","Trader G Hanumangarh",+919414003767,"Shop 93, Main Road, Industrial Area, Hanumangarh, Rajasthan","Water-Based Paints & Hardware",54
1879,"Royal Agra Paint & Sanitary Store",Dausa,"Agra Road","Trader H Dausa",+919414003769,"Shop 94, Main Road, Agra Road, Dausa, Rajasthan","Water-Based Paints & Hardware",67
1880,"Modern Station Colors & Coatings Agency",Barmer,"Station Road","Trader I Barmer",+919414003771,"Shop 95, Main Road, Station Road, Barmer, Rajasthan","Water-Based Paints & Hardware",80
1881,"Star VKI Hardware & Building Materials",Jaipur,"VKI Industrial Area","Trader J Jaipur",+919414003773,"Shop 96, Main Road, VKI Industrial Area, Jaipur, Rajasthan","Water-Based Paints & Hardware",93
1882,"Classic Shastri Wall Protect & Texture Depot",Jodhpur,"Shastri Nagar","Trader K Jodhpur",+919414003775,"Shop 97, Main Road, Shastri Nagar, Jodhpur, Rajasthan","Water-Based Paints & Hardware",106
1883,"National Gumanpura Trade Associates",Kota,"Gumanpura","Trader L Kota",+919414003777,"Shop 98, Main Road, Gumanpura, Kota, Rajasthan","Water-Based Paints & Hardware",119
1884,"Ganesh Nokha Paints & Hardware Mart",Bikaner,"Nokha Road","Trader M Bikaner",+919414003779,"Shop 99, Main Road, Nokha Road, Bikaner, Rajasthan","Water-Based Paints & Hardware",132
1885,"Maruti Madar Paint & Sanitary Store",Ajmer,"Madar Gate","Trader N Ajmer",+919414003781,"Shop 100, Main Road, Madar Gate, Ajmer, Rajasthan","Water-Based Paints & Hardware",145
1886,"Balaji Bapu Colors & Coatings Agency",Udaipur,"Bapu Bazar","Trader O Udaipur",+919414003783,"Shop 101, Main Road, Bapu Bazar, Udaipur, Rajasthan","Water-Based Paints & Hardware",158
1887,"Kalyan Gandhi Hardware & Building Materials",Bhilwara,"Gandhi Nagar","Trader P Bhilwara",+919414003785,"Shop 102, Main Road, Gandhi Nagar, Bhilwara, Rajasthan","Water-Based Paints & Hardware",171
1888,"Krishna Neemrana Wall Protect & Texture Depot",Alwar,"Neemrana Japanese Zone","Trader Q Alwar",+919414003787,"Shop 103, Main Road, Neemrana Japanese Zone, Alwar, Rajasthan","Water-Based Paints & Hardware",184
1889,"Vikas Salasar Trade Associates",Sikar,"Salasar Bus Stand","Trader R Sikar",+919414003789,"Shop 104, Main Road, Salasar Bus Stand, Sikar, Rajasthan","Water-Based Paints & Hardware",197
1890,"Shree Suratgarh Paints & Hardware Mart",Sri Ganganagar,"Suratgarh Road","Trader S Sri Ganganagar",+919414003791,"Shop 105, Main Road, Suratgarh Road, Sri Ganganagar, Rajasthan","Water-Based Paints & Hardware",210
1891,"Jai Kumher Paint & Sanitary Store",Bharatpur,"Kumher Gate","Trader T Bharatpur",+919414003793,"Shop 106, Main Road, Kumher Gate, Bharatpur, Rajasthan","Water-Based Paints & Hardware",223
1892,"New Mandia Colors & Coatings Agency",Pali,"Mandia Road Industrial Area","Trader U Pali",+919414003795,"Shop 107, Main Road, Mandia Road Industrial Area, Pali, Rajasthan","Water-Based Paints & Hardware",236
1893,"Royal Chanderiya Hardware & Building Materials",Chittorgarh,"Chanderiya Industrial Area","Trader V Chittorgarh",+919414003797,"Shop 108, Main Road, Chanderiya Industrial Area, Chittorgarh, Rajasthan","Water-Based Paints & Hardware",249
1894,"Modern Gandhi Wall Protect & Texture Depot",Nagaur,"Gandhi Chowk","Trader W Nagaur",+919414003799,"Shop 109, Main Road, Gandhi Chowk, Nagaur, Rajasthan","Water-Based Paints & Hardware",262
1895,"Star Mandawa Trade Associates",Jhunjhunu,"Mandawa Road","Trader X Jhunjhunu",+919414003801,"Shop 110, Main Road, Mandawa Road, Jhunjhunu, Rajasthan","Water-Based Paints & Hardware",275
1896,"Classic Niwai Paints & Hardware Mart",Tonk,"Niwai Industrial Area","Trader Y Tonk",+919414003803,"Shop 111, Main Road, Niwai Industrial Area, Tonk, Rajasthan","Water-Based Paints & Hardware",288
1897,"National Town Paint & Sanitary Store",Hanumangarh,"Town Main Bazaar","Trader Z Hanumangarh",+919414003805,"Shop 112, Main Road, Town Main Bazaar, Hanumangarh, Rajasthan","Water-Based Paints & Hardware",301
1898,"Ganesh Bandikui Colors & Coatings Agency",Dausa,"Bandikui Mandi","Trader A Dausa",+919414003807,"Shop 113, Main Road, Bandikui Mandi, Dausa, Rajasthan","Water-Based Paints & Hardware",314
1899,"Maruti Refinery Hardware & Building Materials",Barmer,"Refinery Site Corridor","Trader B Barmer",+919414003809,"Shop 114, Main Road, Refinery Site Corridor, Barmer, Rajasthan","Water-Based Paints & Hardware",327
1900,"Balaji Mansarovar Wall Protect & Texture Depot",Jaipur,"Mansarovar","Trader C Jaipur",+919414003811,"Shop 115, Main Road, Mansarovar, Jaipur, Rajasthan","Water-Based Paints & Hardware",340
1901,"Kalyan Boranada Trade Associates",Jodhpur,"Boranada SEZ","Trader D Jodhpur",+919414003813,"Shop 116, Main Road, Boranada SEZ, Jodhpur, Rajasthan","Water-Based Paints & Hardware",353
1902,"Krishna DCM Paints & Hardware Mart",Kota,"DCM Road","Trader E Kota",+919414003815,"Shop 117, Main Road, DCM Road, Kota, Rajasthan","Water-Based Paints & Hardware",366
1903,"Vikas Sadul Paint & Sanitary Store",Bikaner,"Sadul Colony","Trader F Bikaner",+919414003817,"Shop 118, Main Road, Sadul Colony, Bikaner, Rajasthan","Water-Based Paints & Hardware",379
1904,"Shree Clock Colors & Coatings Agency",Ajmer,"Clock Tower Market","Trader G Ajmer",+919414003819,"Shop 119, Main Road, Clock Tower Market, Ajmer, Rajasthan","Water-Based Paints & Hardware",392
1905,"Jai Mewar Hardware & Building Materials",Udaipur,"Mewar Industrial Area","Trader H Udaipur",+919414003821,"Shop 120, Main Road, Mewar Industrial Area, Udaipur, Rajasthan","Water-Based Paints & Hardware",405
1906,"New RIICO Wall Protect & Texture Depot",Bhilwara,"RIICO Industrial Area","Trader I Bhilwara",+919414003823,"Shop 121, Main Road, RIICO Industrial Area, Bhilwara, Rajasthan","Water-Based Paints & Hardware",418
1907,"Royal Tijara Trade Associates",Alwar,"Tijara Road","Trader J Alwar",+919414003825,"Shop 122, Main Road, Tijara Road, Alwar, Rajasthan","Water-Based Paints & Hardware",431
1908,"Modern Station Paints & Hardware Mart",Sikar,"Station Road","Trader K Sikar",+919414003827,"Shop 123, Main Road, Station Road, Sikar, Rajasthan","Water-Based Paints & Hardware",44
1909,"Star Padampur Paint & Sanitary Store",Sri Ganganagar,"Padampur Road","Trader L Sri Ganganagar",+919414003829,"Shop 124, Main Road, Padampur Road, Sri Ganganagar, Rajasthan","Water-Based Paints & Hardware",57
1910,"Classic Anah Colors & Coatings Agency",Bharatpur,"Anah Gate","Trader M Bharatpur",+919414003831,"Shop 125, Main Road, Anah Gate, Bharatpur, Rajasthan","Water-Based Paints & Hardware",70
1911,"National Sumerpur Hardware & Building Materials",Pali,"Sumerpur Road","Trader N Pali",+919414003833,"Shop 126, Main Road, Sumerpur Road, Pali, Rajasthan","Water-Based Paints & Hardware",83
1912,"Ganesh Collectorate Wall Protect & Texture Depot",Chittorgarh,"Collectorate Road","Trader O Chittorgarh",+919414003835,"Shop 127, Main Road, Collectorate Road, Chittorgarh, Rajasthan","Water-Based Paints & Hardware",96
1913,"Maruti Makrana Trade Associates",Nagaur,"Makrana Marble Zone","Trader P Nagaur",+919414003837,"Shop 128, Main Road, Makrana Marble Zone, Nagaur, Rajasthan","Water-Based Paints & Hardware",109
1914,"Balaji Khetri Paints & Hardware Mart",Jhunjhunu,"Khetri Nagar","Trader Q Jhunjhunu",+919414003839,"Shop 129, Main Road, Khetri Nagar, Jhunjhunu, Rajasthan","Water-Based Paints & Hardware",122
1915,"Kalyan Malpura Paint & Sanitary Store",Tonk,"Malpura Road","Trader R Tonk",+919414003841,"Shop 130, Main Road, Malpura Road, Tonk, Rajasthan","Water-Based Paints & Hardware",135
1916,"Krishna Junction Colors & Coatings Agency",Hanumangarh,"Junction Market","Trader S Hanumangarh",+919414003843,"Shop 131, Main Road, Junction Market, Hanumangarh, Rajasthan","Water-Based Paints & Hardware",148
1917,"Vikas Station Hardware & Building Materials",Dausa,"Station Road","Trader T Dausa",+919414003845,"Shop 132, Main Road, Station Road, Dausa, Rajasthan","Water-Based Paints & Hardware",161
1918,"Shree Sindhari Wall Protect & Texture Depot",Barmer,"Sindhari Road","Trader U Barmer",+919414003847,"Shop 133, Main Road, Sindhari Road, Barmer, Rajasthan","Water-Based Paints & Hardware",174
1919,"Jai Tonk Trade Associates",Jaipur,"Tonk Road","Trader V Jaipur",+919414003849,"Shop 134, Main Road, Tonk Road, Jaipur, Rajasthan","Water-Based Paints & Hardware",187
1920,"New Sardarpura Paints & Hardware Mart",Jodhpur,"Sardarpura","Trader W Jodhpur",+919414003851,"Shop 135, Main Road, Sardarpura, Jodhpur, Rajasthan","Water-Based Paints & Hardware",200
1921,"Royal Rampura Paint & Sanitary Store",Kota,"Rampura","Trader X Kota",+919414003853,"Shop 136, Main Road, Rampura, Kota, Rajasthan","Water-Based Paints & Hardware",213
1922,"Modern Bichhwal Colors & Coatings Agency",Bikaner,"Bichhwal Industrial Area","Trader Y Bikaner",+919414003855,"Shop 137, Main Road, Bichhwal Industrial Area, Bikaner, Rajasthan","Water-Based Paints & Hardware",226
1923,"Star Parbatpura Hardware & Building Materials",Ajmer,"Parbatpura Industrial Area","Trader Z Ajmer",+919414003857,"Shop 138, Main Road, Parbatpura Industrial Area, Ajmer, Rajasthan","Water-Based Paints & Hardware",239
1924,"Classic Udaisagar Wall Protect & Texture Depot",Udaipur,"Udaisagar Road","Trader A Udaipur",+919414003859,"Shop 139, Main Road, Udaisagar Road, Udaipur, Rajasthan","Water-Based Paints & Hardware",252
1925,"National Bhopalganj Trade Associates",Bhilwara,"Bhopalganj","Trader B Bhilwara",+919414003861,"Shop 140, Main Road, Bhopalganj, Bhilwara, Rajasthan","Water-Based Paints & Hardware",265
1926,"Ganesh MIA Paints & Hardware Mart",Alwar,"MIA Industrial Area","Trader C Alwar",+919414003863,"Shop 141, Main Road, MIA Industrial Area, Alwar, Rajasthan","Water-Based Paints & Hardware",278
1927,"Maruti Bajoria Paint & Sanitary Store",Sikar,"Bajoria Road","Trader D Sikar",+919414003865,"Shop 142, Main Road, Bajoria Road, Sikar, Rajasthan","Water-Based Paints & Hardware",291
1928,"Balaji Gola Colors & Coatings Agency",Sri Ganganagar,"Gola Market","Trader E Sri Ganganagar",+919414003867,"Shop 143, Main Road, Gola Market, Sri Ganganagar, Rajasthan","Water-Based Paints & Hardware",304
1929,"Kalyan Circular Hardware & Building Materials",Bharatpur,"Circular Road","Trader F Bharatpur",+919414003869,"Shop 144, Main Road, Circular Road, Bharatpur, Rajasthan","Water-Based Paints & Hardware",317
1930,"Krishna Somnath Wall Protect & Texture Depot",Pali,"Somnath Temple Market","Trader G Pali",+919414003871,"Shop 145, Main Road, Somnath Temple Market, Pali, Rajasthan","Water-Based Paints & Hardware",330
1931,"Vikas Nimbahera Trade Associates",Chittorgarh,"Nimbahera Town","Trader H Chittorgarh",+919414003873,"Shop 146, Main Road, Nimbahera Town, Chittorgarh, Rajasthan","Water-Based Paints & Hardware",343
1932,"Shree Didwana Paints & Hardware Mart",Nagaur,"Didwana Road","Trader I Nagaur",+919414003875,"Shop 147, Main Road, Didwana Road, Nagaur, Rajasthan","Water-Based Paints & Hardware",356
1933,"Jai Chirawa Paint & Sanitary Store",Jhunjhunu,"Chirawa Road","Trader J Jhunjhunu",+919414003877,"Shop 148, Main Road, Chirawa Road, Jhunjhunu, Rajasthan","Water-Based Paints & Hardware",369
1934,"New Civil Colors & Coatings Agency",Tonk,"Civil Lines","Trader K Tonk",+919414003879,"Shop 149, Main Road, Civil Lines, Tonk, Rajasthan","Water-Based Paints & Hardware",382
1935,"Royal Rawatsar Hardware & Building Materials",Hanumangarh,"Rawatsar Road","Trader L Hanumangarh",+919414003881,"Shop 150, Main Road, Rawatsar Road, Hanumangarh, Rajasthan","Water-Based Paints & Hardware",395
1936,"Modern Lalsot Wall Protect & Texture Depot",Dausa,"Lalsot Road","Trader M Dausa",+919414003883,"Shop 151, Main Road, Lalsot Road, Dausa, Rajasthan","Water-Based Paints & Hardware",408
1937,"Star Balotra Trade Associates",Barmer,"Balotra Textile & Hardware Hub","Trader N Barmer",+919414003885,"Shop 152, Main Road, Balotra Textile & Hardware Hub, Barmer, Rajasthan","Water-Based Paints & Hardware",421
1938,"Classic Amer Paints & Hardware Mart",Jaipur,"Amer Road","Trader O Jaipur",+919414003887,"Shop 153, Main Road, Amer Road, Jaipur, Rajasthan","Water-Based Paints & Hardware",434
1939,"National Basni Paint & Sanitary Store",Jodhpur,"Basni Industrial Area","Trader P Jodhpur",+919414003889,"Shop 154, Main Road, Basni Industrial Area, Jodhpur, Rajasthan","Water-Based Paints & Hardware",47
1940,"Ganesh Vigyan Colors & Coatings Agency",Kota,"Vigyan Nagar","Trader Q Kota",+919414003891,"Shop 155, Main Road, Vigyan Nagar, Kota, Rajasthan","Water-Based Paints & Hardware",60
1941,"Maruti Rani Hardware & Building Materials",Bikaner,"Rani Bazar Industrial Area","Trader R Bikaner",+919414003893,"Shop 156, Main Road, Rani Bazar Industrial Area, Bikaner, Rajasthan","Water-Based Paints & Hardware",73
1942,"Balaji Kishangarh Wall Protect & Texture Depot",Ajmer,"Kishangarh Marble Mandi","Trader S Ajmer",+919414003895,"Shop 157, Main Road, Kishangarh Marble Mandi, Ajmer, Rajasthan","Water-Based Paints & Hardware",86
1943,"Kalyan Fatehpura Trade Associates",Udaipur,"Fatehpura","Trader T Udaipur",+919414003897,"Shop 158, Main Road, Fatehpura, Udaipur, Rajasthan","Water-Based Paints & Hardware",99
1944,"Krishna Sanganer Paints & Hardware Mart",Bhilwara,"Sanganer Road","Trader U Bhilwara",+919414003899,"Shop 159, Main Road, Sanganer Road, Bhilwara, Rajasthan","Water-Based Paints & Hardware",112
1945,"Vikas Manu Paint & Sanitary Store",Alwar,"Manu Marg","Trader V Alwar",+919414003901,"Shop 160, Main Road, Manu Marg, Alwar, Rajasthan","Water-Based Paints & Hardware",125
1946,"Shree Fatehpur Colors & Coatings Agency",Sikar,"Fatehpur Road","Trader W Sikar",+919414003903,"Shop 161, Main Road, Fatehpur Road, Sikar, Rajasthan","Water-Based Paints & Hardware",138
1947,"Jai Purani Hardware & Building Materials",Sri Ganganagar,"Purani Abadi","Trader X Sri Ganganagar",+919414003905,"Shop 162, Main Road, Purani Abadi, Sri Ganganagar, Rajasthan","Water-Based Paints & Hardware",151
1948,"New Mathura Wall Protect & Texture Depot",Bharatpur,"Mathura Road","Trader Y Bharatpur",+919414003907,"Shop 163, Main Road, Mathura Road, Bharatpur, Rajasthan","Water-Based Paints & Hardware",164
1949,"Royal Suraj Trade Associates",Pali,"Suraj Pole","Trader Z Pali",+919414003909,"Shop 164, Main Road, Suraj Pole, Pali, Rajasthan","Water-Based Paints & Hardware",177
1950,"Modern Fort Paints & Hardware Mart",Chittorgarh,"Fort Road","Trader A Chittorgarh",+919414003911,"Shop 165, Main Road, Fort Road, Chittorgarh, Rajasthan","Water-Based Paints & Hardware",190
1951,"Star Kuchaman Paint & Sanitary Store",Nagaur,"Kuchaman City","Trader B Nagaur",+919414003913,"Shop 166, Main Road, Kuchaman City, Nagaur, Rajasthan","Water-Based Paints & Hardware",203
1952,"Classic Peeru Colors & Coatings Agency",Jhunjhunu,"Peeru Singh Circle","Trader C Jhunjhunu",+919414003915,"Shop 167, Main Road, Peeru Singh Circle, Jhunjhunu, Rajasthan","Water-Based Paints & Hardware",216
1953,"National Subhash Hardware & Building Materials",Tonk,"Subhash Chowk","Trader D Tonk",+919414003917,"Shop 168, Main Road, Subhash Chowk, Tonk, Rajasthan","Water-Based Paints & Hardware",229
1954,"Ganesh Industrial Wall Protect & Texture Depot",Hanumangarh,"Industrial Area","Trader E Hanumangarh",+919414003919,"Shop 169, Main Road, Industrial Area, Hanumangarh, Rajasthan","Water-Based Paints & Hardware",242
1955,"Maruti Agra Trade Associates",Dausa,"Agra Road","Trader F Dausa",+919414003921,"Shop 170, Main Road, Agra Road, Dausa, Rajasthan","Water-Based Paints & Hardware",255
1956,"Balaji Station Paints & Hardware Mart",Barmer,"Station Road","Trader G Barmer",+919414003923,"Shop 171, Main Road, Station Road, Barmer, Rajasthan","Water-Based Paints & Hardware",268
1957,"Kalyan Chomu Paint & Sanitary Store",Jaipur,"Chomu","Trader H Jaipur",+919414003925,"Shop 172, Main Road, Chomu, Jaipur, Rajasthan","Water-Based Paints & Hardware",281
1958,"Krishna Ratanada Colors & Coatings Agency",Jodhpur,"Ratanada","Trader I Jodhpur",+919414003927,"Shop 173, Main Road, Ratanada, Jodhpur, Rajasthan","Water-Based Paints & Hardware",294
1959,"Vikas Mahaveer Hardware & Building Materials",Kota,"Mahaveer Nagar","Trader J Kota",+919414003929,"Shop 174, Main Road, Mahaveer Nagar, Kota, Rajasthan","Water-Based Paints & Hardware",307
1960,"Shree Kote Wall Protect & Texture Depot",Bikaner,"Kote Gate","Trader K Bikaner",+919414003931,"Shop 175, Main Road, Kote Gate, Bikaner, Rajasthan","Water-Based Paints & Hardware",320
1961,"Jai Beawar Trade Associates",Ajmer,"Beawar City","Trader L Ajmer",+919414003933,"Shop 176, Main Road, Beawar City, Ajmer, Rajasthan","Water-Based Paints & Hardware",333
1962,"New Sukher Paints & Hardware Mart",Udaipur,"Sukher Industrial Area","Trader M Udaipur",+919414003935,"Shop 177, Main Road, Sukher Industrial Area, Udaipur, Rajasthan","Water-Based Paints & Hardware",346
1963,"Royal Pur Paint & Sanitary Store",Bhilwara,"Pur Road","Trader N Bhilwara",+919414003937,"Shop 178, Main Road, Pur Road, Bhilwara, Rajasthan","Water-Based Paints & Hardware",359
1964,"Modern Company Colors & Coatings Agency",Alwar,"Company Bagh","Trader O Alwar",+919414003939,"Shop 179, Main Road, Company Bagh, Alwar, Rajasthan","Water-Based Paints & Hardware",372
1965,"Star Piprali Hardware & Building Materials",Sikar,"Piprali Road","Trader P Sikar",+919414003941,"Shop 180, Main Road, Piprali Road, Sikar, Rajasthan","Water-Based Paints & Hardware",385
1966,"Classic Birbal Wall Protect & Texture Depot",Sri Ganganagar,"Birbal Chowk","Trader Q Sri Ganganagar",+919414003943,"Shop 181, Main Road, Birbal Chowk, Sri Ganganagar, Rajasthan","Water-Based Paints & Hardware",398
1967,"National Sewar Trade Associates",Bharatpur,"Sewar Industrial Area","Trader R Bharatpur",+919414003945,"Shop 182, Main Road, Sewar Industrial Area, Bharatpur, Rajasthan","Water-Based Paints & Hardware",411
1968,"Ganesh Mandia Paints & Hardware Mart",Pali,"Mandia Road Industrial Area","Trader S Pali",+919414003947,"Shop 183, Main Road, Mandia Road Industrial Area, Pali, Rajasthan","Water-Based Paints & Hardware",424
1969,"Maruti Chanderiya Paint & Sanitary Store",Chittorgarh,"Chanderiya Industrial Area","Trader T Chittorgarh",+919414003949,"Shop 184, Main Road, Chanderiya Industrial Area, Chittorgarh, Rajasthan","Water-Based Paints & Hardware",437
1970,"Balaji Merta Colors & Coatings Agency",Nagaur,"Merta City","Trader U Nagaur",+919414003951,"Shop 185, Main Road, Merta City, Nagaur, Rajasthan","Water-Based Paints & Hardware",50
1971,"Kalyan Gugali Hardware & Building Materials",Jhunjhunu,"Gugali Market","Trader V Jhunjhunu",+919414003953,"Shop 186, Main Road, Gugali Market, Jhunjhunu, Rajasthan","Water-Based Paints & Hardware",63
1972,"Krishna Niwai Wall Protect & Texture Depot",Tonk,"Niwai Industrial Area","Trader W Tonk",+919414003955,"Shop 187, Main Road, Niwai Industrial Area, Tonk, Rajasthan","Water-Based Paints & Hardware",76
1973,"Vikas Town Trade Associates",Hanumangarh,"Town Main Bazaar","Trader X Hanumangarh",+919414003957,"Shop 188, Main Road, Town Main Bazaar, Hanumangarh, Rajasthan","Water-Based Paints & Hardware",89
1974,"Shree Bandikui Paints & Hardware Mart",Dausa,"Bandikui Mandi","Trader Y Dausa",+919414003959,"Shop 189, Main Road, Bandikui Mandi, Dausa, Rajasthan","Water-Based Paints & Hardware",102
1975,"Jai Refinery Paint & Sanitary Store",Barmer,"Refinery Site Corridor","Trader Z Barmer",+919414003961,"Shop 190, Main Road, Refinery Site Corridor, Barmer, Rajasthan","Water-Based Paints & Hardware",115
1976,"New Malviya Colors & Coatings Agency",Jaipur,"Malviya Nagar","Trader A Jaipur",+919414003963,"Shop 191, Main Road, Malviya Nagar, Jaipur, Rajasthan","Water-Based Paints & Hardware",128
1977,"Royal Mandore Hardware & Building Materials",Jodhpur,"Mandore Road","Trader B Jodhpur",+919414003965,"Shop 192, Main Road, Mandore Road, Jodhpur, Rajasthan","Water-Based Paints & Hardware",141
1978,"Modern Borkhera Wall Protect & Texture Depot",Kota,"Borkhera","Trader C Kota",+919414003967,"Shop 193, Main Road, Borkhera, Kota, Rajasthan","Water-Based Paints & Hardware",154
1979,"Star Nokha Trade Associates",Bikaner,"Nokha Road","Trader D Bikaner",+919414003969,"Shop 194, Main Road, Nokha Road, Bikaner, Rajasthan","Water-Based Paints & Hardware",167
1980,"Classic Kutchery Paints & Hardware Mart",Ajmer,"Kutchery Road","Trader E Ajmer",+919414003971,"Shop 195, Main Road, Kutchery Road, Ajmer, Rajasthan","Water-Based Paints & Hardware",180
1981,"National Hiran Paint & Sanitary Store",Udaipur,"Hiran Magri","Trader F Udaipur",+919414003973,"Shop 196, Main Road, Hiran Magri, Udaipur, Rajasthan","Water-Based Paints & Hardware",193
1982,"Ganesh Gandhi Colors & Coatings Agency",Bhilwara,"Gandhi Nagar","Trader G Bhilwara",+919414003975,"Shop 197, Main Road, Gandhi Nagar, Bhilwara, Rajasthan","Water-Based Paints & Hardware",206
1983,"Maruti Bhiwadi Hardware & Building Materials",Alwar,"Bhiwadi Industrial Zone","Trader H Alwar",+919414003977,"Shop 198, Main Road, Bhiwadi Industrial Zone, Alwar, Rajasthan","Water-Based Paints & Hardware",219
1984,"Balaji Kotwali Wall Protect & Texture Depot",Sikar,"Kotwali Market","Trader I Sikar",+919414003979,"Shop 199, Main Road, Kotwali Market, Sikar, Rajasthan","Water-Based Paints & Hardware",232
1985,"Kalyan Suratgarh Trade Associates",Sri Ganganagar,"Suratgarh Road","Trader J Sri Ganganagar",+919414003981,"Shop 200, Main Road, Suratgarh Road, Sri Ganganagar, Rajasthan","Water-Based Paints & Hardware",245
1986,"Krishna Kumher Paints & Hardware Mart",Bharatpur,"Kumher Gate","Trader K Bharatpur",+919414003983,"Shop 201, Main Road, Kumher Gate, Bharatpur, Rajasthan","Water-Based Paints & Hardware",258
1987,"Vikas Sumerpur Paint & Sanitary Store",Pali,"Sumerpur Road","Trader L Pali",+919414003985,"Shop 202, Main Road, Sumerpur Road, Pali, Rajasthan","Water-Based Paints & Hardware",271
1988,"Shree Collectorate Colors & Coatings Agency",Chittorgarh,"Collectorate Road","Trader M Chittorgarh",+919414003987,"Shop 203, Main Road, Collectorate Road, Chittorgarh, Rajasthan","Water-Based Paints & Hardware",284
1989,"Jai Gandhi Hardware & Building Materials",Nagaur,"Gandhi Chowk","Trader N Nagaur",+919414003989,"Shop 204, Main Road, Gandhi Chowk, Nagaur, Rajasthan","Water-Based Paints & Hardware",297
1990,"New Mandawa Wall Protect & Texture Depot",Jhunjhunu,"Mandawa Road","Trader O Jhunjhunu",+919414003991,"Shop 205, Main Road, Mandawa Road, Jhunjhunu, Rajasthan","Water-Based Paints & Hardware",310
1991,"Royal Malpura Trade Associates",Tonk,"Malpura Road","Trader P Tonk",+919414003993,"Shop 206, Main Road, Malpura Road, Tonk, Rajasthan","Water-Based Paints & Hardware",323
1992,"Modern Junction Paints & Hardware Mart",Hanumangarh,"Junction Market","Trader Q Hanumangarh",+919414003995,"Shop 207, Main Road, Junction Market, Hanumangarh, Rajasthan","Water-Based Paints & Hardware",336
1993,"Star Station Paint & Sanitary Store",Dausa,"Station Road","Trader R Dausa",+919414003997,"Shop 208, Main Road, Station Road, Dausa, Rajasthan","Water-Based Paints & Hardware",349
1994,"Classic Sindhari Colors & Coatings Agency",Barmer,"Sindhari Road","Trader S Barmer",+919414003999,"Shop 209, Main Road, Sindhari Road, Barmer, Rajasthan","Water-Based Paints & Hardware",362
1995,"National Transport Hardware & Building Materials",Jaipur,"Transport Nagar","Trader T Jaipur",+919414004001,"Shop 210, Main Road, Transport Nagar, Jaipur, Rajasthan","Water-Based Paints & Hardware",375
1996,"Ganesh Pal Wall Protect & Texture Depot",Jodhpur,"Pal Road","Trader U Jodhpur",+919414004003,"Shop 211, Main Road, Pal Road, Jodhpur, Rajasthan","Water-Based Paints & Hardware",388
1997,"Maruti Indraprastha Trade Associates",Kota,"Indraprastha Industrial Area","Trader V Kota",+919414004005,"Shop 212, Main Road, Indraprastha Industrial Area, Kota, Rajasthan","Water-Based Paints & Hardware",401
1998,"Balaji Sadul Paints & Hardware Mart",Bikaner,"Sadul Colony","Trader W Bikaner",+919414004007,"Shop 213, Main Road, Sadul Colony, Bikaner, Rajasthan","Water-Based Paints & Hardware",414
1999,"Kalyan Madar Paint & Sanitary Store",Ajmer,"Madar Gate","Trader X Ajmer",+919414004009,"Shop 214, Main Road, Madar Gate, Ajmer, Rajasthan","Water-Based Paints & Hardware",427
2000,"Krishna Bapu Colors & Coatings Agency",Udaipur,"Bapu Bazar","Trader Y Udaipur",+919414004011,"Shop 15, Main Road, Bapu Bazar, Udaipur, Rajasthan","Water-Based Paints & Hardware",40
2001,"Vikas RIICO Hardware & Building Materials",Bhilwara,"RIICO Industrial Area","Trader Z Bhilwara",+919414004013,"Shop 16, Main Road, RIICO Industrial Area, Bhilwara, Rajasthan","Water-Based Paints & Hardware",53
2002,"Shree Neemrana Wall Protect & Texture Depot",Alwar,"Neemrana Japanese Zone","Trader A Alwar",+919414004015,"Shop 17, Main Road, Neemrana Japanese Zone, Alwar, Rajasthan","Water-Based Paints & Hardware",66
2003,"Jai Salasar Trade Associates",Sikar,"Salasar Bus Stand","Trader B Sikar",+919414004017,"Shop 18, Main Road, Salasar Bus Stand, Sikar, Rajasthan","Water-Based Paints & Hardware",79
2004,"New Padampur Paints & Hardware Mart",Sri Ganganagar,"Padampur Road","Trader C Sri Ganganagar",+919414004019,"Shop 19, Main Road, Padampur Road, Sri Ganganagar, Rajasthan","Water-Based Paints & Hardware",92
2005,"Royal Anah Paint & Sanitary Store",Bharatpur,"Anah Gate","Trader D Bharatpur",+919414004021,"Shop 20, Main Road, Anah Gate, Bharatpur, Rajasthan","Water-Based Paints & Hardware",105
2006,"Modern Somnath Colors & Coatings Agency",Pali,"Somnath Temple Market","Trader E Pali",+919414004023,"Shop 21, Main Road, Somnath Temple Market, Pali, Rajasthan","Water-Based Paints & Hardware",118
2007,"Star Nimbahera Hardware & Building Materials",Chittorgarh,"Nimbahera Town","Trader F Chittorgarh",+919414004025,"Shop 22, Main Road, Nimbahera Town, Chittorgarh, Rajasthan","Water-Based Paints & Hardware",131
2008,"Classic Makrana Wall Protect & Texture Depot",Nagaur,"Makrana Marble Zone","Trader G Nagaur",+919414004027,"Shop 23, Main Road, Makrana Marble Zone, Nagaur, Rajasthan","Water-Based Paints & Hardware",144
2009,"National Khetri Trade Associates",Jhunjhunu,"Khetri Nagar","Trader H Jhunjhunu",+919414004029,"Shop 24, Main Road, Khetri Nagar, Jhunjhunu, Rajasthan","Water-Based Paints & Hardware",157
2010,"Ganesh Civil Paints & Hardware Mart",Tonk,"Civil Lines","Trader I Tonk",+919414004031,"Shop 25, Main Road, Civil Lines, Tonk, Rajasthan","Water-Based Paints & Hardware",170
2011,"Maruti Rawatsar Paint & Sanitary Store",Hanumangarh,"Rawatsar Road","Trader J Hanumangarh",+919414004033,"Shop 26, Main Road, Rawatsar Road, Hanumangarh, Rajasthan","Water-Based Paints & Hardware",183
2012,"Balaji Lalsot Colors & Coatings Agency",Dausa,"Lalsot Road","Trader K Dausa",+919414004035,"Shop 27, Main Road, Lalsot Road, Dausa, Rajasthan","Water-Based Paints & Hardware",196
2013,"Kalyan Balotra Hardware & Building Materials",Barmer,"Balotra Textile & Hardware Hub","Trader L Barmer",+919414004037,"Shop 28, Main Road, Balotra Textile & Hardware Hub, Barmer, Rajasthan","Water-Based Paints & Hardware",209
2014,"Krishna Vaishali Wall Protect & Texture Depot",Jaipur,"Vaishali Nagar","Trader M Jaipur",+919414004039,"Shop 29, Main Road, Vaishali Nagar, Jaipur, Rajasthan","Water-Based Paints & Hardware",222
2015,"Vikas Shastri Trade Associates",Jodhpur,"Shastri Nagar","Trader N Jodhpur",+919414004041,"Shop 30, Main Road, Shastri Nagar, Jodhpur, Rajasthan","Water-Based Paints & Hardware",235
2016,"Shree Gumanpura Paints & Hardware Mart",Kota,"Gumanpura","Trader O Kota",+919414004043,"Shop 31, Main Road, Gumanpura, Kota, Rajasthan","Water-Based Paints & Hardware",248
2017,"Jai Bichhwal Paint & Sanitary Store",Bikaner,"Bichhwal Industrial Area","Trader P Bikaner",+919414004045,"Shop 32, Main Road, Bichhwal Industrial Area, Bikaner, Rajasthan","Water-Based Paints & Hardware",261
2018,"New Clock Colors & Coatings Agency",Ajmer,"Clock Tower Market","Trader Q Ajmer",+919414004047,"Shop 33, Main Road, Clock Tower Market, Ajmer, Rajasthan","Water-Based Paints & Hardware",274
2019,"Royal Mewar Hardware & Building Materials",Udaipur,"Mewar Industrial Area","Trader R Udaipur",+919414004049,"Shop 34, Main Road, Mewar Industrial Area, Udaipur, Rajasthan","Water-Based Paints & Hardware",287
2020,"Modern Bhopalganj Wall Protect & Texture Depot",Bhilwara,"Bhopalganj","Trader S Bhilwara",+919414004051,"Shop 35, Main Road, Bhopalganj, Bhilwara, Rajasthan","Water-Based Paints & Hardware",300
2021,"Star Tijara Trade Associates",Alwar,"Tijara Road","Trader T Alwar",+919414004053,"Shop 36, Main Road, Tijara Road, Alwar, Rajasthan","Water-Based Paints & Hardware",313
2022,"Classic Station Paints & Hardware Mart",Sikar,"Station Road","Trader U Sikar",+919414004055,"Shop 37, Main Road, Station Road, Sikar, Rajasthan","Water-Based Paints & Hardware",326
2023,"National Gola Paint & Sanitary Store",Sri Ganganagar,"Gola Market","Trader V Sri Ganganagar",+919414004057,"Shop 38, Main Road, Gola Market, Sri Ganganagar, Rajasthan","Water-Based Paints & Hardware",339
2024,"Ganesh Circular Colors & Coatings Agency",Bharatpur,"Circular Road","Trader W Bharatpur",+919414004059,"Shop 39, Main Road, Circular Road, Bharatpur, Rajasthan","Water-Based Paints & Hardware",352
2025,"Maruti Suraj Hardware & Building Materials",Pali,"Suraj Pole","Trader X Pali",+919414004061,"Shop 40, Main Road, Suraj Pole, Pali, Rajasthan","Water-Based Paints & Hardware",365
2026,"Balaji Fort Wall Protect & Texture Depot",Chittorgarh,"Fort Road","Trader Y Chittorgarh",+919414004063,"Shop 41, Main Road, Fort Road, Chittorgarh, Rajasthan","Water-Based Paints & Hardware",378
2027,"Kalyan Didwana Trade Associates",Nagaur,"Didwana Road","Trader Z Nagaur",+919414004065,"Shop 42, Main Road, Didwana Road, Nagaur, Rajasthan","Water-Based Paints & Hardware",391
2028,"Krishna Chirawa Paints & Hardware Mart",Jhunjhunu,"Chirawa Road","Trader A Jhunjhunu",+919414004067,"Shop 43, Main Road, Chirawa Road, Jhunjhunu, Rajasthan","Water-Based Paints & Hardware",404
2029,"Vikas Subhash Paint & Sanitary Store",Tonk,"Subhash Chowk","Trader B Tonk",+919414004069,"Shop 44, Main Road, Subhash Chowk, Tonk, Rajasthan","Water-Based Paints & Hardware",417
2030,"Shree Industrial Colors & Coatings Agency",Hanumangarh,"Industrial Area","Trader C Hanumangarh",+919414004071,"Shop 45, Main Road, Industrial Area, Hanumangarh, Rajasthan","Water-Based Paints & Hardware",430
2031,"Jai Agra Hardware & Building Materials",Dausa,"Agra Road","Trader D Dausa",+919414004073,"Shop 46, Main Road, Agra Road, Dausa, Rajasthan","Water-Based Paints & Hardware",43
2032,"New Station Wall Protect & Texture Depot",Barmer,"Station Road","Trader E Barmer",+919414004075,"Shop 47, Main Road, Station Road, Barmer, Rajasthan","Water-Based Paints & Hardware",56
2033,"Royal Jhotwara Trade Associates",Jaipur,"Jhotwara","Trader F Jaipur",+919414004077,"Shop 48, Main Road, Jhotwara, Jaipur, Rajasthan","Water-Based Paints & Hardware",69
2034,"Modern Boranada Paints & Hardware Mart",Jodhpur,"Boranada SEZ","Trader G Jodhpur",+919414004079,"Shop 49, Main Road, Boranada SEZ, Jodhpur, Rajasthan","Water-Based Paints & Hardware",82
2035,"Star DCM Paint & Sanitary Store",Kota,"DCM Road","Trader H Kota",+919414004081,"Shop 50, Main Road, DCM Road, Kota, Rajasthan","Water-Based Paints & Hardware",95
2036,"Classic Rani Colors & Coatings Agency",Bikaner,"Rani Bazar Industrial Area","Trader I Bikaner",+919414004083,"Shop 51, Main Road, Rani Bazar Industrial Area, Bikaner, Rajasthan","Water-Based Paints & Hardware",108
2037,"National Parbatpura Hardware & Building Materials",Ajmer,"Parbatpura Industrial Area","Trader J Ajmer",+919414004085,"Shop 52, Main Road, Parbatpura Industrial Area, Ajmer, Rajasthan","Water-Based Paints & Hardware",121
2038,"Ganesh Udaisagar Wall Protect & Texture Depot",Udaipur,"Udaisagar Road","Trader K Udaipur",+919414004087,"Shop 53, Main Road, Udaisagar Road, Udaipur, Rajasthan","Water-Based Paints & Hardware",134
2039,"Maruti Sanganer Trade Associates",Bhilwara,"Sanganer Road","Trader L Bhilwara",+919414004089,"Shop 54, Main Road, Sanganer Road, Bhilwara, Rajasthan","Water-Based Paints & Hardware",147
2040,"Balaji MIA Paints & Hardware Mart",Alwar,"MIA Industrial Area","Trader M Alwar",+919414004091,"Shop 55, Main Road, MIA Industrial Area, Alwar, Rajasthan","Water-Based Paints & Hardware",160
2041,"Kalyan Bajoria Paint & Sanitary Store",Sikar,"Bajoria Road","Trader N Sikar",+919414004093,"Shop 56, Main Road, Bajoria Road, Sikar, Rajasthan","Water-Based Paints & Hardware",173
2042,"Krishna Purani Colors & Coatings Agency",Sri Ganganagar,"Purani Abadi","Trader O Sri Ganganagar",+919414004095,"Shop 57, Main Road, Purani Abadi, Sri Ganganagar, Rajasthan","Water-Based Paints & Hardware",186
2043,"Vikas Mathura Hardware & Building Materials",Bharatpur,"Mathura Road","Trader P Bharatpur",+919414004097,"Shop 58, Main Road, Mathura Road, Bharatpur, Rajasthan","Water-Based Paints & Hardware",199
2044,"Shree Mandia Wall Protect & Texture Depot",Pali,"Mandia Road Industrial Area","Trader Q Pali",+919414004099,"Shop 59, Main Road, Mandia Road Industrial Area, Pali, Rajasthan","Water-Based Paints & Hardware",212
2045,"Jai Chanderiya Trade Associates",Chittorgarh,"Chanderiya Industrial Area","Trader R Chittorgarh",+919414004101,"Shop 60, Main Road, Chanderiya Industrial Area, Chittorgarh, Rajasthan","Water-Based Paints & Hardware",225
2046,"New Kuchaman Paints & Hardware Mart",Nagaur,"Kuchaman City","Trader S Nagaur",+919414004103,"Shop 61, Main Road, Kuchaman City, Nagaur, Rajasthan","Water-Based Paints & Hardware",238
2047,"Royal Peeru Paint & Sanitary Store",Jhunjhunu,"Peeru Singh Circle","Trader T Jhunjhunu",+919414004105,"Shop 62, Main Road, Peeru Singh Circle, Jhunjhunu, Rajasthan","Water-Based Paints & Hardware",251
2048,"Modern Niwai Colors & Coatings Agency",Tonk,"Niwai Industrial Area","Trader U Tonk",+919414004107,"Shop 63, Main Road, Niwai Industrial Area, Tonk, Rajasthan","Water-Based Paints & Hardware",264
2049,"Star Town Hardware & Building Materials",Hanumangarh,"Town Main Bazaar","Trader V Hanumangarh",+919414004109,"Shop 64, Main Road, Town Main Bazaar, Hanumangarh, Rajasthan","Water-Based Paints & Hardware",277
2050,"Classic Bandikui Wall Protect & Texture Depot",Dausa,"Bandikui Mandi","Trader W Dausa",+919414004111,"Shop 65, Main Road, Bandikui Mandi, Dausa, Rajasthan","Water-Based Paints & Hardware",290
2051,"National Refinery Trade Associates",Barmer,"Refinery Site Corridor","Trader X Barmer",+919414004113,"Shop 66, Main Road, Refinery Site Corridor, Barmer, Rajasthan","Water-Based Paints & Hardware",303
2052,"Ganesh Sanganer Paints & Hardware Mart",Jaipur,"Sanganer Town","Trader Y Jaipur",+919414004115,"Shop 67, Main Road, Sanganer Town, Jaipur, Rajasthan","Water-Based Paints & Hardware",316
2053,"Maruti Sardarpura Paint & Sanitary Store",Jodhpur,"Sardarpura","Trader Z Jodhpur",+919414004117,"Shop 68, Main Road, Sardarpura, Jodhpur, Rajasthan","Water-Based Paints & Hardware",329
2054,"Balaji Rampura Colors & Coatings Agency",Kota,"Rampura","Trader A Kota",+919414004119,"Shop 69, Main Road, Rampura, Kota, Rajasthan","Water-Based Paints & Hardware",342
2055,"Kalyan Kote Hardware & Building Materials",Bikaner,"Kote Gate","Trader B Bikaner",+919414004121,"Shop 70, Main Road, Kote Gate, Bikaner, Rajasthan","Water-Based Paints & Hardware",355
2056,"Krishna Kishangarh Wall Protect & Texture Depot",Ajmer,"Kishangarh Marble Mandi","Trader C Ajmer",+919414004123,"Shop 71, Main Road, Kishangarh Marble Mandi, Ajmer, Rajasthan","Water-Based Paints & Hardware",368
2057,"Vikas Fatehpura Trade Associates",Udaipur,"Fatehpura","Trader D Udaipur",+919414004125,"Shop 72, Main Road, Fatehpura, Udaipur, Rajasthan","Water-Based Paints & Hardware",381
2058,"Shree Pur Paints & Hardware Mart",Bhilwara,"Pur Road","Trader E Bhilwara",+919414004127,"Shop 73, Main Road, Pur Road, Bhilwara, Rajasthan","Water-Based Paints & Hardware",394
2059,"Jai Manu Paint & Sanitary Store",Alwar,"Manu Marg","Trader F Alwar",+919414004129,"Shop 74, Main Road, Manu Marg, Alwar, Rajasthan","Water-Based Paints & Hardware",407
2060,"New Fatehpur Colors & Coatings Agency",Sikar,"Fatehpur Road","Trader G Sikar",+919414004131,"Shop 75, Main Road, Fatehpur Road, Sikar, Rajasthan","Water-Based Paints & Hardware",420
2061,"Royal Birbal Hardware & Building Materials",Sri Ganganagar,"Birbal Chowk","Trader H Sri Ganganagar",+919414004133,"Shop 76, Main Road, Birbal Chowk, Sri Ganganagar, Rajasthan","Water-Based Paints & Hardware",433
2062,"Modern Sewar Wall Protect & Texture Depot",Bharatpur,"Sewar Industrial Area","Trader I Bharatpur",+919414004135,"Shop 77, Main Road, Sewar Industrial Area, Bharatpur, Rajasthan","Water-Based Paints & Hardware",46
2063,"Star Sumerpur Trade Associates",Pali,"Sumerpur Road","Trader J Pali",+919414004137,"Shop 78, Main Road, Sumerpur Road, Pali, Rajasthan","Water-Based Paints & Hardware",59
2064,"Classic Collectorate Paints & Hardware Mart",Chittorgarh,"Collectorate Road","Trader K Chittorgarh",+919414004139,"Shop 79, Main Road, Collectorate Road, Chittorgarh, Rajasthan","Water-Based Paints & Hardware",72
2065,"National Merta Paint & Sanitary Store",Nagaur,"Merta City","Trader L Nagaur",+919414004141,"Shop 80, Main Road, Merta City, Nagaur, Rajasthan","Water-Based Paints & Hardware",85
2066,"Ganesh Gugali Colors & Coatings Agency",Jhunjhunu,"Gugali Market","Trader M Jhunjhunu",+919414004143,"Shop 81, Main Road, Gugali Market, Jhunjhunu, Rajasthan","Water-Based Paints & Hardware",98
2067,"Maruti Malpura Hardware & Building Materials",Tonk,"Malpura Road","Trader N Tonk",+919414004145,"Shop 82, Main Road, Malpura Road, Tonk, Rajasthan","Water-Based Paints & Hardware",111
2068,"Balaji Junction Wall Protect & Texture Depot",Hanumangarh,"Junction Market","Trader O Hanumangarh",+919414004147,"Shop 83, Main Road, Junction Market, Hanumangarh, Rajasthan","Water-Based Paints & Hardware",124
2069,"Kalyan Station Trade Associates",Dausa,"Station Road","Trader P Dausa",+919414004149,"Shop 84, Main Road, Station Road, Dausa, Rajasthan","Water-Based Paints & Hardware",137
2070,"Krishna Sindhari Paints & Hardware Mart",Barmer,"Sindhari Road","Trader Q Barmer",+919414004151,"Shop 85, Main Road, Sindhari Road, Barmer, Rajasthan","Water-Based Paints & Hardware",150
2071,"Vikas VKI Paint & Sanitary Store",Jaipur,"VKI Industrial Area","Trader R Jaipur",+919414004153,"Shop 86, Main Road, VKI Industrial Area, Jaipur, Rajasthan","Water-Based Paints & Hardware",163
2072,"Shree Basni Colors & Coatings Agency",Jodhpur,"Basni Industrial Area","Trader S Jodhpur",+919414004155,"Shop 87, Main Road, Basni Industrial Area, Jodhpur, Rajasthan","Water-Based Paints & Hardware",176
2073,"Jai Vigyan Hardware & Building Materials",Kota,"Vigyan Nagar","Trader T Kota",+919414004157,"Shop 88, Main Road, Vigyan Nagar, Kota, Rajasthan","Water-Based Paints & Hardware",189
2074,"New Nokha Wall Protect & Texture Depot",Bikaner,"Nokha Road","Trader U Bikaner",+919414004159,"Shop 89, Main Road, Nokha Road, Bikaner, Rajasthan","Water-Based Paints & Hardware",202
2075,"Royal Beawar Trade Associates",Ajmer,"Beawar City","Trader V Ajmer",+919414004161,"Shop 90, Main Road, Beawar City, Ajmer, Rajasthan","Water-Based Paints & Hardware",215
2076,"Modern Sukher Paints & Hardware Mart",Udaipur,"Sukher Industrial Area","Trader W Udaipur",+919414004163,"Shop 91, Main Road, Sukher Industrial Area, Udaipur, Rajasthan","Water-Based Paints & Hardware",228
2077,"Star Gandhi Paint & Sanitary Store",Bhilwara,"Gandhi Nagar","Trader X Bhilwara",+919414004165,"Shop 92, Main Road, Gandhi Nagar, Bhilwara, Rajasthan","Water-Based Paints & Hardware",241
2078,"Classic Company Colors & Coatings Agency",Alwar,"Company Bagh","Trader Y Alwar",+919414004167,"Shop 93, Main Road, Company Bagh, Alwar, Rajasthan","Water-Based Paints & Hardware",254
2079,"National Piprali Hardware & Building Materials",Sikar,"Piprali Road","Trader Z Sikar",+919414004169,"Shop 94, Main Road, Piprali Road, Sikar, Rajasthan","Water-Based Paints & Hardware",267
2080,"Ganesh Suratgarh Wall Protect & Texture Depot",Sri Ganganagar,"Suratgarh Road","Trader A Sri Ganganagar",+919414004171,"Shop 95, Main Road, Suratgarh Road, Sri Ganganagar, Rajasthan","Water-Based Paints & Hardware",280
2081,"Maruti Kumher Trade Associates",Bharatpur,"Kumher Gate","Trader B Bharatpur",+919414004173,"Shop 96, Main Road, Kumher Gate, Bharatpur, Rajasthan","Water-Based Paints & Hardware",293
2082,"Balaji Somnath Paints & Hardware Mart",Pali,"Somnath Temple Market","Trader C Pali",+919414004175,"Shop 97, Main Road, Somnath Temple Market, Pali, Rajasthan","Water-Based Paints & Hardware",306
2083,"Kalyan Nimbahera Paint & Sanitary Store",Chittorgarh,"Nimbahera Town","Trader D Chittorgarh",+919414004177,"Shop 98, Main Road, Nimbahera Town, Chittorgarh, Rajasthan","Water-Based Paints & Hardware",319
2084,"Krishna Gandhi Colors & Coatings Agency",Nagaur,"Gandhi Chowk","Trader E Nagaur",+919414004179,"Shop 99, Main Road, Gandhi Chowk, Nagaur, Rajasthan","Water-Based Paints & Hardware",332
2085,"Vikas Mandawa Hardware & Building Materials",Jhunjhunu,"Mandawa Road","Trader F Jhunjhunu",+919414004181,"Shop 100, Main Road, Mandawa Road, Jhunjhunu, Rajasthan","Water-Based Paints & Hardware",345
2086,"Shree Civil Wall Protect & Texture Depot",Tonk,"Civil Lines","Trader G Tonk",+919414004183,"Shop 101, Main Road, Civil Lines, Tonk, Rajasthan","Water-Based Paints & Hardware",358
2087,"Jai Rawatsar Trade Associates",Hanumangarh,"Rawatsar Road","Trader H Hanumangarh",+919414004185,"Shop 102, Main Road, Rawatsar Road, Hanumangarh, Rajasthan","Water-Based Paints & Hardware",371
2088,"New Lalsot Paints & Hardware Mart",Dausa,"Lalsot Road","Trader I Dausa",+919414004187,"Shop 103, Main Road, Lalsot Road, Dausa, Rajasthan","Water-Based Paints & Hardware",384
2089,"Royal Balotra Paint & Sanitary Store",Barmer,"Balotra Textile & Hardware Hub","Trader J Barmer",+919414004189,"Shop 104, Main Road, Balotra Textile & Hardware Hub, Barmer, Rajasthan","Water-Based Paints & Hardware",397
2090,"Modern Mansarovar Colors & Coatings Agency",Jaipur,"Mansarovar","Trader K Jaipur",+919414004191,"Shop 105, Main Road, Mansarovar, Jaipur, Rajasthan","Water-Based Paints & Hardware",410
2091,"Star Ratanada Hardware & Building Materials",Jodhpur,"Ratanada","Trader L Jodhpur",+919414004193,"Shop 106, Main Road, Ratanada, Jodhpur, Rajasthan","Water-Based Paints & Hardware",423
2092,"Classic Mahaveer Wall Protect & Texture Depot",Kota,"Mahaveer Nagar","Trader M Kota",+919414004195,"Shop 107, Main Road, Mahaveer Nagar, Kota, Rajasthan","Water-Based Paints & Hardware",436
2093,"National Sadul Trade Associates",Bikaner,"Sadul Colony","Trader N Bikaner",+919414004197,"Shop 108, Main Road, Sadul Colony, Bikaner, Rajasthan","Water-Based Paints & Hardware",49
2094,"Ganesh Kutchery Paints & Hardware Mart",Ajmer,"Kutchery Road","Trader O Ajmer",+919414004199,"Shop 109, Main Road, Kutchery Road, Ajmer, Rajasthan","Water-Based Paints & Hardware",62
2095,"Maruti Hiran Paint & Sanitary Store",Udaipur,"Hiran Magri","Trader P Udaipur",+919414004201,"Shop 110, Main Road, Hiran Magri, Udaipur, Rajasthan","Water-Based Paints & Hardware",75
2096,"Balaji RIICO Colors & Coatings Agency",Bhilwara,"RIICO Industrial Area","Trader Q Bhilwara",+919414004203,"Shop 111, Main Road, RIICO Industrial Area, Bhilwara, Rajasthan","Water-Based Paints & Hardware",88
2097,"Kalyan Bhiwadi Hardware & Building Materials",Alwar,"Bhiwadi Industrial Zone","Trader R Alwar",+919414004205,"Shop 112, Main Road, Bhiwadi Industrial Zone, Alwar, Rajasthan","Water-Based Paints & Hardware",101
2098,"Krishna Kotwali Wall Protect & Texture Depot",Sikar,"Kotwali Market","Trader S Sikar",+919414004207,"Shop 113, Main Road, Kotwali Market, Sikar, Rajasthan","Water-Based Paints & Hardware",114
2099,"Vikas Padampur Trade Associates",Sri Ganganagar,"Padampur Road","Trader T Sri Ganganagar",+919414004209,"Shop 114, Main Road, Padampur Road, Sri Ganganagar, Rajasthan","Water-Based Paints & Hardware",127
2100,"Shree Anah Paints & Hardware Mart",Bharatpur,"Anah Gate","Trader U Bharatpur",+919414004211,"Shop 115, Main Road, Anah Gate, Bharatpur, Rajasthan","Water-Based Paints & Hardware",140
2101,"Jai Suraj Paint & Sanitary Store",Pali,"Suraj Pole","Trader V Pali",+919414004213,"Shop 116, Main Road, Suraj Pole, Pali, Rajasthan","Water-Based Paints & Hardware",153
2102,"New Fort Colors & Coatings Agency",Chittorgarh,"Fort Road","Trader W Chittorgarh",+919414004215,"Shop 117, Main Road, Fort Road, Chittorgarh, Rajasthan","Water-Based Paints & Hardware",166
2103,"Royal Makrana Hardware & Building Materials",Nagaur,"Makrana Marble Zone","Trader X Nagaur",+919414004217,"Shop 118, Main Road, Makrana Marble Zone, Nagaur, Rajasthan","Water-Based Paints & Hardware",179
2104,"Modern Khetri Wall Protect & Texture Depot",Jhunjhunu,"Khetri Nagar","Trader Y Jhunjhunu",+919414004219,"Shop 119, Main Road, Khetri Nagar, Jhunjhunu, Rajasthan","Water-Based Paints & Hardware",192
2105,"Star Subhash Trade Associates",Tonk,"Subhash Chowk","Trader Z Tonk",+919414004221,"Shop 120, Main Road, Subhash Chowk, Tonk, Rajasthan","Water-Based Paints & Hardware",205
2106,"Classic Industrial Paints & Hardware Mart",Hanumangarh,"Industrial Area","Trader A Hanumangarh",+919414004223,"Shop 121, Main Road, Industrial Area, Hanumangarh, Rajasthan","Water-Based Paints & Hardware",218
2107,"National Agra Paint & Sanitary Store",Dausa,"Agra Road","Trader B Dausa",+919414004225,"Shop 122, Main Road, Agra Road, Dausa, Rajasthan","Water-Based Paints & Hardware",231
2108,"Ganesh Station Colors & Coatings Agency",Barmer,"Station Road","Trader C Barmer",+919414004227,"Shop 123, Main Road, Station Road, Barmer, Rajasthan","Water-Based Paints & Hardware",244
2109,"Maruti Tonk Hardware & Building Materials",Jaipur,"Tonk Road","Trader D Jaipur",+919414004229,"Shop 124, Main Road, Tonk Road, Jaipur, Rajasthan","Water-Based Paints & Hardware",257
2110,"Balaji Mandore Wall Protect & Texture Depot",Jodhpur,"Mandore Road","Trader E Jodhpur",+919414004231,"Shop 125, Main Road, Mandore Road, Jodhpur, Rajasthan","Water-Based Paints & Hardware",270
2111,"Kalyan Borkhera Trade Associates",Kota,"Borkhera","Trader F Kota",+919414004233,"Shop 126, Main Road, Borkhera, Kota, Rajasthan","Water-Based Paints & Hardware",283
2112,"Krishna Bichhwal Paints & Hardware Mart",Bikaner,"Bichhwal Industrial Area","Trader G Bikaner",+919414004235,"Shop 127, Main Road, Bichhwal Industrial Area, Bikaner, Rajasthan","Water-Based Paints & Hardware",296
2113,"Vikas Madar Paint & Sanitary Store",Ajmer,"Madar Gate","Trader H Ajmer",+919414004237,"Shop 128, Main Road, Madar Gate, Ajmer, Rajasthan","Water-Based Paints & Hardware",309
2114,"Shree Bapu Colors & Coatings Agency",Udaipur,"Bapu Bazar","Trader I Udaipur",+919414004239,"Shop 129, Main Road, Bapu Bazar, Udaipur, Rajasthan","Water-Based Paints & Hardware",322
2115,"Jai Bhopalganj Hardware & Building Materials",Bhilwara,"Bhopalganj","Trader J Bhilwara",+919414004241,"Shop 130, Main Road, Bhopalganj, Bhilwara, Rajasthan","Water-Based Paints & Hardware",335
2116,"New Neemrana Wall Protect & Texture Depot",Alwar,"Neemrana Japanese Zone","Trader K Alwar",+919414004243,"Shop 131, Main Road, Neemrana Japanese Zone, Alwar, Rajasthan","Water-Based Paints & Hardware",348
2117,"Royal Salasar Trade Associates",Sikar,"Salasar Bus Stand","Trader L Sikar",+919414004245,"Shop 132, Main Road, Salasar Bus Stand, Sikar, Rajasthan","Water-Based Paints & Hardware",361
2118,"Modern Gola Paints & Hardware Mart",Sri Ganganagar,"Gola Market","Trader M Sri Ganganagar",+919414004247,"Shop 133, Main Road, Gola Market, Sri Ganganagar, Rajasthan","Water-Based Paints & Hardware",374
2119,"Star Circular Paint & Sanitary Store",Bharatpur,"Circular Road","Trader N Bharatpur",+919414004249,"Shop 134, Main Road, Circular Road, Bharatpur, Rajasthan","Water-Based Paints & Hardware",387
2120,"Classic Mandia Colors & Coatings Agency",Pali,"Mandia Road Industrial Area","Trader O Pali",+919414004251,"Shop 135, Main Road, Mandia Road Industrial Area, Pali, Rajasthan","Water-Based Paints & Hardware",400
2121,"National Chanderiya Hardware & Building Materials",Chittorgarh,"Chanderiya Industrial Area","Trader P Chittorgarh",+919414004253,"Shop 136, Main Road, Chanderiya Industrial Area, Chittorgarh, Rajasthan","Water-Based Paints & Hardware",413
2122,"Ganesh Didwana Wall Protect & Texture Depot",Nagaur,"Didwana Road","Trader Q Nagaur",+919414004255,"Shop 137, Main Road, Didwana Road, Nagaur, Rajasthan","Water-Based Paints & Hardware",426
2123,"Maruti Chirawa Trade Associates",Jhunjhunu,"Chirawa Road","Trader R Jhunjhunu",+919414004257,"Shop 138, Main Road, Chirawa Road, Jhunjhunu, Rajasthan","Water-Based Paints & Hardware",439
2124,"Balaji Niwai Paints & Hardware Mart",Tonk,"Niwai Industrial Area","Trader S Tonk",+919414004259,"Shop 139, Main Road, Niwai Industrial Area, Tonk, Rajasthan","Water-Based Paints & Hardware",52
2125,"Kalyan Town Paint & Sanitary Store",Hanumangarh,"Town Main Bazaar","Trader T Hanumangarh",+919414004261,"Shop 140, Main Road, Town Main Bazaar, Hanumangarh, Rajasthan","Water-Based Paints & Hardware",65
2126,"Krishna Bandikui Colors & Coatings Agency",Dausa,"Bandikui Mandi","Trader U Dausa",+919414004263,"Shop 141, Main Road, Bandikui Mandi, Dausa, Rajasthan","Water-Based Paints & Hardware",78
2127,"Vikas Refinery Hardware & Building Materials",Barmer,"Refinery Site Corridor","Trader V Barmer",+919414004265,"Shop 142, Main Road, Refinery Site Corridor, Barmer, Rajasthan","Water-Based Paints & Hardware",91
2128,"Shree Amer Wall Protect & Texture Depot",Jaipur,"Amer Road","Trader W Jaipur",+919414004267,"Shop 143, Main Road, Amer Road, Jaipur, Rajasthan","Water-Based Paints & Hardware",104
2129,"Jai Pal Trade Associates",Jodhpur,"Pal Road","Trader X Jodhpur",+919414004269,"Shop 144, Main Road, Pal Road, Jodhpur, Rajasthan","Water-Based Paints & Hardware",117
2130,"New Indraprastha Paints & Hardware Mart",Kota,"Indraprastha Industrial Area","Trader Y Kota",+919414004271,"Shop 145, Main Road, Indraprastha Industrial Area, Kota, Rajasthan","Water-Based Paints & Hardware",130
2131,"Royal Rani Paint & Sanitary Store",Bikaner,"Rani Bazar Industrial Area","Trader Z Bikaner",+919414004273,"Shop 146, Main Road, Rani Bazar Industrial Area, Bikaner, Rajasthan","Water-Based Paints & Hardware",143
2132,"Modern Clock Colors & Coatings Agency",Ajmer,"Clock Tower Market","Trader A Ajmer",+919414004275,"Shop 147, Main Road, Clock Tower Market, Ajmer, Rajasthan","Water-Based Paints & Hardware",156
2133,"Star Mewar Hardware & Building Materials",Udaipur,"Mewar Industrial Area","Trader B Udaipur",+919414004277,"Shop 148, Main Road, Mewar Industrial Area, Udaipur, Rajasthan","Water-Based Paints & Hardware",169
2134,"Classic Sanganer Wall Protect & Texture Depot",Bhilwara,"Sanganer Road","Trader C Bhilwara",+919414004279,"Shop 149, Main Road, Sanganer Road, Bhilwara, Rajasthan","Water-Based Paints & Hardware",182
2135,"National Tijara Trade Associates",Alwar,"Tijara Road","Trader D Alwar",+919414004281,"Shop 150, Main Road, Tijara Road, Alwar, Rajasthan","Water-Based Paints & Hardware",195
2136,"Ganesh Station Paints & Hardware Mart",Sikar,"Station Road","Trader E Sikar",+919414004283,"Shop 151, Main Road, Station Road, Sikar, Rajasthan","Water-Based Paints & Hardware",208
2137,"Maruti Purani Paint & Sanitary Store",Sri Ganganagar,"Purani Abadi","Trader F Sri Ganganagar",+919414004285,"Shop 152, Main Road, Purani Abadi, Sri Ganganagar, Rajasthan","Water-Based Paints & Hardware",221
2138,"Balaji Mathura Colors & Coatings Agency",Bharatpur,"Mathura Road","Trader G Bharatpur",+919414004287,"Shop 153, Main Road, Mathura Road, Bharatpur, Rajasthan","Water-Based Paints & Hardware",234
2139,"Kalyan Sumerpur Hardware & Building Materials",Pali,"Sumerpur Road","Trader H Pali",+919414004289,"Shop 154, Main Road, Sumerpur Road, Pali, Rajasthan","Water-Based Paints & Hardware",247
2140,"Krishna Collectorate Wall Protect & Texture Depot",Chittorgarh,"Collectorate Road","Trader I Chittorgarh",+919414004291,"Shop 155, Main Road, Collectorate Road, Chittorgarh, Rajasthan","Water-Based Paints & Hardware",260
2141,"Vikas Kuchaman Trade Associates",Nagaur,"Kuchaman City","Trader J Nagaur",+919414004293,"Shop 156, Main Road, Kuchaman City, Nagaur, Rajasthan","Water-Based Paints & Hardware",273
2142,"Shree Peeru Paints & Hardware Mart",Jhunjhunu,"Peeru Singh Circle","Trader K Jhunjhunu",+919414004295,"Shop 157, Main Road, Peeru Singh Circle, Jhunjhunu, Rajasthan","Water-Based Paints & Hardware",286
2143,"Jai Malpura Paint & Sanitary Store",Tonk,"Malpura Road","Trader L Tonk",+919414004297,"Shop 158, Main Road, Malpura Road, Tonk, Rajasthan","Water-Based Paints & Hardware",299
2144,"New Junction Colors & Coatings Agency",Hanumangarh,"Junction Market","Trader M Hanumangarh",+919414004299,"Shop 159, Main Road, Junction Market, Hanumangarh, Rajasthan","Water-Based Paints & Hardware",312
2145,"Royal Station Hardware & Building Materials",Dausa,"Station Road","Trader N Dausa",+919414004301,"Shop 160, Main Road, Station Road, Dausa, Rajasthan","Water-Based Paints & Hardware",325
2146,"Modern Sindhari Wall Protect & Texture Depot",Barmer,"Sindhari Road","Trader O Barmer",+919414004303,"Shop 161, Main Road, Sindhari Road, Barmer, Rajasthan","Water-Based Paints & Hardware",338
2147,"Star Chomu Trade Associates",Jaipur,"Chomu","Trader P Jaipur",+919414004305,"Shop 162, Main Road, Chomu, Jaipur, Rajasthan","Water-Based Paints & Hardware",351
2148,"Classic Shastri Paints & Hardware Mart",Jodhpur,"Shastri Nagar","Trader Q Jodhpur",+919414004307,"Shop 163, Main Road, Shastri Nagar, Jodhpur, Rajasthan","Water-Based Paints & Hardware",364
2149,"National Gumanpura Paint & Sanitary Store",Kota,"Gumanpura","Trader R Kota",+919414004309,"Shop 164, Main Road, Gumanpura, Kota, Rajasthan","Water-Based Paints & Hardware",377
2150,"Ganesh Kote Colors & Coatings Agency",Bikaner,"Kote Gate","Trader S Bikaner",+919414004311,"Shop 165, Main Road, Kote Gate, Bikaner, Rajasthan","Water-Based Paints & Hardware",390
2151,"Maruti Parbatpura Hardware & Building Materials",Ajmer,"Parbatpura Industrial Area","Trader T Ajmer",+919414004313,"Shop 166, Main Road, Parbatpura Industrial Area, Ajmer, Rajasthan","Water-Based Paints & Hardware",403
2152,"Balaji Udaisagar Wall Protect & Texture Depot",Udaipur,"Udaisagar Road","Trader U Udaipur",+919414004315,"Shop 167, Main Road, Udaisagar Road, Udaipur, Rajasthan","Water-Based Paints & Hardware",416
2153,"Kalyan Pur Trade Associates",Bhilwara,"Pur Road","Trader V Bhilwara",+919414004317,"Shop 168, Main Road, Pur Road, Bhilwara, Rajasthan","Water-Based Paints & Hardware",429
2154,"Krishna MIA Paints & Hardware Mart",Alwar,"MIA Industrial Area","Trader W Alwar",+919414004319,"Shop 169, Main Road, MIA Industrial Area, Alwar, Rajasthan","Water-Based Paints & Hardware",42
2155,"Vikas Bajoria Paint & Sanitary Store",Sikar,"Bajoria Road","Trader X Sikar",+919414004321,"Shop 170, Main Road, Bajoria Road, Sikar, Rajasthan","Water-Based Paints & Hardware",55
2156,"Shree Birbal Colors & Coatings Agency",Sri Ganganagar,"Birbal Chowk","Trader Y Sri Ganganagar",+919414004323,"Shop 171, Main Road, Birbal Chowk, Sri Ganganagar, Rajasthan","Water-Based Paints & Hardware",68
2157,"Jai Sewar Hardware & Building Materials",Bharatpur,"Sewar Industrial Area","Trader Z Bharatpur",+919414004325,"Shop 172, Main Road, Sewar Industrial Area, Bharatpur, Rajasthan","Water-Based Paints & Hardware",81
2158,"New Somnath Wall Protect & Texture Depot",Pali,"Somnath Temple Market","Trader A Pali",+919414004327,"Shop 173, Main Road, Somnath Temple Market, Pali, Rajasthan","Water-Based Paints & Hardware",94
2159,"Royal Nimbahera Trade Associates",Chittorgarh,"Nimbahera Town","Trader B Chittorgarh",+919414004329,"Shop 174, Main Road, Nimbahera Town, Chittorgarh, Rajasthan","Water-Based Paints & Hardware",107
2160,"Modern Merta Paints & Hardware Mart",Nagaur,"Merta City","Trader C Nagaur",+919414004331,"Shop 175, Main Road, Merta City, Nagaur, Rajasthan","Water-Based Paints & Hardware",120
2161,"Star Gugali Paint & Sanitary Store",Jhunjhunu,"Gugali Market","Trader D Jhunjhunu",+919414004333,"Shop 176, Main Road, Gugali Market, Jhunjhunu, Rajasthan","Water-Based Paints & Hardware",133
2162,"Classic Civil Colors & Coatings Agency",Tonk,"Civil Lines","Trader E Tonk",+919414004335,"Shop 177, Main Road, Civil Lines, Tonk, Rajasthan","Water-Based Paints & Hardware",146
2163,"National Rawatsar Hardware & Building Materials",Hanumangarh,"Rawatsar Road","Trader F Hanumangarh",+919414004337,"Shop 178, Main Road, Rawatsar Road, Hanumangarh, Rajasthan","Water-Based Paints & Hardware",159
2164,"Ganesh Lalsot Wall Protect & Texture Depot",Dausa,"Lalsot Road","Trader G Dausa",+919414004339,"Shop 179, Main Road, Lalsot Road, Dausa, Rajasthan","Water-Based Paints & Hardware",172
2165,"Maruti Balotra Trade Associates",Barmer,"Balotra Textile & Hardware Hub","Trader H Barmer",+919414004341,"Shop 180, Main Road, Balotra Textile & Hardware Hub, Barmer, Rajasthan","Water-Based Paints & Hardware",185
2166,"Balaji Malviya Paints & Hardware Mart",Jaipur,"Malviya Nagar","Trader I Jaipur",+919414004343,"Shop 181, Main Road, Malviya Nagar, Jaipur, Rajasthan","Water-Based Paints & Hardware",198
2167,"Kalyan Boranada Paint & Sanitary Store",Jodhpur,"Boranada SEZ","Trader J Jodhpur",+919414004345,"Shop 182, Main Road, Boranada SEZ, Jodhpur, Rajasthan","Water-Based Paints & Hardware",211
2168,"Krishna DCM Colors & Coatings Agency",Kota,"DCM Road","Trader K Kota",+919414004347,"Shop 183, Main Road, DCM Road, Kota, Rajasthan","Water-Based Paints & Hardware",224
2169,"Vikas Nokha Hardware & Building Materials",Bikaner,"Nokha Road","Trader L Bikaner",+919414004349,"Shop 184, Main Road, Nokha Road, Bikaner, Rajasthan","Water-Based Paints & Hardware",237
2170,"Shree Kishangarh Wall Protect & Texture Depot",Ajmer,"Kishangarh Marble Mandi","Trader M Ajmer",+919414004351,"Shop 185, Main Road, Kishangarh Marble Mandi, Ajmer, Rajasthan","Water-Based Paints & Hardware",250
2171,"Jai Fatehpura Trade Associates",Udaipur,"Fatehpura","Trader N Udaipur",+919414004353,"Shop 186, Main Road, Fatehpura, Udaipur, Rajasthan","Water-Based Paints & Hardware",263
2172,"New Gandhi Paints & Hardware Mart",Bhilwara,"Gandhi Nagar","Trader O Bhilwara",+919414004355,"Shop 187, Main Road, Gandhi Nagar, Bhilwara, Rajasthan","Water-Based Paints & Hardware",276
2173,"Royal Manu Paint & Sanitary Store",Alwar,"Manu Marg","Trader P Alwar",+919414004357,"Shop 188, Main Road, Manu Marg, Alwar, Rajasthan","Water-Based Paints & Hardware",289
2174,"Modern Fatehpur Colors & Coatings Agency",Sikar,"Fatehpur Road","Trader Q Sikar",+919414004359,"Shop 189, Main Road, Fatehpur Road, Sikar, Rajasthan","Water-Based Paints & Hardware",302
2175,"Star Suratgarh Hardware & Building Materials",Sri Ganganagar,"Suratgarh Road","Trader R Sri Ganganagar",+919414004361,"Shop 190, Main Road, Suratgarh Road, Sri Ganganagar, Rajasthan","Water-Based Paints & Hardware",315
2176,"Classic Kumher Wall Protect & Texture Depot",Bharatpur,"Kumher Gate","Trader S Bharatpur",+919414004363,"Shop 191, Main Road, Kumher Gate, Bharatpur, Rajasthan","Water-Based Paints & Hardware",328
2177,"National Suraj Trade Associates",Pali,"Suraj Pole","Trader T Pali",+919414004365,"Shop 192, Main Road, Suraj Pole, Pali, Rajasthan","Water-Based Paints & Hardware",341
2178,"Ganesh Fort Paints & Hardware Mart",Chittorgarh,"Fort Road","Trader U Chittorgarh",+919414004367,"Shop 193, Main Road, Fort Road, Chittorgarh, Rajasthan","Water-Based Paints & Hardware",354
2179,"Maruti Gandhi Paint & Sanitary Store",Nagaur,"Gandhi Chowk","Trader V Nagaur",+919414004369,"Shop 194, Main Road, Gandhi Chowk, Nagaur, Rajasthan","Water-Based Paints & Hardware",367
2180,"Balaji Mandawa Colors & Coatings Agency",Jhunjhunu,"Mandawa Road","Trader W Jhunjhunu",+919414004371,"Shop 195, Main Road, Mandawa Road, Jhunjhunu, Rajasthan","Water-Based Paints & Hardware",380
2181,"Kalyan Subhash Hardware & Building Materials",Tonk,"Subhash Chowk","Trader X Tonk",+919414004373,"Shop 196, Main Road, Subhash Chowk, Tonk, Rajasthan","Water-Based Paints & Hardware",393
2182,"Krishna Industrial Wall Protect & Texture Depot",Hanumangarh,"Industrial Area","Trader Y Hanumangarh",+919414004375,"Shop 197, Main Road, Industrial Area, Hanumangarh, Rajasthan","Water-Based Paints & Hardware",406
2183,"Vikas Agra Trade Associates",Dausa,"Agra Road","Trader Z Dausa",+919414004377,"Shop 198, Main Road, Agra Road, Dausa, Rajasthan","Water-Based Paints & Hardware",419
2184,"Shree Station Paints & Hardware Mart",Barmer,"Station Road","Trader A Barmer",+919414004379,"Shop 199, Main Road, Station Road, Barmer, Rajasthan","Water-Based Paints & Hardware",432
2185,"Jai Transport Paint & Sanitary Store",Jaipur,"Transport Nagar","Trader B Jaipur",+919414004381,"Shop 200, Main Road, Transport Nagar, Jaipur, Rajasthan","Water-Based Paints & Hardware",45
2186,"New Sardarpura Colors & Coatings Agency",Jodhpur,"Sardarpura","Trader C Jodhpur",+919414004383,"Shop 201, Main Road, Sardarpura, Jodhpur, Rajasthan","Water-Based Paints & Hardware",58
2187,"Royal Rampura Hardware & Building Materials",Kota,"Rampura","Trader D Kota",+919414004385,"Shop 202, Main Road, Rampura, Kota, Rajasthan","Water-Based Paints & Hardware",71
2188,"Modern Sadul Wall Protect & Texture Depot",Bikaner,"Sadul Colony","Trader E Bikaner",+919414004387,"Shop 203, Main Road, Sadul Colony, Bikaner, Rajasthan","Water-Based Paints & Hardware",84
2189,"Star Beawar Trade Associates",Ajmer,"Beawar City","Trader F Ajmer",+919414004389,"Shop 204, Main Road, Beawar City, Ajmer, Rajasthan","Water-Based Paints & Hardware",97
2190,"Classic Sukher Paints & Hardware Mart",Udaipur,"Sukher Industrial Area","Trader G Udaipur",+919414004391,"Shop 205, Main Road, Sukher Industrial Area, Udaipur, Rajasthan","Water-Based Paints & Hardware",110
2191,"National RIICO Paint & Sanitary Store",Bhilwara,"RIICO Industrial Area","Trader H Bhilwara",+919414004393,"Shop 206, Main Road, RIICO Industrial Area, Bhilwara, Rajasthan","Water-Based Paints & Hardware",123
2192,"Ganesh Company Colors & Coatings Agency",Alwar,"Company Bagh","Trader I Alwar",+919414004395,"Shop 207, Main Road, Company Bagh, Alwar, Rajasthan","Water-Based Paints & Hardware",136
2193,"Maruti Piprali Hardware & Building Materials",Sikar,"Piprali Road","Trader J Sikar",+919414004397,"Shop 208, Main Road, Piprali Road, Sikar, Rajasthan","Water-Based Paints & Hardware",149
2194,"Balaji Padampur Wall Protect & Texture Depot",Sri Ganganagar,"Padampur Road","Trader K Sri Ganganagar",+919414004399,"Shop 209, Main Road, Padampur Road, Sri Ganganagar, Rajasthan","Water-Based Paints & Hardware",162
2195,"Kalyan Anah Trade Associates",Bharatpur,"Anah Gate","Trader L Bharatpur",+919414004401,"Shop 210, Main Road, Anah Gate, Bharatpur, Rajasthan","Water-Based Paints & Hardware",175
2196,"Krishna Mandia Paints & Hardware Mart",Pali,"Mandia Road Industrial Area","Trader M Pali",+919414004403,"Shop 211, Main Road, Mandia Road Industrial Area, Pali, Rajasthan","Water-Based Paints & Hardware",188
2197,"Vikas Chanderiya Paint & Sanitary Store",Chittorgarh,"Chanderiya Industrial Area","Trader N Chittorgarh",+919414004405,"Shop 212, Main Road, Chanderiya Industrial Area, Chittorgarh, Rajasthan","Water-Based Paints & Hardware",201
2198,"Shree Makrana Colors & Coatings Agency",Nagaur,"Makrana Marble Zone","Trader O Nagaur",+919414004407,"Shop 213, Main Road, Makrana Marble Zone, Nagaur, Rajasthan","Water-Based Paints & Hardware",214
2199,"Jai Khetri Hardware & Building Materials",Jhunjhunu,"Khetri Nagar","Trader P Jhunjhunu",+919414004409,"Shop 214, Main Road, Khetri Nagar, Jhunjhunu, Rajasthan","Water-Based Paints & Hardware",227
2200,"New Niwai Wall Protect & Texture Depot",Tonk,"Niwai Industrial Area","Trader Q Tonk",+919414004411,"Shop 15, Main Road, Niwai Industrial Area, Tonk, Rajasthan","Water-Based Paints & Hardware",240
2201,"Royal Town Trade Associates",Hanumangarh,"Town Main Bazaar","Trader R Hanumangarh",+919414004413,"Shop 16, Main Road, Town Main Bazaar, Hanumangarh, Rajasthan","Water-Based Paints & Hardware",253
2202,"Modern Bandikui Paints & Hardware Mart",Dausa,"Bandikui Mandi","Trader S Dausa",+919414004415,"Shop 17, Main Road, Bandikui Mandi, Dausa, Rajasthan","Water-Based Paints & Hardware",266
2203,"Star Refinery Paint & Sanitary Store",Barmer,"Refinery Site Corridor","Trader T Barmer",+919414004417,"Shop 18, Main Road, Refinery Site Corridor, Barmer, Rajasthan","Water-Based Paints & Hardware",279
2204,"Classic Vaishali Colors & Coatings Agency",Jaipur,"Vaishali Nagar","Trader U Jaipur",+919414004419,"Shop 19, Main Road, Vaishali Nagar, Jaipur, Rajasthan","Water-Based Paints & Hardware",292
2205,"National Basni Hardware & Building Materials",Jodhpur,"Basni Industrial Area","Trader V Jodhpur",+919414004421,"Shop 20, Main Road, Basni Industrial Area, Jodhpur, Rajasthan","Water-Based Paints & Hardware",305
2206,"Ganesh Vigyan Wall Protect & Texture Depot",Kota,"Vigyan Nagar","Trader W Kota",+919414004423,"Shop 21, Main Road, Vigyan Nagar, Kota, Rajasthan","Water-Based Paints & Hardware",318
2207,"Maruti Bichhwal Trade Associates",Bikaner,"Bichhwal Industrial Area","Trader X Bikaner",+919414004425,"Shop 22, Main Road, Bichhwal Industrial Area, Bikaner, Rajasthan","Water-Based Paints & Hardware",331
2208,"Balaji Kutchery Paints & Hardware Mart",Ajmer,"Kutchery Road","Trader Y Ajmer",+919414004427,"Shop 23, Main Road, Kutchery Road, Ajmer, Rajasthan","Water-Based Paints & Hardware",344
2209,"Kalyan Hiran Paint & Sanitary Store",Udaipur,"Hiran Magri","Trader Z Udaipur",+919414004429,"Shop 24, Main Road, Hiran Magri, Udaipur, Rajasthan","Water-Based Paints & Hardware",357
2210,"Krishna Bhopalganj Colors & Coatings Agency",Bhilwara,"Bhopalganj","Trader A Bhilwara",+919414004431,"Shop 25, Main Road, Bhopalganj, Bhilwara, Rajasthan","Water-Based Paints & Hardware",370
2211,"Vikas Bhiwadi Hardware & Building Materials",Alwar,"Bhiwadi Industrial Zone","Trader B Alwar",+919414004433,"Shop 26, Main Road, Bhiwadi Industrial Zone, Alwar, Rajasthan","Water-Based Paints & Hardware",383
2212,"Shree Kotwali Wall Protect & Texture Depot",Sikar,"Kotwali Market","Trader C Sikar",+919414004435,"Shop 27, Main Road, Kotwali Market, Sikar, Rajasthan","Water-Based Paints & Hardware",396
2213,"Jai Gola Trade Associates",Sri Ganganagar,"Gola Market","Trader D Sri Ganganagar",+919414004437,"Shop 28, Main Road, Gola Market, Sri Ganganagar, Rajasthan","Water-Based Paints & Hardware",409
2214,"New Circular Paints & Hardware Mart",Bharatpur,"Circular Road","Trader E Bharatpur",+919414004439,"Shop 29, Main Road, Circular Road, Bharatpur, Rajasthan","Water-Based Paints & Hardware",422
2215,"Royal Sumerpur Paint & Sanitary Store",Pali,"Sumerpur Road","Trader F Pali",+919414004441,"Shop 30, Main Road, Sumerpur Road, Pali, Rajasthan","Water-Based Paints & Hardware",435
2216,"Modern Collectorate Colors & Coatings Agency",Chittorgarh,"Collectorate Road","Trader G Chittorgarh",+919414004443,"Shop 31, Main Road, Collectorate Road, Chittorgarh, Rajasthan","Water-Based Paints & Hardware",48
2217,"Star Didwana Hardware & Building Materials",Nagaur,"Didwana Road","Trader H Nagaur",+919414004445,"Shop 32, Main Road, Didwana Road, Nagaur, Rajasthan","Water-Based Paints & Hardware",61
2218,"Classic Chirawa Wall Protect & Texture Depot",Jhunjhunu,"Chirawa Road","Trader I Jhunjhunu",+919414004447,"Shop 33, Main Road, Chirawa Road, Jhunjhunu, Rajasthan","Water-Based Paints & Hardware",74
2219,"National Malpura Trade Associates",Tonk,"Malpura Road","Trader J Tonk",+919414004449,"Shop 34, Main Road, Malpura Road, Tonk, Rajasthan","Water-Based Paints & Hardware",87
2220,"Ganesh Junction Paints & Hardware Mart",Hanumangarh,"Junction Market","Trader K Hanumangarh",+919414004451,"Shop 35, Main Road, Junction Market, Hanumangarh, Rajasthan","Water-Based Paints & Hardware",100
2221,"Maruti Station Paint & Sanitary Store",Dausa,"Station Road","Trader L Dausa",+919414004453,"Shop 36, Main Road, Station Road, Dausa, Rajasthan","Water-Based Paints & Hardware",113
2222,"Balaji Sindhari Colors & Coatings Agency",Barmer,"Sindhari Road","Trader M Barmer",+919414004455,"Shop 37, Main Road, Sindhari Road, Barmer, Rajasthan","Water-Based Paints & Hardware",126
2223,"Kalyan Jhotwara Hardware & Building Materials",Jaipur,"Jhotwara","Trader N Jaipur",+919414004457,"Shop 38, Main Road, Jhotwara, Jaipur, Rajasthan","Water-Based Paints & Hardware",139
2224,"Krishna Ratanada Wall Protect & Texture Depot",Jodhpur,"Ratanada","Trader O Jodhpur",+919414004459,"Shop 39, Main Road, Ratanada, Jodhpur, Rajasthan","Water-Based Paints & Hardware",152
2225,"Vikas Mahaveer Trade Associates",Kota,"Mahaveer Nagar","Trader P Kota",+919414004461,"Shop 40, Main Road, Mahaveer Nagar, Kota, Rajasthan","Water-Based Paints & Hardware",165
2226,"Shree Rani Paints & Hardware Mart",Bikaner,"Rani Bazar Industrial Area","Trader Q Bikaner",+919414004463,"Shop 41, Main Road, Rani Bazar Industrial Area, Bikaner, Rajasthan","Water-Based Paints & Hardware",178
2227,"Jai Madar Paint & Sanitary Store",Ajmer,"Madar Gate","Trader R Ajmer",+919414004465,"Shop 42, Main Road, Madar Gate, Ajmer, Rajasthan","Water-Based Paints & Hardware",191
2228,"New Bapu Colors & Coatings Agency",Udaipur,"Bapu Bazar","Trader S Udaipur",+919414004467,"Shop 43, Main Road, Bapu Bazar, Udaipur, Rajasthan","Water-Based Paints & Hardware",204
2229,"Royal Sanganer Hardware & Building Materials",Bhilwara,"Sanganer Road","Trader T Bhilwara",+919414004469,"Shop 44, Main Road, Sanganer Road, Bhilwara, Rajasthan","Water-Based Paints & Hardware",217
2230,"Modern Neemrana Wall Protect & Texture Depot",Alwar,"Neemrana Japanese Zone","Trader U Alwar",+919414004471,"Shop 45, Main Road, Neemrana Japanese Zone, Alwar, Rajasthan","Water-Based Paints & Hardware",230
2231,"Star Salasar Trade Associates",Sikar,"Salasar Bus Stand","Trader V Sikar",+919414004473,"Shop 46, Main Road, Salasar Bus Stand, Sikar, Rajasthan","Water-Based Paints & Hardware",243
2232,"Classic Purani Paints & Hardware Mart",Sri Ganganagar,"Purani Abadi","Trader W Sri Ganganagar",+919414004475,"Shop 47, Main Road, Purani Abadi, Sri Ganganagar, Rajasthan","Water-Based Paints & Hardware",256
2233,"National Mathura Paint & Sanitary Store",Bharatpur,"Mathura Road","Trader X Bharatpur",+919414004477,"Shop 48, Main Road, Mathura Road, Bharatpur, Rajasthan","Water-Based Paints & Hardware",269
2234,"Ganesh Somnath Colors & Coatings Agency",Pali,"Somnath Temple Market","Trader Y Pali",+919414004479,"Shop 49, Main Road, Somnath Temple Market, Pali, Rajasthan","Water-Based Paints & Hardware",282
2235,"Maruti Nimbahera Hardware & Building Materials",Chittorgarh,"Nimbahera Town","Trader Z Chittorgarh",+919414004481,"Shop 50, Main Road, Nimbahera Town, Chittorgarh, Rajasthan","Water-Based Paints & Hardware",295
2236,"Balaji Kuchaman Wall Protect & Texture Depot",Nagaur,"Kuchaman City","Trader A Nagaur",+919414004483,"Shop 51, Main Road, Kuchaman City, Nagaur, Rajasthan","Water-Based Paints & Hardware",308
2237,"Kalyan Peeru Trade Associates",Jhunjhunu,"Peeru Singh Circle","Trader B Jhunjhunu",+919414004485,"Shop 52, Main Road, Peeru Singh Circle, Jhunjhunu, Rajasthan","Water-Based Paints & Hardware",321
2238,"Krishna Civil Paints & Hardware Mart",Tonk,"Civil Lines","Trader C Tonk",+919414004487,"Shop 53, Main Road, Civil Lines, Tonk, Rajasthan","Water-Based Paints & Hardware",334
2239,"Vikas Rawatsar Paint & Sanitary Store",Hanumangarh,"Rawatsar Road","Trader D Hanumangarh",+919414004489,"Shop 54, Main Road, Rawatsar Road, Hanumangarh, Rajasthan","Water-Based Paints & Hardware",347
2240,"Shree Lalsot Colors & Coatings Agency",Dausa,"Lalsot Road","Trader E Dausa",+919414004491,"Shop 55, Main Road, Lalsot Road, Dausa, Rajasthan","Water-Based Paints & Hardware",360
2241,"Jai Balotra Hardware & Building Materials",Barmer,"Balotra Textile & Hardware Hub","Trader F Barmer",+919414004493,"Shop 56, Main Road, Balotra Textile & Hardware Hub, Barmer, Rajasthan","Water-Based Paints & Hardware",373
2242,"New Sanganer Wall Protect & Texture Depot",Jaipur,"Sanganer Town","Trader G Jaipur",+919414004495,"Shop 57, Main Road, Sanganer Town, Jaipur, Rajasthan","Water-Based Paints & Hardware",386
2243,"Royal Mandore Trade Associates",Jodhpur,"Mandore Road","Trader H Jodhpur",+919414004497,"Shop 58, Main Road, Mandore Road, Jodhpur, Rajasthan","Water-Based Paints & Hardware",399
2244,"Modern Borkhera Paints & Hardware Mart",Kota,"Borkhera","Trader I Kota",+919414004499,"Shop 59, Main Road, Borkhera, Kota, Rajasthan","Water-Based Paints & Hardware",412
2245,"Star Kote Paint & Sanitary Store",Bikaner,"Kote Gate","Trader J Bikaner",+919414004501,"Shop 60, Main Road, Kote Gate, Bikaner, Rajasthan","Water-Based Paints & Hardware",425
2246,"Classic Clock Colors & Coatings Agency",Ajmer,"Clock Tower Market","Trader K Ajmer",+919414004503,"Shop 61, Main Road, Clock Tower Market, Ajmer, Rajasthan","Water-Based Paints & Hardware",438
2247,"National Mewar Hardware & Building Materials",Udaipur,"Mewar Industrial Area","Trader L Udaipur",+919414004505,"Shop 62, Main Road, Mewar Industrial Area, Udaipur, Rajasthan","Water-Based Paints & Hardware",51
2248,"Ganesh Pur Wall Protect & Texture Depot",Bhilwara,"Pur Road","Trader M Bhilwara",+919414004507,"Shop 63, Main Road, Pur Road, Bhilwara, Rajasthan","Water-Based Paints & Hardware",64
2249,"Maruti Tijara Trade Associates",Alwar,"Tijara Road","Trader N Alwar",+919414004509,"Shop 64, Main Road, Tijara Road, Alwar, Rajasthan","Water-Based Paints & Hardware",77
2250,"Balaji Station Paints & Hardware Mart",Sikar,"Station Road","Trader O Sikar",+919414004511,"Shop 65, Main Road, Station Road, Sikar, Rajasthan","Water-Based Paints & Hardware",90
2251,"Kalyan Birbal Paint & Sanitary Store",Sri Ganganagar,"Birbal Chowk","Trader P Sri Ganganagar",+919414004513,"Shop 66, Main Road, Birbal Chowk, Sri Ganganagar, Rajasthan","Water-Based Paints & Hardware",103
2252,"Krishna Sewar Colors & Coatings Agency",Bharatpur,"Sewar Industrial Area","Trader Q Bharatpur",+919414004515,"Shop 67, Main Road, Sewar Industrial Area, Bharatpur, Rajasthan","Water-Based Paints & Hardware",116
2253,"Vikas Suraj Hardware & Building Materials",Pali,"Suraj Pole","Trader R Pali",+919414004517,"Shop 68, Main Road, Suraj Pole, Pali, Rajasthan","Water-Based Paints & Hardware",129
2254,"Shree Fort Wall Protect & Texture Depot",Chittorgarh,"Fort Road","Trader S Chittorgarh",+919414004519,"Shop 69, Main Road, Fort Road, Chittorgarh, Rajasthan","Water-Based Paints & Hardware",142
2255,"Jai Merta Trade Associates",Nagaur,"Merta City","Trader T Nagaur",+919414004521,"Shop 70, Main Road, Merta City, Nagaur, Rajasthan","Water-Based Paints & Hardware",155
2256,"New Gugali Paints & Hardware Mart",Jhunjhunu,"Gugali Market","Trader U Jhunjhunu",+919414004523,"Shop 71, Main Road, Gugali Market, Jhunjhunu, Rajasthan","Water-Based Paints & Hardware",168
2257,"Royal Subhash Paint & Sanitary Store",Tonk,"Subhash Chowk","Trader V Tonk",+919414004525,"Shop 72, Main Road, Subhash Chowk, Tonk, Rajasthan","Water-Based Paints & Hardware",181
2258,"Modern Industrial Colors & Coatings Agency",Hanumangarh,"Industrial Area","Trader W Hanumangarh",+919414004527,"Shop 73, Main Road, Industrial Area, Hanumangarh, Rajasthan","Water-Based Paints & Hardware",194
2259,"Star Agra Hardware & Building Materials",Dausa,"Agra Road","Trader X Dausa",+919414004529,"Shop 74, Main Road, Agra Road, Dausa, Rajasthan","Water-Based Paints & Hardware",207
2260,"Classic Station Wall Protect & Texture Depot",Barmer,"Station Road","Trader Y Barmer",+919414004531,"Shop 75, Main Road, Station Road, Barmer, Rajasthan","Water-Based Paints & Hardware",220
2261,"National VKI Trade Associates",Jaipur,"VKI Industrial Area","Trader Z Jaipur",+919414004533,"Shop 76, Main Road, VKI Industrial Area, Jaipur, Rajasthan","Water-Based Paints & Hardware",233
2262,"Ganesh Pal Paints & Hardware Mart",Jodhpur,"Pal Road","Trader A Jodhpur",+919414004535,"Shop 77, Main Road, Pal Road, Jodhpur, Rajasthan","Water-Based Paints & Hardware",246
2263,"Maruti Indraprastha Paint & Sanitary Store",Kota,"Indraprastha Industrial Area","Trader B Kota",+919414004537,"Shop 78, Main Road, Indraprastha Industrial Area, Kota, Rajasthan","Water-Based Paints & Hardware",259
2264,"Balaji Nokha Colors & Coatings Agency",Bikaner,"Nokha Road","Trader C Bikaner",+919414004539,"Shop 79, Main Road, Nokha Road, Bikaner, Rajasthan","Water-Based Paints & Hardware",272
2265,"Kalyan Parbatpura Hardware & Building Materials",Ajmer,"Parbatpura Industrial Area","Trader D Ajmer",+919414004541,"Shop 80, Main Road, Parbatpura Industrial Area, Ajmer, Rajasthan","Water-Based Paints & Hardware",285
2266,"Krishna Udaisagar Wall Protect & Texture Depot",Udaipur,"Udaisagar Road","Trader E Udaipur",+919414004543,"Shop 81, Main Road, Udaisagar Road, Udaipur, Rajasthan","Water-Based Paints & Hardware",298
2267,"Vikas Gandhi Trade Associates",Bhilwara,"Gandhi Nagar","Trader F Bhilwara",+919414004545,"Shop 82, Main Road, Gandhi Nagar, Bhilwara, Rajasthan","Water-Based Paints & Hardware",311
2268,"Shree MIA Paints & Hardware Mart",Alwar,"MIA Industrial Area","Trader G Alwar",+919414004547,"Shop 83, Main Road, MIA Industrial Area, Alwar, Rajasthan","Water-Based Paints & Hardware",324
2269,"Jai Bajoria Paint & Sanitary Store",Sikar,"Bajoria Road","Trader H Sikar",+919414004549,"Shop 84, Main Road, Bajoria Road, Sikar, Rajasthan","Water-Based Paints & Hardware",337
2270,"New Suratgarh Colors & Coatings Agency",Sri Ganganagar,"Suratgarh Road","Trader I Sri Ganganagar",+919414004551,"Shop 85, Main Road, Suratgarh Road, Sri Ganganagar, Rajasthan","Water-Based Paints & Hardware",350
2271,"Royal Kumher Hardware & Building Materials",Bharatpur,"Kumher Gate","Trader J Bharatpur",+919414004553,"Shop 86, Main Road, Kumher Gate, Bharatpur, Rajasthan","Water-Based Paints & Hardware",363
2272,"Modern Mandia Wall Protect & Texture Depot",Pali,"Mandia Road Industrial Area","Trader K Pali",+919414004555,"Shop 87, Main Road, Mandia Road Industrial Area, Pali, Rajasthan","Water-Based Paints & Hardware",376
2273,"Star Chanderiya Trade Associates",Chittorgarh,"Chanderiya Industrial Area","Trader L Chittorgarh",+919414004557,"Shop 88, Main Road, Chanderiya Industrial Area, Chittorgarh, Rajasthan","Water-Based Paints & Hardware",389
2274,"Classic Gandhi Paints & Hardware Mart",Nagaur,"Gandhi Chowk","Trader M Nagaur",+919414004559,"Shop 89, Main Road, Gandhi Chowk, Nagaur, Rajasthan","Water-Based Paints & Hardware",402
2275,"National Mandawa Paint & Sanitary Store",Jhunjhunu,"Mandawa Road","Trader N Jhunjhunu",+919414004561,"Shop 90, Main Road, Mandawa Road, Jhunjhunu, Rajasthan","Water-Based Paints & Hardware",415
2276,"Ganesh Niwai Colors & Coatings Agency",Tonk,"Niwai Industrial Area","Trader O Tonk",+919414004563,"Shop 91, Main Road, Niwai Industrial Area, Tonk, Rajasthan","Water-Based Paints & Hardware",428
2277,"Maruti Town Hardware & Building Materials",Hanumangarh,"Town Main Bazaar","Trader P Hanumangarh",+919414004565,"Shop 92, Main Road, Town Main Bazaar, Hanumangarh, Rajasthan","Water-Based Paints & Hardware",41
2278,"Balaji Bandikui Wall Protect & Texture Depot",Dausa,"Bandikui Mandi","Trader Q Dausa",+919414004567,"Shop 93, Main Road, Bandikui Mandi, Dausa, Rajasthan","Water-Based Paints & Hardware",54
2279,"Kalyan Refinery Trade Associates",Barmer,"Refinery Site Corridor","Trader R Barmer",+919414004569,"Shop 94, Main Road, Refinery Site Corridor, Barmer, Rajasthan","Water-Based Paints & Hardware",67
2280,"Krishna Mansarovar Paints & Hardware Mart",Jaipur,"Mansarovar","Trader S Jaipur",+919414004571,"Shop 95, Main Road, Mansarovar, Jaipur, Rajasthan","Water-Based Paints & Hardware",80
2281,"Vikas Shastri Paint & Sanitary Store",Jodhpur,"Shastri Nagar","Trader T Jodhpur",+919414004573,"Shop 96, Main Road, Shastri Nagar, Jodhpur, Rajasthan","Water-Based Paints & Hardware",93
2282,"Shree Gumanpura Colors & Coatings Agency",Kota,"Gumanpura","Trader U Kota",+919414004575,"Shop 97, Main Road, Gumanpura, Kota, Rajasthan","Water-Based Paints & Hardware",106
2283,"Jai Sadul Hardware & Building Materials",Bikaner,"Sadul Colony","Trader V Bikaner",+919414004577,"Shop 98, Main Road, Sadul Colony, Bikaner, Rajasthan","Water-Based Paints & Hardware",119
2284,"New Kishangarh Wall Protect & Texture Depot",Ajmer,"Kishangarh Marble Mandi","Trader W Ajmer",+919414004579,"Shop 99, Main Road, Kishangarh Marble Mandi, Ajmer, Rajasthan","Water-Based Paints & Hardware",132
2285,"Royal Fatehpura Trade Associates",Udaipur,"Fatehpura","Trader X Udaipur",+919414004581,"Shop 100, Main Road, Fatehpura, Udaipur, Rajasthan","Water-Based Paints & Hardware",145
2286,"Modern RIICO Paints & Hardware Mart",Bhilwara,"RIICO Industrial Area","Trader Y Bhilwara",+919414004583,"Shop 101, Main Road, RIICO Industrial Area, Bhilwara, Rajasthan","Water-Based Paints & Hardware",158
2287,"Star Manu Paint & Sanitary Store",Alwar,"Manu Marg","Trader Z Alwar",+919414004585,"Shop 102, Main Road, Manu Marg, Alwar, Rajasthan","Water-Based Paints & Hardware",171
2288,"Classic Fatehpur Colors & Coatings Agency",Sikar,"Fatehpur Road","Trader A Sikar",+919414004587,"Shop 103, Main Road, Fatehpur Road, Sikar, Rajasthan","Water-Based Paints & Hardware",184
2289,"National Padampur Hardware & Building Materials",Sri Ganganagar,"Padampur Road","Trader B Sri Ganganagar",+919414004589,"Shop 104, Main Road, Padampur Road, Sri Ganganagar, Rajasthan","Water-Based Paints & Hardware",197
2290,"Ganesh Anah Wall Protect & Texture Depot",Bharatpur,"Anah Gate","Trader C Bharatpur",+919414004591,"Shop 105, Main Road, Anah Gate, Bharatpur, Rajasthan","Water-Based Paints & Hardware",210
2291,"Maruti Sumerpur Trade Associates",Pali,"Sumerpur Road","Trader D Pali",+919414004593,"Shop 106, Main Road, Sumerpur Road, Pali, Rajasthan","Water-Based Paints & Hardware",223
2292,"Balaji Collectorate Paints & Hardware Mart",Chittorgarh,"Collectorate Road","Trader E Chittorgarh",+919414004595,"Shop 107, Main Road, Collectorate Road, Chittorgarh, Rajasthan","Water-Based Paints & Hardware",236
2293,"Kalyan Makrana Paint & Sanitary Store",Nagaur,"Makrana Marble Zone","Trader F Nagaur",+919414004597,"Shop 108, Main Road, Makrana Marble Zone, Nagaur, Rajasthan","Water-Based Paints & Hardware",249
2294,"Krishna Khetri Colors & Coatings Agency",Jhunjhunu,"Khetri Nagar","Trader G Jhunjhunu",+919414004599,"Shop 109, Main Road, Khetri Nagar, Jhunjhunu, Rajasthan","Water-Based Paints & Hardware",262
2295,"Vikas Malpura Hardware & Building Materials",Tonk,"Malpura Road","Trader H Tonk",+919414004601,"Shop 110, Main Road, Malpura Road, Tonk, Rajasthan","Water-Based Paints & Hardware",275
2296,"Shree Junction Wall Protect & Texture Depot",Hanumangarh,"Junction Market","Trader I Hanumangarh",+919414004603,"Shop 111, Main Road, Junction Market, Hanumangarh, Rajasthan","Water-Based Paints & Hardware",288
2297,"Jai Station Trade Associates",Dausa,"Station Road","Trader J Dausa",+919414004605,"Shop 112, Main Road, Station Road, Dausa, Rajasthan","Water-Based Paints & Hardware",301
2298,"New Sindhari Paints & Hardware Mart",Barmer,"Sindhari Road","Trader K Barmer",+919414004607,"Shop 113, Main Road, Sindhari Road, Barmer, Rajasthan","Water-Based Paints & Hardware",314
2299,"Royal Tonk Paint & Sanitary Store",Jaipur,"Tonk Road","Trader L Jaipur",+919414004609,"Shop 114, Main Road, Tonk Road, Jaipur, Rajasthan","Water-Based Paints & Hardware",327
2300,"Modern Boranada Colors & Coatings Agency",Jodhpur,"Boranada SEZ","Trader M Jodhpur",+919414004611,"Shop 115, Main Road, Boranada SEZ, Jodhpur, Rajasthan","Water-Based Paints & Hardware",340
2301,"Star DCM Hardware & Building Materials",Kota,"DCM Road","Trader N Kota",+919414004613,"Shop 116, Main Road, DCM Road, Kota, Rajasthan","Water-Based Paints & Hardware",353
2302,"Classic Bichhwal Wall Protect & Texture Depot",Bikaner,"Bichhwal Industrial Area","Trader O Bikaner",+919414004615,"Shop 117, Main Road, Bichhwal Industrial Area, Bikaner, Rajasthan","Water-Based Paints & Hardware",366
2303,"National Beawar Trade Associates",Ajmer,"Beawar City","Trader P Ajmer",+919414004617,"Shop 118, Main Road, Beawar City, Ajmer, Rajasthan","Water-Based Paints & Hardware",379
2304,"Ganesh Sukher Paints & Hardware Mart",Udaipur,"Sukher Industrial Area","Trader Q Udaipur",+919414004619,"Shop 119, Main Road, Sukher Industrial Area, Udaipur, Rajasthan","Water-Based Paints & Hardware",392
2305,"Maruti Bhopalganj Paint & Sanitary Store",Bhilwara,"Bhopalganj","Trader R Bhilwara",+919414004621,"Shop 120, Main Road, Bhopalganj, Bhilwara, Rajasthan","Water-Based Paints & Hardware",405
2306,"Balaji Company Colors & Coatings Agency",Alwar,"Company Bagh","Trader S Alwar",+919414004623,"Shop 121, Main Road, Company Bagh, Alwar, Rajasthan","Water-Based Paints & Hardware",418
2307,"Kalyan Piprali Hardware & Building Materials",Sikar,"Piprali Road","Trader T Sikar",+919414004625,"Shop 122, Main Road, Piprali Road, Sikar, Rajasthan","Water-Based Paints & Hardware",431
2308,"Krishna Gola Wall Protect & Texture Depot",Sri Ganganagar,"Gola Market","Trader U Sri Ganganagar",+919414004627,"Shop 123, Main Road, Gola Market, Sri Ganganagar, Rajasthan","Water-Based Paints & Hardware",44
2309,"Vikas Circular Trade Associates",Bharatpur,"Circular Road","Trader V Bharatpur",+919414004629,"Shop 124, Main Road, Circular Road, Bharatpur, Rajasthan","Water-Based Paints & Hardware",57
2310,"Shree Somnath Paints & Hardware Mart",Pali,"Somnath Temple Market","Trader W Pali",+919414004631,"Shop 125, Main Road, Somnath Temple Market, Pali, Rajasthan","Water-Based Paints & Hardware",70
2311,"Jai Nimbahera Paint & Sanitary Store",Chittorgarh,"Nimbahera Town","Trader X Chittorgarh",+919414004633,"Shop 126, Main Road, Nimbahera Town, Chittorgarh, Rajasthan","Water-Based Paints & Hardware",83
2312,"New Didwana Colors & Coatings Agency",Nagaur,"Didwana Road","Trader Y Nagaur",+919414004635,"Shop 127, Main Road, Didwana Road, Nagaur, Rajasthan","Water-Based Paints & Hardware",96
2313,"Royal Chirawa Hardware & Building Materials",Jhunjhunu,"Chirawa Road","Trader Z Jhunjhunu",+919414004637,"Shop 128, Main Road, Chirawa Road, Jhunjhunu, Rajasthan","Water-Based Paints & Hardware",109
2314,"Modern Civil Wall Protect & Texture Depot",Tonk,"Civil Lines","Trader A Tonk",+919414004639,"Shop 129, Main Road, Civil Lines, Tonk, Rajasthan","Water-Based Paints & Hardware",122
2315,"Star Rawatsar Trade Associates",Hanumangarh,"Rawatsar Road","Trader B Hanumangarh",+919414004641,"Shop 130, Main Road, Rawatsar Road, Hanumangarh, Rajasthan","Water-Based Paints & Hardware",135
2316,"Classic Lalsot Paints & Hardware Mart",Dausa,"Lalsot Road","Trader C Dausa",+919414004643,"Shop 131, Main Road, Lalsot Road, Dausa, Rajasthan","Water-Based Paints & Hardware",148
2317,"National Balotra Paint & Sanitary Store",Barmer,"Balotra Textile & Hardware Hub","Trader D Barmer",+919414004645,"Shop 132, Main Road, Balotra Textile & Hardware Hub, Barmer, Rajasthan","Water-Based Paints & Hardware",161
2318,"Ganesh Amer Colors & Coatings Agency",Jaipur,"Amer Road","Trader E Jaipur",+919414004647,"Shop 133, Main Road, Amer Road, Jaipur, Rajasthan","Water-Based Paints & Hardware",174
2319,"Maruti Sardarpura Hardware & Building Materials",Jodhpur,"Sardarpura","Trader F Jodhpur",+919414004649,"Shop 134, Main Road, Sardarpura, Jodhpur, Rajasthan","Water-Based Paints & Hardware",187
2320,"Balaji Rampura Wall Protect & Texture Depot",Kota,"Rampura","Trader G Kota",+919414004651,"Shop 135, Main Road, Rampura, Kota, Rajasthan","Water-Based Paints & Hardware",200
2321,"Kalyan Rani Trade Associates",Bikaner,"Rani Bazar Industrial Area","Trader H Bikaner",+919414004653,"Shop 136, Main Road, Rani Bazar Industrial Area, Bikaner, Rajasthan","Water-Based Paints & Hardware",213
2322,"Krishna Kutchery Paints & Hardware Mart",Ajmer,"Kutchery Road","Trader I Ajmer",+919414004655,"Shop 137, Main Road, Kutchery Road, Ajmer, Rajasthan","Water-Based Paints & Hardware",226
2323,"Vikas Hiran Paint & Sanitary Store",Udaipur,"Hiran Magri","Trader J Udaipur",+919414004657,"Shop 138, Main Road, Hiran Magri, Udaipur, Rajasthan","Water-Based Paints & Hardware",239
2324,"Shree Sanganer Colors & Coatings Agency",Bhilwara,"Sanganer Road","Trader K Bhilwara",+919414004659,"Shop 139, Main Road, Sanganer Road, Bhilwara, Rajasthan","Water-Based Paints & Hardware",252
2325,"Jai Bhiwadi Hardware & Building Materials",Alwar,"Bhiwadi Industrial Zone","Trader L Alwar",+919414004661,"Shop 140, Main Road, Bhiwadi Industrial Zone, Alwar, Rajasthan","Water-Based Paints & Hardware",265
2326,"New Kotwali Wall Protect & Texture Depot",Sikar,"Kotwali Market","Trader M Sikar",+919414004663,"Shop 141, Main Road, Kotwali Market, Sikar, Rajasthan","Water-Based Paints & Hardware",278
2327,"Royal Purani Trade Associates",Sri Ganganagar,"Purani Abadi","Trader N Sri Ganganagar",+919414004665,"Shop 142, Main Road, Purani Abadi, Sri Ganganagar, Rajasthan","Water-Based Paints & Hardware",291
2328,"Modern Mathura Paints & Hardware Mart",Bharatpur,"Mathura Road","Trader O Bharatpur",+919414004667,"Shop 143, Main Road, Mathura Road, Bharatpur, Rajasthan","Water-Based Paints & Hardware",304
2329,"Star Suraj Paint & Sanitary Store",Pali,"Suraj Pole","Trader P Pali",+919414004669,"Shop 144, Main Road, Suraj Pole, Pali, Rajasthan","Water-Based Paints & Hardware",317
2330,"Classic Fort Colors & Coatings Agency",Chittorgarh,"Fort Road","Trader Q Chittorgarh",+919414004671,"Shop 145, Main Road, Fort Road, Chittorgarh, Rajasthan","Water-Based Paints & Hardware",330
2331,"National Kuchaman Hardware & Building Materials",Nagaur,"Kuchaman City","Trader R Nagaur",+919414004673,"Shop 146, Main Road, Kuchaman City, Nagaur, Rajasthan","Water-Based Paints & Hardware",343
2332,"Ganesh Peeru Wall Protect & Texture Depot",Jhunjhunu,"Peeru Singh Circle","Trader S Jhunjhunu",+919414004675,"Shop 147, Main Road, Peeru Singh Circle, Jhunjhunu, Rajasthan","Water-Based Paints & Hardware",356
2333,"Maruti Subhash Trade Associates",Tonk,"Subhash Chowk","Trader T Tonk",+919414004677,"Shop 148, Main Road, Subhash Chowk, Tonk, Rajasthan","Water-Based Paints & Hardware",369
2334,"Balaji Industrial Paints & Hardware Mart",Hanumangarh,"Industrial Area","Trader U Hanumangarh",+919414004679,"Shop 149, Main Road, Industrial Area, Hanumangarh, Rajasthan","Water-Based Paints & Hardware",382
2335,"Kalyan Agra Paint & Sanitary Store",Dausa,"Agra Road","Trader V Dausa",+919414004681,"Shop 150, Main Road, Agra Road, Dausa, Rajasthan","Water-Based Paints & Hardware",395
2336,"Krishna Station Colors & Coatings Agency",Barmer,"Station Road","Trader W Barmer",+919414004683,"Shop 151, Main Road, Station Road, Barmer, Rajasthan","Water-Based Paints & Hardware",408
2337,"Vikas Chomu Hardware & Building Materials",Jaipur,"Chomu","Trader X Jaipur",+919414004685,"Shop 152, Main Road, Chomu, Jaipur, Rajasthan","Water-Based Paints & Hardware",421
2338,"Shree Basni Wall Protect & Texture Depot",Jodhpur,"Basni Industrial Area","Trader Y Jodhpur",+919414004687,"Shop 153, Main Road, Basni Industrial Area, Jodhpur, Rajasthan","Water-Based Paints & Hardware",434
2339,"Jai Vigyan Trade Associates",Kota,"Vigyan Nagar","Trader Z Kota",+919414004689,"Shop 154, Main Road, Vigyan Nagar, Kota, Rajasthan","Water-Based Paints & Hardware",47
2340,"New Kote Paints & Hardware Mart",Bikaner,"Kote Gate","Trader A Bikaner",+919414004691,"Shop 155, Main Road, Kote Gate, Bikaner, Rajasthan","Water-Based Paints & Hardware",60
2341,"Royal Madar Paint & Sanitary Store",Ajmer,"Madar Gate","Trader B Ajmer",+919414004693,"Shop 156, Main Road, Madar Gate, Ajmer, Rajasthan","Water-Based Paints & Hardware",73
2342,"Modern Bapu Colors & Coatings Agency",Udaipur,"Bapu Bazar","Trader C Udaipur",+919414004695,"Shop 157, Main Road, Bapu Bazar, Udaipur, Rajasthan","Water-Based Paints & Hardware",86
2343,"Star Pur Hardware & Building Materials",Bhilwara,"Pur Road","Trader D Bhilwara",+919414004697,"Shop 158, Main Road, Pur Road, Bhilwara, Rajasthan","Water-Based Paints & Hardware",99
2344,"Classic Neemrana Wall Protect & Texture Depot",Alwar,"Neemrana Japanese Zone","Trader E Alwar",+919414004699,"Shop 159, Main Road, Neemrana Japanese Zone, Alwar, Rajasthan","Water-Based Paints & Hardware",112
2345,"National Salasar Trade Associates",Sikar,"Salasar Bus Stand","Trader F Sikar",+919414004701,"Shop 160, Main Road, Salasar Bus Stand, Sikar, Rajasthan","Water-Based Paints & Hardware",125
2346,"Ganesh Birbal Paints & Hardware Mart",Sri Ganganagar,"Birbal Chowk","Trader G Sri Ganganagar",+919414004703,"Shop 161, Main Road, Birbal Chowk, Sri Ganganagar, Rajasthan","Water-Based Paints & Hardware",138
2347,"Maruti Sewar Paint & Sanitary Store",Bharatpur,"Sewar Industrial Area","Trader H Bharatpur",+919414004705,"Shop 162, Main Road, Sewar Industrial Area, Bharatpur, Rajasthan","Water-Based Paints & Hardware",151
2348,"Balaji Mandia Colors & Coatings Agency",Pali,"Mandia Road Industrial Area","Trader I Pali",+919414004707,"Shop 163, Main Road, Mandia Road Industrial Area, Pali, Rajasthan","Water-Based Paints & Hardware",164
2349,"Kalyan Chanderiya Hardware & Building Materials",Chittorgarh,"Chanderiya Industrial Area","Trader J Chittorgarh",+919414004709,"Shop 164, Main Road, Chanderiya Industrial Area, Chittorgarh, Rajasthan","Water-Based Paints & Hardware",177
2350,"Krishna Merta Wall Protect & Texture Depot",Nagaur,"Merta City","Trader K Nagaur",+919414004711,"Shop 165, Main Road, Merta City, Nagaur, Rajasthan","Water-Based Paints & Hardware",190
2351,"Vikas Gugali Trade Associates",Jhunjhunu,"Gugali Market","Trader L Jhunjhunu",+919414004713,"Shop 166, Main Road, Gugali Market, Jhunjhunu, Rajasthan","Water-Based Paints & Hardware",203
2352,"Shree Niwai Paints & Hardware Mart",Tonk,"Niwai Industrial Area","Trader M Tonk",+919414004715,"Shop 167, Main Road, Niwai Industrial Area, Tonk, Rajasthan","Water-Based Paints & Hardware",216
2353,"Jai Town Paint & Sanitary Store",Hanumangarh,"Town Main Bazaar","Trader N Hanumangarh",+919414004717,"Shop 168, Main Road, Town Main Bazaar, Hanumangarh, Rajasthan","Water-Based Paints & Hardware",229
2354,"New Bandikui Colors & Coatings Agency",Dausa,"Bandikui Mandi","Trader O Dausa",+919414004719,"Shop 169, Main Road, Bandikui Mandi, Dausa, Rajasthan","Water-Based Paints & Hardware",242
2355,"Royal Refinery Hardware & Building Materials",Barmer,"Refinery Site Corridor","Trader P Barmer",+919414004721,"Shop 170, Main Road, Refinery Site Corridor, Barmer, Rajasthan","Water-Based Paints & Hardware",255
2356,"Modern Malviya Wall Protect & Texture Depot",Jaipur,"Malviya Nagar","Trader Q Jaipur",+919414004723,"Shop 171, Main Road, Malviya Nagar, Jaipur, Rajasthan","Water-Based Paints & Hardware",268
2357,"Star Ratanada Trade Associates",Jodhpur,"Ratanada","Trader R Jodhpur",+919414004725,"Shop 172, Main Road, Ratanada, Jodhpur, Rajasthan","Water-Based Paints & Hardware",281
2358,"Classic Mahaveer Paints & Hardware Mart",Kota,"Mahaveer Nagar","Trader S Kota",+919414004727,"Shop 173, Main Road, Mahaveer Nagar, Kota, Rajasthan","Water-Based Paints & Hardware",294
2359,"National Nokha Paint & Sanitary Store",Bikaner,"Nokha Road","Trader T Bikaner",+919414004729,"Shop 174, Main Road, Nokha Road, Bikaner, Rajasthan","Water-Based Paints & Hardware",307
2360,"Ganesh Clock Colors & Coatings Agency",Ajmer,"Clock Tower Market","Trader U Ajmer",+919414004731,"Shop 175, Main Road, Clock Tower Market, Ajmer, Rajasthan","Water-Based Paints & Hardware",320
2361,"Maruti Mewar Hardware & Building Materials",Udaipur,"Mewar Industrial Area","Trader V Udaipur",+919414004733,"Shop 176, Main Road, Mewar Industrial Area, Udaipur, Rajasthan","Water-Based Paints & Hardware",333
2362,"Balaji Gandhi Wall Protect & Texture Depot",Bhilwara,"Gandhi Nagar","Trader W Bhilwara",+919414004735,"Shop 177, Main Road, Gandhi Nagar, Bhilwara, Rajasthan","Water-Based Paints & Hardware",346
2363,"Kalyan Tijara Trade Associates",Alwar,"Tijara Road","Trader X Alwar",+919414004737,"Shop 178, Main Road, Tijara Road, Alwar, Rajasthan","Water-Based Paints & Hardware",359
2364,"Krishna Station Paints & Hardware Mart",Sikar,"Station Road","Trader Y Sikar",+919414004739,"Shop 179, Main Road, Station Road, Sikar, Rajasthan","Water-Based Paints & Hardware",372
2365,"Vikas Suratgarh Paint & Sanitary Store",Sri Ganganagar,"Suratgarh Road","Trader Z Sri Ganganagar",+919414004741,"Shop 180, Main Road, Suratgarh Road, Sri Ganganagar, Rajasthan","Water-Based Paints & Hardware",385
2366,"Shree Kumher Colors & Coatings Agency",Bharatpur,"Kumher Gate","Trader A Bharatpur",+919414004743,"Shop 181, Main Road, Kumher Gate, Bharatpur, Rajasthan","Water-Based Paints & Hardware",398
2367,"Jai Sumerpur Hardware & Building Materials",Pali,"Sumerpur Road","Trader B Pali",+919414004745,"Shop 182, Main Road, Sumerpur Road, Pali, Rajasthan","Water-Based Paints & Hardware",411
2368,"New Collectorate Wall Protect & Texture Depot",Chittorgarh,"Collectorate Road","Trader C Chittorgarh",+919414004747,"Shop 183, Main Road, Collectorate Road, Chittorgarh, Rajasthan","Water-Based Paints & Hardware",424
2369,"Royal Gandhi Trade Associates",Nagaur,"Gandhi Chowk","Trader D Nagaur",+919414004749,"Shop 184, Main Road, Gandhi Chowk, Nagaur, Rajasthan","Water-Based Paints & Hardware",437
2370,"Modern Mandawa Paints & Hardware Mart",Jhunjhunu,"Mandawa Road","Trader E Jhunjhunu",+919414004751,"Shop 185, Main Road, Mandawa Road, Jhunjhunu, Rajasthan","Water-Based Paints & Hardware",50
2371,"Star Malpura Paint & Sanitary Store",Tonk,"Malpura Road","Trader F Tonk",+919414004753,"Shop 186, Main Road, Malpura Road, Tonk, Rajasthan","Water-Based Paints & Hardware",63
2372,"Classic Junction Colors & Coatings Agency",Hanumangarh,"Junction Market","Trader G Hanumangarh",+919414004755,"Shop 187, Main Road, Junction Market, Hanumangarh, Rajasthan","Water-Based Paints & Hardware",76
2373,"National Station Hardware & Building Materials",Dausa,"Station Road","Trader H Dausa",+919414004757,"Shop 188, Main Road, Station Road, Dausa, Rajasthan","Water-Based Paints & Hardware",89
2374,"Ganesh Sindhari Wall Protect & Texture Depot",Barmer,"Sindhari Road","Trader I Barmer",+919414004759,"Shop 189, Main Road, Sindhari Road, Barmer, Rajasthan","Water-Based Paints & Hardware",102
2375,"Maruti Transport Trade Associates",Jaipur,"Transport Nagar","Trader J Jaipur",+919414004761,"Shop 190, Main Road, Transport Nagar, Jaipur, Rajasthan","Water-Based Paints & Hardware",115
2376,"Balaji Mandore Paints & Hardware Mart",Jodhpur,"Mandore Road","Trader K Jodhpur",+919414004763,"Shop 191, Main Road, Mandore Road, Jodhpur, Rajasthan","Water-Based Paints & Hardware",128
2377,"Kalyan Borkhera Paint & Sanitary Store",Kota,"Borkhera","Trader L Kota",+919414004765,"Shop 192, Main Road, Borkhera, Kota, Rajasthan","Water-Based Paints & Hardware",141
2378,"Krishna Sadul Colors & Coatings Agency",Bikaner,"Sadul Colony","Trader M Bikaner",+919414004767,"Shop 193, Main Road, Sadul Colony, Bikaner, Rajasthan","Water-Based Paints & Hardware",154
2379,"Vikas Parbatpura Hardware & Building Materials",Ajmer,"Parbatpura Industrial Area","Trader N Ajmer",+919414004769,"Shop 194, Main Road, Parbatpura Industrial Area, Ajmer, Rajasthan","Water-Based Paints & Hardware",167
2380,"Shree Udaisagar Wall Protect & Texture Depot",Udaipur,"Udaisagar Road","Trader O Udaipur",+919414004771,"Shop 195, Main Road, Udaisagar Road, Udaipur, Rajasthan","Water-Based Paints & Hardware",180
2381,"Jai RIICO Trade Associates",Bhilwara,"RIICO Industrial Area","Trader P Bhilwara",+919414004773,"Shop 196, Main Road, RIICO Industrial Area, Bhilwara, Rajasthan","Water-Based Paints & Hardware",193
2382,"New MIA Paints & Hardware Mart",Alwar,"MIA Industrial Area","Trader Q Alwar",+919414004775,"Shop 197, Main Road, MIA Industrial Area, Alwar, Rajasthan","Water-Based Paints & Hardware",206
2383,"Royal Bajoria Paint & Sanitary Store",Sikar,"Bajoria Road","Trader R Sikar",+919414004777,"Shop 198, Main Road, Bajoria Road, Sikar, Rajasthan","Water-Based Paints & Hardware",219
2384,"Modern Padampur Colors & Coatings Agency",Sri Ganganagar,"Padampur Road","Trader S Sri Ganganagar",+919414004779,"Shop 199, Main Road, Padampur Road, Sri Ganganagar, Rajasthan","Water-Based Paints & Hardware",232
2385,"Star Anah Hardware & Building Materials",Bharatpur,"Anah Gate","Trader T Bharatpur",+919414004781,"Shop 200, Main Road, Anah Gate, Bharatpur, Rajasthan","Water-Based Paints & Hardware",245
2386,"Classic Somnath Wall Protect & Texture Depot",Pali,"Somnath Temple Market","Trader U Pali",+919414004783,"Shop 201, Main Road, Somnath Temple Market, Pali, Rajasthan","Water-Based Paints & Hardware",258
2387,"National Nimbahera Trade Associates",Chittorgarh,"Nimbahera Town","Trader V Chittorgarh",+919414004785,"Shop 202, Main Road, Nimbahera Town, Chittorgarh, Rajasthan","Water-Based Paints & Hardware",271
2388,"Ganesh Makrana Paints & Hardware Mart",Nagaur,"Makrana Marble Zone","Trader W Nagaur",+919414004787,"Shop 203, Main Road, Makrana Marble Zone, Nagaur, Rajasthan","Water-Based Paints & Hardware",284
2389,"Maruti Khetri Paint & Sanitary Store",Jhunjhunu,"Khetri Nagar","Trader X Jhunjhunu",+919414004789,"Shop 204, Main Road, Khetri Nagar, Jhunjhunu, Rajasthan","Water-Based Paints & Hardware",297
2390,"Balaji Civil Colors & Coatings Agency",Tonk,"Civil Lines","Trader Y Tonk",+919414004791,"Shop 205, Main Road, Civil Lines, Tonk, Rajasthan","Water-Based Paints & Hardware",310
2391,"Kalyan Rawatsar Hardware & Building Materials",Hanumangarh,"Rawatsar Road","Trader Z Hanumangarh",+919414004793,"Shop 206, Main Road, Rawatsar Road, Hanumangarh, Rajasthan","Water-Based Paints & Hardware",323
2392,"Krishna Lalsot Wall Protect & Texture Depot",Dausa,"Lalsot Road","Trader A Dausa",+919414004795,"Shop 207, Main Road, Lalsot Road, Dausa, Rajasthan","Water-Based Paints & Hardware",336
2393,"Vikas Balotra Trade Associates",Barmer,"Balotra Textile & Hardware Hub","Trader B Barmer",+919414004797,"Shop 208, Main Road, Balotra Textile & Hardware Hub, Barmer, Rajasthan","Water-Based Paints & Hardware",349
2394,"Shree Vaishali Paints & Hardware Mart",Jaipur,"Vaishali Nagar","Trader C Jaipur",+919414004799,"Shop 209, Main Road, Vaishali Nagar, Jaipur, Rajasthan","Water-Based Paints & Hardware",362
2395,"Jai Pal Paint & Sanitary Store",Jodhpur,"Pal Road","Trader D Jodhpur",+919414004801,"Shop 210, Main Road, Pal Road, Jodhpur, Rajasthan","Water-Based Paints & Hardware",375
2396,"New Indraprastha Colors & Coatings Agency",Kota,"Indraprastha Industrial Area","Trader E Kota",+919414004803,"Shop 211, Main Road, Indraprastha Industrial Area, Kota, Rajasthan","Water-Based Paints & Hardware",388
2397,"Royal Bichhwal Hardware & Building Materials",Bikaner,"Bichhwal Industrial Area","Trader F Bikaner",+919414004805,"Shop 212, Main Road, Bichhwal Industrial Area, Bikaner, Rajasthan","Water-Based Paints & Hardware",401
2398,"Modern Kishangarh Wall Protect & Texture Depot",Ajmer,"Kishangarh Marble Mandi","Trader G Ajmer",+919414004807,"Shop 213, Main Road, Kishangarh Marble Mandi, Ajmer, Rajasthan","Water-Based Paints & Hardware",414
2399,"Star Fatehpura Trade Associates",Udaipur,"Fatehpura","Trader H Udaipur",+919414004809,"Shop 214, Main Road, Fatehpura, Udaipur, Rajasthan","Water-Based Paints & Hardware",427
2400,"Classic Bhopalganj Paints & Hardware Mart",Bhilwara,"Bhopalganj","Trader I Bhilwara",+919414004811,"Shop 15, Main Road, Bhopalganj, Bhilwara, Rajasthan","Water-Based Paints & Hardware",40
2401,"National Manu Paint & Sanitary Store",Alwar,"Manu Marg","Trader J Alwar",+919414004813,"Shop 16, Main Road, Manu Marg, Alwar, Rajasthan","Water-Based Paints & Hardware",53
2402,"Ganesh Fatehpur Colors & Coatings Agency",Sikar,"Fatehpur Road","Trader K Sikar",+919414004815,"Shop 17, Main Road, Fatehpur Road, Sikar, Rajasthan","Water-Based Paints & Hardware",66
2403,"Maruti Gola Hardware & Building Materials",Sri Ganganagar,"Gola Market","Trader L Sri Ganganagar",+919414004817,"Shop 18, Main Road, Gola Market, Sri Ganganagar, Rajasthan","Water-Based Paints & Hardware",79
2404,"Balaji Circular Wall Protect & Texture Depot",Bharatpur,"Circular Road","Trader M Bharatpur",+919414004819,"Shop 19, Main Road, Circular Road, Bharatpur, Rajasthan","Water-Based Paints & Hardware",92
2405,"Kalyan Suraj Trade Associates",Pali,"Suraj Pole","Trader N Pali",+919414004821,"Shop 20, Main Road, Suraj Pole, Pali, Rajasthan","Water-Based Paints & Hardware",105
2406,"Krishna Fort Paints & Hardware Mart",Chittorgarh,"Fort Road","Trader O Chittorgarh",+919414004823,"Shop 21, Main Road, Fort Road, Chittorgarh, Rajasthan","Water-Based Paints & Hardware",118
2407,"Vikas Didwana Paint & Sanitary Store",Nagaur,"Didwana Road","Trader P Nagaur",+919414004825,"Shop 22, Main Road, Didwana Road, Nagaur, Rajasthan","Water-Based Paints & Hardware",131
2408,"Shree Chirawa Colors & Coatings Agency",Jhunjhunu,"Chirawa Road","Trader Q Jhunjhunu",+919414004827,"Shop 23, Main Road, Chirawa Road, Jhunjhunu, Rajasthan","Water-Based Paints & Hardware",144
2409,"Jai Subhash Hardware & Building Materials",Tonk,"Subhash Chowk","Trader R Tonk",+919414004829,"Shop 24, Main Road, Subhash Chowk, Tonk, Rajasthan","Water-Based Paints & Hardware",157
2410,"New Industrial Wall Protect & Texture Depot",Hanumangarh,"Industrial Area","Trader S Hanumangarh",+919414004831,"Shop 25, Main Road, Industrial Area, Hanumangarh, Rajasthan","Water-Based Paints & Hardware",170
2411,"Royal Agra Trade Associates",Dausa,"Agra Road","Trader T Dausa",+919414004833,"Shop 26, Main Road, Agra Road, Dausa, Rajasthan","Water-Based Paints & Hardware",183
2412,"Modern Station Paints & Hardware Mart",Barmer,"Station Road","Trader U Barmer",+919414004835,"Shop 27, Main Road, Station Road, Barmer, Rajasthan","Water-Based Paints & Hardware",196
2413,"Star Jhotwara Paint & Sanitary Store",Jaipur,"Jhotwara","Trader V Jaipur",+919414004837,"Shop 28, Main Road, Jhotwara, Jaipur, Rajasthan","Water-Based Paints & Hardware",209
2414,"Classic Shastri Colors & Coatings Agency",Jodhpur,"Shastri Nagar","Trader W Jodhpur",+919414004839,"Shop 29, Main Road, Shastri Nagar, Jodhpur, Rajasthan","Water-Based Paints & Hardware",222
2415,"National Gumanpura Hardware & Building Materials",Kota,"Gumanpura","Trader X Kota",+919414004841,"Shop 30, Main Road, Gumanpura, Kota, Rajasthan","Water-Based Paints & Hardware",235
2416,"Ganesh Rani Wall Protect & Texture Depot",Bikaner,"Rani Bazar Industrial Area","Trader Y Bikaner",+919414004843,"Shop 31, Main Road, Rani Bazar Industrial Area, Bikaner, Rajasthan","Water-Based Paints & Hardware",248
2417,"Maruti Beawar Trade Associates",Ajmer,"Beawar City","Trader Z Ajmer",+919414004845,"Shop 32, Main Road, Beawar City, Ajmer, Rajasthan","Water-Based Paints & Hardware",261
2418,"Balaji Sukher Paints & Hardware Mart",Udaipur,"Sukher Industrial Area","Trader A Udaipur",+919414004847,"Shop 33, Main Road, Sukher Industrial Area, Udaipur, Rajasthan","Water-Based Paints & Hardware",274
2419,"Kalyan Sanganer Paint & Sanitary Store",Bhilwara,"Sanganer Road","Trader B Bhilwara",+919414004849,"Shop 34, Main Road, Sanganer Road, Bhilwara, Rajasthan","Water-Based Paints & Hardware",287
2420,"Krishna Company Colors & Coatings Agency",Alwar,"Company Bagh","Trader C Alwar",+919414004851,"Shop 35, Main Road, Company Bagh, Alwar, Rajasthan","Water-Based Paints & Hardware",300
2421,"Vikas Piprali Hardware & Building Materials",Sikar,"Piprali Road","Trader D Sikar",+919414004853,"Shop 36, Main Road, Piprali Road, Sikar, Rajasthan","Water-Based Paints & Hardware",313
2422,"Shree Purani Wall Protect & Texture Depot",Sri Ganganagar,"Purani Abadi","Trader E Sri Ganganagar",+919414004855,"Shop 37, Main Road, Purani Abadi, Sri Ganganagar, Rajasthan","Water-Based Paints & Hardware",326
2423,"Jai Mathura Trade Associates",Bharatpur,"Mathura Road","Trader F Bharatpur",+919414004857,"Shop 38, Main Road, Mathura Road, Bharatpur, Rajasthan","Water-Based Paints & Hardware",339
2424,"New Mandia Paints & Hardware Mart",Pali,"Mandia Road Industrial Area","Trader G Pali",+919414004859,"Shop 39, Main Road, Mandia Road Industrial Area, Pali, Rajasthan","Water-Based Paints & Hardware",352
2425,"Royal Chanderiya Paint & Sanitary Store",Chittorgarh,"Chanderiya Industrial Area","Trader H Chittorgarh",+919414004861,"Shop 40, Main Road, Chanderiya Industrial Area, Chittorgarh, Rajasthan","Water-Based Paints & Hardware",365
2426,"Modern Kuchaman Colors & Coatings Agency",Nagaur,"Kuchaman City","Trader I Nagaur",+919414004863,"Shop 41, Main Road, Kuchaman City, Nagaur, Rajasthan","Water-Based Paints & Hardware",378
2427,"Star Peeru Hardware & Building Materials",Jhunjhunu,"Peeru Singh Circle","Trader J Jhunjhunu",+919414004865,"Shop 42, Main Road, Peeru Singh Circle, Jhunjhunu, Rajasthan","Water-Based Paints & Hardware",391
2428,"Classic Niwai Wall Protect & Texture Depot",Tonk,"Niwai Industrial Area","Trader K Tonk",+919414004867,"Shop 43, Main Road, Niwai Industrial Area, Tonk, Rajasthan","Water-Based Paints & Hardware",404
2429,"National Town Trade Associates",Hanumangarh,"Town Main Bazaar","Trader L Hanumangarh",+919414004869,"Shop 44, Main Road, Town Main Bazaar, Hanumangarh, Rajasthan","Water-Based Paints & Hardware",417
2430,"Ganesh Bandikui Paints & Hardware Mart",Dausa,"Bandikui Mandi","Trader M Dausa",+919414004871,"Shop 45, Main Road, Bandikui Mandi, Dausa, Rajasthan","Water-Based Paints & Hardware",430
2431,"Maruti Refinery Paint & Sanitary Store",Barmer,"Refinery Site Corridor","Trader N Barmer",+919414004873,"Shop 46, Main Road, Refinery Site Corridor, Barmer, Rajasthan","Water-Based Paints & Hardware",43
2432,"Balaji Sanganer Colors & Coatings Agency",Jaipur,"Sanganer Town","Trader O Jaipur",+919414004875,"Shop 47, Main Road, Sanganer Town, Jaipur, Rajasthan","Water-Based Paints & Hardware",56
2433,"Kalyan Boranada Hardware & Building Materials",Jodhpur,"Boranada SEZ","Trader P Jodhpur",+919414004877,"Shop 48, Main Road, Boranada SEZ, Jodhpur, Rajasthan","Water-Based Paints & Hardware",69
2434,"Krishna DCM Wall Protect & Texture Depot",Kota,"DCM Road","Trader Q Kota",+919414004879,"Shop 49, Main Road, DCM Road, Kota, Rajasthan","Water-Based Paints & Hardware",82
2435,"Vikas Kote Trade Associates",Bikaner,"Kote Gate","Trader R Bikaner",+919414004881,"Shop 50, Main Road, Kote Gate, Bikaner, Rajasthan","Water-Based Paints & Hardware",95
2436,"Shree Kutchery Paints & Hardware Mart",Ajmer,"Kutchery Road","Trader S Ajmer",+919414004883,"Shop 51, Main Road, Kutchery Road, Ajmer, Rajasthan","Water-Based Paints & Hardware",108
2437,"Jai Hiran Paint & Sanitary Store",Udaipur,"Hiran Magri","Trader T Udaipur",+919414004885,"Shop 52, Main Road, Hiran Magri, Udaipur, Rajasthan","Water-Based Paints & Hardware",121
2438,"New Pur Colors & Coatings Agency",Bhilwara,"Pur Road","Trader U Bhilwara",+919414004887,"Shop 53, Main Road, Pur Road, Bhilwara, Rajasthan","Water-Based Paints & Hardware",134
2439,"Royal Bhiwadi Hardware & Building Materials",Alwar,"Bhiwadi Industrial Zone","Trader V Alwar",+919414004889,"Shop 54, Main Road, Bhiwadi Industrial Zone, Alwar, Rajasthan","Water-Based Paints & Hardware",147
2440,"Modern Kotwali Wall Protect & Texture Depot",Sikar,"Kotwali Market","Trader W Sikar",+919414004891,"Shop 55, Main Road, Kotwali Market, Sikar, Rajasthan","Water-Based Paints & Hardware",160
2441,"Star Birbal Trade Associates",Sri Ganganagar,"Birbal Chowk","Trader X Sri Ganganagar",+919414004893,"Shop 56, Main Road, Birbal Chowk, Sri Ganganagar, Rajasthan","Water-Based Paints & Hardware",173
2442,"Classic Sewar Paints & Hardware Mart",Bharatpur,"Sewar Industrial Area","Trader Y Bharatpur",+919414004895,"Shop 57, Main Road, Sewar Industrial Area, Bharatpur, Rajasthan","Water-Based Paints & Hardware",186
2443,"National Sumerpur Paint & Sanitary Store",Pali,"Sumerpur Road","Trader Z Pali",+919414004897,"Shop 58, Main Road, Sumerpur Road, Pali, Rajasthan","Water-Based Paints & Hardware",199
2444,"Ganesh Collectorate Colors & Coatings Agency",Chittorgarh,"Collectorate Road","Trader A Chittorgarh",+919414004899,"Shop 59, Main Road, Collectorate Road, Chittorgarh, Rajasthan","Water-Based Paints & Hardware",212
2445,"Maruti Merta Hardware & Building Materials",Nagaur,"Merta City","Trader B Nagaur",+919414004901,"Shop 60, Main Road, Merta City, Nagaur, Rajasthan","Water-Based Paints & Hardware",225
2446,"Balaji Gugali Wall Protect & Texture Depot",Jhunjhunu,"Gugali Market","Trader C Jhunjhunu",+919414004903,"Shop 61, Main Road, Gugali Market, Jhunjhunu, Rajasthan","Water-Based Paints & Hardware",238
2447,"Kalyan Malpura Trade Associates",Tonk,"Malpura Road","Trader D Tonk",+919414004905,"Shop 62, Main Road, Malpura Road, Tonk, Rajasthan","Water-Based Paints & Hardware",251
2448,"Krishna Junction Paints & Hardware Mart",Hanumangarh,"Junction Market","Trader E Hanumangarh",+919414004907,"Shop 63, Main Road, Junction Market, Hanumangarh, Rajasthan","Water-Based Paints & Hardware",264
2449,"Vikas Station Paint & Sanitary Store",Dausa,"Station Road","Trader F Dausa",+919414004909,"Shop 64, Main Road, Station Road, Dausa, Rajasthan","Water-Based Paints & Hardware",277
2450,"Shree Sindhari Colors & Coatings Agency",Barmer,"Sindhari Road","Trader G Barmer",+919414004911,"Shop 65, Main Road, Sindhari Road, Barmer, Rajasthan","Water-Based Paints & Hardware",290
2451,"Jai VKI Hardware & Building Materials",Jaipur,"VKI Industrial Area","Trader H Jaipur",+919414004913,"Shop 66, Main Road, VKI Industrial Area, Jaipur, Rajasthan","Water-Based Paints & Hardware",303
2452,"New Sardarpura Wall Protect & Texture Depot",Jodhpur,"Sardarpura","Trader I Jodhpur",+919414004915,"Shop 67, Main Road, Sardarpura, Jodhpur, Rajasthan","Water-Based Paints & Hardware",316
2453,"Royal Rampura Trade Associates",Kota,"Rampura","Trader J Kota",+919414004917,"Shop 68, Main Road, Rampura, Kota, Rajasthan","Water-Based Paints & Hardware",329
2454,"Modern Nokha Paints & Hardware Mart",Bikaner,"Nokha Road","Trader K Bikaner",+919414004919,"Shop 69, Main Road, Nokha Road, Bikaner, Rajasthan","Water-Based Paints & Hardware",342
2455,"Star Madar Paint & Sanitary Store",Ajmer,"Madar Gate","Trader L Ajmer",+919414004921,"Shop 70, Main Road, Madar Gate, Ajmer, Rajasthan","Water-Based Paints & Hardware",355
2456,"Classic Bapu Colors & Coatings Agency",Udaipur,"Bapu Bazar","Trader M Udaipur",+919414004923,"Shop 71, Main Road, Bapu Bazar, Udaipur, Rajasthan","Water-Based Paints & Hardware",368
2457,"National Gandhi Hardware & Building Materials",Bhilwara,"Gandhi Nagar","Trader N Bhilwara",+919414004925,"Shop 72, Main Road, Gandhi Nagar, Bhilwara, Rajasthan","Water-Based Paints & Hardware",381
2458,"Ganesh Neemrana Wall Protect & Texture Depot",Alwar,"Neemrana Japanese Zone","Trader O Alwar",+919414004927,"Shop 73, Main Road, Neemrana Japanese Zone, Alwar, Rajasthan","Water-Based Paints & Hardware",394
2459,"Maruti Salasar Trade Associates",Sikar,"Salasar Bus Stand","Trader P Sikar",+919414004929,"Shop 74, Main Road, Salasar Bus Stand, Sikar, Rajasthan","Water-Based Paints & Hardware",407
2460,"Balaji Suratgarh Paints & Hardware Mart",Sri Ganganagar,"Suratgarh Road","Trader Q Sri Ganganagar",+919414004931,"Shop 75, Main Road, Suratgarh Road, Sri Ganganagar, Rajasthan","Water-Based Paints & Hardware",420
2461,"Kalyan Kumher Paint & Sanitary Store",Bharatpur,"Kumher Gate","Trader R Bharatpur",+919414004933,"Shop 76, Main Road, Kumher Gate, Bharatpur, Rajasthan","Water-Based Paints & Hardware",433
2462,"Krishna Somnath Colors & Coatings Agency",Pali,"Somnath Temple Market","Trader S Pali",+919414004935,"Shop 77, Main Road, Somnath Temple Market, Pali, Rajasthan","Water-Based Paints & Hardware",46
2463,"Vikas Nimbahera Hardware & Building Materials",Chittorgarh,"Nimbahera Town","Trader T Chittorgarh",+919414004937,"Shop 78, Main Road, Nimbahera Town, Chittorgarh, Rajasthan","Water-Based Paints & Hardware",59
2464,"Shree Gandhi Wall Protect & Texture Depot",Nagaur,"Gandhi Chowk","Trader U Nagaur",+919414004939,"Shop 79, Main Road, Gandhi Chowk, Nagaur, Rajasthan","Water-Based Paints & Hardware",72
2465,"Jai Mandawa Trade Associates",Jhunjhunu,"Mandawa Road","Trader V Jhunjhunu",+919414004941,"Shop 80, Main Road, Mandawa Road, Jhunjhunu, Rajasthan","Water-Based Paints & Hardware",85
2466,"New Civil Paints & Hardware Mart",Tonk,"Civil Lines","Trader W Tonk",+919414004943,"Shop 81, Main Road, Civil Lines, Tonk, Rajasthan","Water-Based Paints & Hardware",98
2467,"Royal Rawatsar Paint & Sanitary Store",Hanumangarh,"Rawatsar Road","Trader X Hanumangarh",+919414004945,"Shop 82, Main Road, Rawatsar Road, Hanumangarh, Rajasthan","Water-Based Paints & Hardware",111
2468,"Modern Lalsot Colors & Coatings Agency",Dausa,"Lalsot Road","Trader Y Dausa",+919414004947,"Shop 83, Main Road, Lalsot Road, Dausa, Rajasthan","Water-Based Paints & Hardware",124
2469,"Star Balotra Hardware & Building Materials",Barmer,"Balotra Textile & Hardware Hub","Trader Z Barmer",+919414004949,"Shop 84, Main Road, Balotra Textile & Hardware Hub, Barmer, Rajasthan","Water-Based Paints & Hardware",137
2470,"Classic Mansarovar Wall Protect & Texture Depot",Jaipur,"Mansarovar","Trader A Jaipur",+919414004951,"Shop 85, Main Road, Mansarovar, Jaipur, Rajasthan","Water-Based Paints & Hardware",150
2471,"National Basni Trade Associates",Jodhpur,"Basni Industrial Area","Trader B Jodhpur",+919414004953,"Shop 86, Main Road, Basni Industrial Area, Jodhpur, Rajasthan","Water-Based Paints & Hardware",163
2472,"Ganesh Vigyan Paints & Hardware Mart",Kota,"Vigyan Nagar","Trader C Kota",+919414004955,"Shop 87, Main Road, Vigyan Nagar, Kota, Rajasthan","Water-Based Paints & Hardware",176
2473,"Maruti Sadul Paint & Sanitary Store",Bikaner,"Sadul Colony","Trader D Bikaner",+919414004957,"Shop 88, Main Road, Sadul Colony, Bikaner, Rajasthan","Water-Based Paints & Hardware",189
2474,"Balaji Clock Colors & Coatings Agency",Ajmer,"Clock Tower Market","Trader E Ajmer",+919414004959,"Shop 89, Main Road, Clock Tower Market, Ajmer, Rajasthan","Water-Based Paints & Hardware",202
2475,"Kalyan Mewar Hardware & Building Materials",Udaipur,"Mewar Industrial Area","Trader F Udaipur",+919414004961,"Shop 90, Main Road, Mewar Industrial Area, Udaipur, Rajasthan","Water-Based Paints & Hardware",215
2476,"Krishna RIICO Wall Protect & Texture Depot",Bhilwara,"RIICO Industrial Area","Trader G Bhilwara",+919414004963,"Shop 91, Main Road, RIICO Industrial Area, Bhilwara, Rajasthan","Water-Based Paints & Hardware",228
2477,"Vikas Tijara Trade Associates",Alwar,"Tijara Road","Trader H Alwar",+919414004965,"Shop 92, Main Road, Tijara Road, Alwar, Rajasthan","Water-Based Paints & Hardware",241
2478,"Shree Station Paints & Hardware Mart",Sikar,"Station Road","Trader I Sikar",+919414004967,"Shop 93, Main Road, Station Road, Sikar, Rajasthan","Water-Based Paints & Hardware",254
2479,"Jai Padampur Paint & Sanitary Store",Sri Ganganagar,"Padampur Road","Trader J Sri Ganganagar",+919414004969,"Shop 94, Main Road, Padampur Road, Sri Ganganagar, Rajasthan","Water-Based Paints & Hardware",267
2480,"New Anah Colors & Coatings Agency",Bharatpur,"Anah Gate","Trader K Bharatpur",+919414004971,"Shop 95, Main Road, Anah Gate, Bharatpur, Rajasthan","Water-Based Paints & Hardware",280
2481,"Royal Suraj Hardware & Building Materials",Pali,"Suraj Pole","Trader L Pali",+919414004973,"Shop 96, Main Road, Suraj Pole, Pali, Rajasthan","Water-Based Paints & Hardware",293
2482,"Modern Fort Wall Protect & Texture Depot",Chittorgarh,"Fort Road","Trader M Chittorgarh",+919414004975,"Shop 97, Main Road, Fort Road, Chittorgarh, Rajasthan","Water-Based Paints & Hardware",306
2483,"Star Makrana Trade Associates",Nagaur,"Makrana Marble Zone","Trader N Nagaur",+919414004977,"Shop 98, Main Road, Makrana Marble Zone, Nagaur, Rajasthan","Water-Based Paints & Hardware",319
2484,"Classic Khetri Paints & Hardware Mart",Jhunjhunu,"Khetri Nagar","Trader O Jhunjhunu",+919414004979,"Shop 99, Main Road, Khetri Nagar, Jhunjhunu, Rajasthan","Water-Based Paints & Hardware",332
2485,"National Subhash Paint & Sanitary Store",Tonk,"Subhash Chowk","Trader P Tonk",+919414004981,"Shop 100, Main Road, Subhash Chowk, Tonk, Rajasthan","Water-Based Paints & Hardware",345
2486,"Ganesh Industrial Colors & Coatings Agency",Hanumangarh,"Industrial Area","Trader Q Hanumangarh",+919414004983,"Shop 101, Main Road, Industrial Area, Hanumangarh, Rajasthan","Water-Based Paints & Hardware",358
2487,"Maruti Agra Hardware & Building Materials",Dausa,"Agra Road","Trader R Dausa",+919414004985,"Shop 102, Main Road, Agra Road, Dausa, Rajasthan","Water-Based Paints & Hardware",371
2488,"Balaji Station Wall Protect & Texture Depot",Barmer,"Station Road","Trader S Barmer",+919414004987,"Shop 103, Main Road, Station Road, Barmer, Rajasthan","Water-Based Paints & Hardware",384
2489,"Kalyan Tonk Trade Associates",Jaipur,"Tonk Road","Trader T Jaipur",+919414004989,"Shop 104, Main Road, Tonk Road, Jaipur, Rajasthan","Water-Based Paints & Hardware",397
2490,"Krishna Ratanada Paints & Hardware Mart",Jodhpur,"Ratanada","Trader U Jodhpur",+919414004991,"Shop 105, Main Road, Ratanada, Jodhpur, Rajasthan","Water-Based Paints & Hardware",410
2491,"Vikas Mahaveer Paint & Sanitary Store",Kota,"Mahaveer Nagar","Trader V Kota",+919414004993,"Shop 106, Main Road, Mahaveer Nagar, Kota, Rajasthan","Water-Based Paints & Hardware",423
2492,"Shree Bichhwal Colors & Coatings Agency",Bikaner,"Bichhwal Industrial Area","Trader W Bikaner",+919414004995,"Shop 107, Main Road, Bichhwal Industrial Area, Bikaner, Rajasthan","Water-Based Paints & Hardware",436
2493,"Jai Parbatpura Hardware & Building Materials",Ajmer,"Parbatpura Industrial Area","Trader X Ajmer",+919414004997,"Shop 108, Main Road, Parbatpura Industrial Area, Ajmer, Rajasthan","Water-Based Paints & Hardware",49
2494,"New Udaisagar Wall Protect & Texture Depot",Udaipur,"Udaisagar Road","Trader Y Udaipur",+919414004999,"Shop 109, Main Road, Udaisagar Road, Udaipur, Rajasthan","Water-Based Paints & Hardware",62
2495,"Royal Bhopalganj Trade Associates",Bhilwara,"Bhopalganj","Trader Z Bhilwara",+919414005001,"Shop 110, Main Road, Bhopalganj, Bhilwara, Rajasthan","Water-Based Paints & Hardware",75
2496,"Modern MIA Paints & Hardware Mart",Alwar,"MIA Industrial Area","Trader A Alwar",+919414005003,"Shop 111, Main Road, MIA Industrial Area, Alwar, Rajasthan","Water-Based Paints & Hardware",88
2497,"Star Bajoria Paint & Sanitary Store",Sikar,"Bajoria Road","Trader B Sikar",+919414005005,"Shop 112, Main Road, Bajoria Road, Sikar, Rajasthan","Water-Based Paints & Hardware",101
2498,"Classic Gola Colors & Coatings Agency",Sri Ganganagar,"Gola Market","Trader C Sri Ganganagar",+919414005007,"Shop 113, Main Road, Gola Market, Sri Ganganagar, Rajasthan","Water-Based Paints & Hardware",114
2499,"National Circular Hardware & Building Materials",Bharatpur,"Circular Road","Trader D Bharatpur",+919414005009,"Shop 114, Main Road, Circular Road, Bharatpur, Rajasthan","Water-Based Paints & Hardware",127
2500,"Ganesh Mandia Wall Protect & Texture Depot",Pali,"Mandia Road Industrial Area","Trader E Pali",+919414005011,"Shop 115, Main Road, Mandia Road Industrial Area, Pali, Rajasthan","Water-Based Paints & Hardware",140
2501,"Maruti Chanderiya Trade Associates",Chittorgarh,"Chanderiya Industrial Area","Trader F Chittorgarh",+919414005013,"Shop 116, Main Road, Chanderiya Industrial Area, Chittorgarh, Rajasthan","Water-Based Paints & Hardware",153
2502,"Balaji Didwana Paints & Hardware Mart",Nagaur,"Didwana Road","Trader G Nagaur",+919414005015,"Shop 117, Main Road, Didwana Road, Nagaur, Rajasthan","Water-Based Paints & Hardware",166
2503,"Kalyan Chirawa Paint & Sanitary Store",Jhunjhunu,"Chirawa Road","Trader H Jhunjhunu",+919414005017,"Shop 118, Main Road, Chirawa Road, Jhunjhunu, Rajasthan","Water-Based Paints & Hardware",179
2504,"Krishna Niwai Colors & Coatings Agency",Tonk,"Niwai Industrial Area","Trader I Tonk",+919414005019,"Shop 119, Main Road, Niwai Industrial Area, Tonk, Rajasthan","Water-Based Paints & Hardware",192
2505,"Vikas Town Hardware & Building Materials",Hanumangarh,"Town Main Bazaar","Trader J Hanumangarh",+919414005021,"Shop 120, Main Road, Town Main Bazaar, Hanumangarh, Rajasthan","Water-Based Paints & Hardware",205
2506,"Shree Bandikui Wall Protect & Texture Depot",Dausa,"Bandikui Mandi","Trader K Dausa",+919414005023,"Shop 121, Main Road, Bandikui Mandi, Dausa, Rajasthan","Water-Based Paints & Hardware",218
2507,"Jai Refinery Trade Associates",Barmer,"Refinery Site Corridor","Trader L Barmer",+919414005025,"Shop 122, Main Road, Refinery Site Corridor, Barmer, Rajasthan","Water-Based Paints & Hardware",231
2508,"New Amer Paints & Hardware Mart",Jaipur,"Amer Road","Trader M Jaipur",+919414005027,"Shop 123, Main Road, Amer Road, Jaipur, Rajasthan","Water-Based Paints & Hardware",244
2509,"Royal Mandore Paint & Sanitary Store",Jodhpur,"Mandore Road","Trader N Jodhpur",+919414005029,"Shop 124, Main Road, Mandore Road, Jodhpur, Rajasthan","Water-Based Paints & Hardware",257
2510,"Modern Borkhera Colors & Coatings Agency",Kota,"Borkhera","Trader O Kota",+919414005031,"Shop 125, Main Road, Borkhera, Kota, Rajasthan","Water-Based Paints & Hardware",270
2511,"Star Rani Hardware & Building Materials",Bikaner,"Rani Bazar Industrial Area","Trader P Bikaner",+919414005033,"Shop 126, Main Road, Rani Bazar Industrial Area, Bikaner, Rajasthan","Water-Based Paints & Hardware",283
2512,"Classic Kishangarh Wall Protect & Texture Depot",Ajmer,"Kishangarh Marble Mandi","Trader Q Ajmer",+919414005035,"Shop 127, Main Road, Kishangarh Marble Mandi, Ajmer, Rajasthan","Water-Based Paints & Hardware",296
2513,"National Fatehpura Trade Associates",Udaipur,"Fatehpura","Trader R Udaipur",+919414005037,"Shop 128, Main Road, Fatehpura, Udaipur, Rajasthan","Water-Based Paints & Hardware",309
2514,"Ganesh Sanganer Paints & Hardware Mart",Bhilwara,"Sanganer Road","Trader S Bhilwara",+919414005039,"Shop 129, Main Road, Sanganer Road, Bhilwara, Rajasthan","Water-Based Paints & Hardware",322
2515,"Maruti Manu Paint & Sanitary Store",Alwar,"Manu Marg","Trader T Alwar",+919414005041,"Shop 130, Main Road, Manu Marg, Alwar, Rajasthan","Water-Based Paints & Hardware",335
2516,"Balaji Fatehpur Colors & Coatings Agency",Sikar,"Fatehpur Road","Trader U Sikar",+919414005043,"Shop 131, Main Road, Fatehpur Road, Sikar, Rajasthan","Water-Based Paints & Hardware",348
2517,"Kalyan Purani Hardware & Building Materials",Sri Ganganagar,"Purani Abadi","Trader V Sri Ganganagar",+919414005045,"Shop 132, Main Road, Purani Abadi, Sri Ganganagar, Rajasthan","Water-Based Paints & Hardware",361
2518,"Krishna Mathura Wall Protect & Texture Depot",Bharatpur,"Mathura Road","Trader W Bharatpur",+919414005047,"Shop 133, Main Road, Mathura Road, Bharatpur, Rajasthan","Water-Based Paints & Hardware",374
2519,"Vikas Sumerpur Trade Associates",Pali,"Sumerpur Road","Trader X Pali",+919414005049,"Shop 134, Main Road, Sumerpur Road, Pali, Rajasthan","Water-Based Paints & Hardware",387
2520,"Shree Collectorate Paints & Hardware Mart",Chittorgarh,"Collectorate Road","Trader Y Chittorgarh",+919414005051,"Shop 135, Main Road, Collectorate Road, Chittorgarh, Rajasthan","Water-Based Paints & Hardware",400
2521,"Jai Kuchaman Paint & Sanitary Store",Nagaur,"Kuchaman City","Trader Z Nagaur",+919414005053,"Shop 136, Main Road, Kuchaman City, Nagaur, Rajasthan","Water-Based Paints & Hardware",413
2522,"New Peeru Colors & Coatings Agency",Jhunjhunu,"Peeru Singh Circle","Trader A Jhunjhunu",+919414005055,"Shop 137, Main Road, Peeru Singh Circle, Jhunjhunu, Rajasthan","Water-Based Paints & Hardware",426
2523,"Royal Malpura Hardware & Building Materials",Tonk,"Malpura Road","Trader B Tonk",+919414005057,"Shop 138, Main Road, Malpura Road, Tonk, Rajasthan","Water-Based Paints & Hardware",439
2524,"Modern Junction Wall Protect & Texture Depot",Hanumangarh,"Junction Market","Trader C Hanumangarh",+919414005059,"Shop 139, Main Road, Junction Market, Hanumangarh, Rajasthan","Water-Based Paints & Hardware",52
2525,"Star Station Trade Associates",Dausa,"Station Road","Trader D Dausa",+919414005061,"Shop 140, Main Road, Station Road, Dausa, Rajasthan","Water-Based Paints & Hardware",65
2526,"Classic Sindhari Paints & Hardware Mart",Barmer,"Sindhari Road","Trader E Barmer",+919414005063,"Shop 141, Main Road, Sindhari Road, Barmer, Rajasthan","Water-Based Paints & Hardware",78
2527,"National Chomu Paint & Sanitary Store",Jaipur,"Chomu","Trader F Jaipur",+919414005065,"Shop 142, Main Road, Chomu, Jaipur, Rajasthan","Water-Based Paints & Hardware",91
2528,"Ganesh Pal Colors & Coatings Agency",Jodhpur,"Pal Road","Trader G Jodhpur",+919414005067,"Shop 143, Main Road, Pal Road, Jodhpur, Rajasthan","Water-Based Paints & Hardware",104
2529,"Maruti Indraprastha Hardware & Building Materials",Kota,"Indraprastha Industrial Area","Trader H Kota",+919414005069,"Shop 144, Main Road, Indraprastha Industrial Area, Kota, Rajasthan","Water-Based Paints & Hardware",117
2530,"Balaji Kote Wall Protect & Texture Depot",Bikaner,"Kote Gate","Trader I Bikaner",+919414005071,"Shop 145, Main Road, Kote Gate, Bikaner, Rajasthan","Water-Based Paints & Hardware",130
2531,"Kalyan Beawar Trade Associates",Ajmer,"Beawar City","Trader J Ajmer",+919414005073,"Shop 146, Main Road, Beawar City, Ajmer, Rajasthan","Water-Based Paints & Hardware",143
2532,"Krishna Sukher Paints & Hardware Mart",Udaipur,"Sukher Industrial Area","Trader K Udaipur",+919414005075,"Shop 147, Main Road, Sukher Industrial Area, Udaipur, Rajasthan","Water-Based Paints & Hardware",156
2533,"Vikas Pur Paint & Sanitary Store",Bhilwara,"Pur Road","Trader L Bhilwara",+919414005077,"Shop 148, Main Road, Pur Road, Bhilwara, Rajasthan","Water-Based Paints & Hardware",169
2534,"Shree Company Colors & Coatings Agency",Alwar,"Company Bagh","Trader M Alwar",+919414005079,"Shop 149, Main Road, Company Bagh, Alwar, Rajasthan","Water-Based Paints & Hardware",182
2535,"Jai Piprali Hardware & Building Materials",Sikar,"Piprali Road","Trader N Sikar",+919414005081,"Shop 150, Main Road, Piprali Road, Sikar, Rajasthan","Water-Based Paints & Hardware",195
2536,"New Birbal Wall Protect & Texture Depot",Sri Ganganagar,"Birbal Chowk","Trader O Sri Ganganagar",+919414005083,"Shop 151, Main Road, Birbal Chowk, Sri Ganganagar, Rajasthan","Water-Based Paints & Hardware",208
2537,"Royal Sewar Trade Associates",Bharatpur,"Sewar Industrial Area","Trader P Bharatpur",+919414005085,"Shop 152, Main Road, Sewar Industrial Area, Bharatpur, Rajasthan","Water-Based Paints & Hardware",221
2538,"Modern Somnath Paints & Hardware Mart",Pali,"Somnath Temple Market","Trader Q Pali",+919414005087,"Shop 153, Main Road, Somnath Temple Market, Pali, Rajasthan","Water-Based Paints & Hardware",234
2539,"Star Nimbahera Paint & Sanitary Store",Chittorgarh,"Nimbahera Town","Trader R Chittorgarh",+919414005089,"Shop 154, Main Road, Nimbahera Town, Chittorgarh, Rajasthan","Water-Based Paints & Hardware",247
2540,"Classic Merta Colors & Coatings Agency",Nagaur,"Merta City","Trader S Nagaur",+919414005091,"Shop 155, Main Road, Merta City, Nagaur, Rajasthan","Water-Based Paints & Hardware",260
2541,"National Gugali Hardware & Building Materials",Jhunjhunu,"Gugali Market","Trader T Jhunjhunu",+919414005093,"Shop 156, Main Road, Gugali Market, Jhunjhunu, Rajasthan","Water-Based Paints & Hardware",273
2542,"Ganesh Civil Wall Protect & Texture Depot",Tonk,"Civil Lines","Trader U Tonk",+919414005095,"Shop 157, Main Road, Civil Lines, Tonk, Rajasthan","Water-Based Paints & Hardware",286
2543,"Maruti Rawatsar Trade Associates",Hanumangarh,"Rawatsar Road","Trader V Hanumangarh",+919414005097,"Shop 158, Main Road, Rawatsar Road, Hanumangarh, Rajasthan","Water-Based Paints & Hardware",299
2544,"Balaji Lalsot Paints & Hardware Mart",Dausa,"Lalsot Road","Trader W Dausa",+919414005099,"Shop 159, Main Road, Lalsot Road, Dausa, Rajasthan","Water-Based Paints & Hardware",312
2545,"Kalyan Balotra Paint & Sanitary Store",Barmer,"Balotra Textile & Hardware Hub","Trader X Barmer",+919414005101,"Shop 160, Main Road, Balotra Textile & Hardware Hub, Barmer, Rajasthan","Water-Based Paints & Hardware",325
2546,"Krishna Malviya Colors & Coatings Agency",Jaipur,"Malviya Nagar","Trader Y Jaipur",+919414005103,"Shop 161, Main Road, Malviya Nagar, Jaipur, Rajasthan","Water-Based Paints & Hardware",338
2547,"Vikas Shastri Hardware & Building Materials",Jodhpur,"Shastri Nagar","Trader Z Jodhpur",+919414005105,"Shop 162, Main Road, Shastri Nagar, Jodhpur, Rajasthan","Water-Based Paints & Hardware",351
2548,"Shree Gumanpura Wall Protect & Texture Depot",Kota,"Gumanpura","Trader A Kota",+919414005107,"Shop 163, Main Road, Gumanpura, Kota, Rajasthan","Water-Based Paints & Hardware",364
2549,"Jai Nokha Trade Associates",Bikaner,"Nokha Road","Trader B Bikaner",+919414005109,"Shop 164, Main Road, Nokha Road, Bikaner, Rajasthan","Water-Based Paints & Hardware",377
2550,"New Kutchery Paints & Hardware Mart",Ajmer,"Kutchery Road","Trader C Ajmer",+919414005111,"Shop 165, Main Road, Kutchery Road, Ajmer, Rajasthan","Water-Based Paints & Hardware",390
2551,"Royal Hiran Paint & Sanitary Store",Udaipur,"Hiran Magri","Trader D Udaipur",+919414005113,"Shop 166, Main Road, Hiran Magri, Udaipur, Rajasthan","Water-Based Paints & Hardware",403
2552,"Modern Gandhi Colors & Coatings Agency",Bhilwara,"Gandhi Nagar","Trader E Bhilwara",+919414005115,"Shop 167, Main Road, Gandhi Nagar, Bhilwara, Rajasthan","Water-Based Paints & Hardware",416
2553,"Star Bhiwadi Hardware & Building Materials",Alwar,"Bhiwadi Industrial Zone","Trader F Alwar",+919414005117,"Shop 168, Main Road, Bhiwadi Industrial Zone, Alwar, Rajasthan","Water-Based Paints & Hardware",429
2554,"Classic Kotwali Wall Protect & Texture Depot",Sikar,"Kotwali Market","Trader G Sikar",+919414005119,"Shop 169, Main Road, Kotwali Market, Sikar, Rajasthan","Water-Based Paints & Hardware",42
2555,"National Suratgarh Trade Associates",Sri Ganganagar,"Suratgarh Road","Trader H Sri Ganganagar",+919414005121,"Shop 170, Main Road, Suratgarh Road, Sri Ganganagar, Rajasthan","Water-Based Paints & Hardware",55
2556,"Ganesh Kumher Paints & Hardware Mart",Bharatpur,"Kumher Gate","Trader I Bharatpur",+919414005123,"Shop 171, Main Road, Kumher Gate, Bharatpur, Rajasthan","Water-Based Paints & Hardware",68
2557,"Maruti Suraj Paint & Sanitary Store",Pali,"Suraj Pole","Trader J Pali",+919414005125,"Shop 172, Main Road, Suraj Pole, Pali, Rajasthan","Water-Based Paints & Hardware",81
2558,"Balaji Fort Colors & Coatings Agency",Chittorgarh,"Fort Road","Trader K Chittorgarh",+919414005127,"Shop 173, Main Road, Fort Road, Chittorgarh, Rajasthan","Water-Based Paints & Hardware",94
2559,"Kalyan Gandhi Hardware & Building Materials",Nagaur,"Gandhi Chowk","Trader L Nagaur",+919414005129,"Shop 174, Main Road, Gandhi Chowk, Nagaur, Rajasthan","Water-Based Paints & Hardware",107
2560,"Krishna Mandawa Wall Protect & Texture Depot",Jhunjhunu,"Mandawa Road","Trader M Jhunjhunu",+919414005131,"Shop 175, Main Road, Mandawa Road, Jhunjhunu, Rajasthan","Water-Based Paints & Hardware",120
2561,"Vikas Subhash Trade Associates",Tonk,"Subhash Chowk","Trader N Tonk",+919414005133,"Shop 176, Main Road, Subhash Chowk, Tonk, Rajasthan","Water-Based Paints & Hardware",133
2562,"Shree Industrial Paints & Hardware Mart",Hanumangarh,"Industrial Area","Trader O Hanumangarh",+919414005135,"Shop 177, Main Road, Industrial Area, Hanumangarh, Rajasthan","Water-Based Paints & Hardware",146
2563,"Jai Agra Paint & Sanitary Store",Dausa,"Agra Road","Trader P Dausa",+919414005137,"Shop 178, Main Road, Agra Road, Dausa, Rajasthan","Water-Based Paints & Hardware",159
2564,"New Station Colors & Coatings Agency",Barmer,"Station Road","Trader Q Barmer",+919414005139,"Shop 179, Main Road, Station Road, Barmer, Rajasthan","Water-Based Paints & Hardware",172
2565,"Royal Transport Hardware & Building Materials",Jaipur,"Transport Nagar","Trader R Jaipur",+919414005141,"Shop 180, Main Road, Transport Nagar, Jaipur, Rajasthan","Water-Based Paints & Hardware",185
2566,"Modern Boranada Wall Protect & Texture Depot",Jodhpur,"Boranada SEZ","Trader S Jodhpur",+919414005143,"Shop 181, Main Road, Boranada SEZ, Jodhpur, Rajasthan","Water-Based Paints & Hardware",198
2567,"Star DCM Trade Associates",Kota,"DCM Road","Trader T Kota",+919414005145,"Shop 182, Main Road, DCM Road, Kota, Rajasthan","Water-Based Paints & Hardware",211
2568,"Classic Sadul Paints & Hardware Mart",Bikaner,"Sadul Colony","Trader U Bikaner",+919414005147,"Shop 183, Main Road, Sadul Colony, Bikaner, Rajasthan","Water-Based Paints & Hardware",224
2569,"National Madar Paint & Sanitary Store",Ajmer,"Madar Gate","Trader V Ajmer",+919414005149,"Shop 184, Main Road, Madar Gate, Ajmer, Rajasthan","Water-Based Paints & Hardware",237
2570,"Ganesh Bapu Colors & Coatings Agency",Udaipur,"Bapu Bazar","Trader W Udaipur",+919414005151,"Shop 185, Main Road, Bapu Bazar, Udaipur, Rajasthan","Water-Based Paints & Hardware",250
2571,"Maruti RIICO Hardware & Building Materials",Bhilwara,"RIICO Industrial Area","Trader X Bhilwara",+919414005153,"Shop 186, Main Road, RIICO Industrial Area, Bhilwara, Rajasthan","Water-Based Paints & Hardware",263
2572,"Balaji Neemrana Wall Protect & Texture Depot",Alwar,"Neemrana Japanese Zone","Trader Y Alwar",+919414005155,"Shop 187, Main Road, Neemrana Japanese Zone, Alwar, Rajasthan","Water-Based Paints & Hardware",276
2573,"Kalyan Salasar Trade Associates",Sikar,"Salasar Bus Stand","Trader Z Sikar",+919414005157,"Shop 188, Main Road, Salasar Bus Stand, Sikar, Rajasthan","Water-Based Paints & Hardware",289
2574,"Krishna Padampur Paints & Hardware Mart",Sri Ganganagar,"Padampur Road","Trader A Sri Ganganagar",+919414005159,"Shop 189, Main Road, Padampur Road, Sri Ganganagar, Rajasthan","Water-Based Paints & Hardware",302
2575,"Vikas Anah Paint & Sanitary Store",Bharatpur,"Anah Gate","Trader B Bharatpur",+919414005161,"Shop 190, Main Road, Anah Gate, Bharatpur, Rajasthan","Water-Based Paints & Hardware",315
2576,"Shree Mandia Colors & Coatings Agency",Pali,"Mandia Road Industrial Area","Trader C Pali",+919414005163,"Shop 191, Main Road, Mandia Road Industrial Area, Pali, Rajasthan","Water-Based Paints & Hardware",328
2577,"Jai Chanderiya Hardware & Building Materials",Chittorgarh,"Chanderiya Industrial Area","Trader D Chittorgarh",+919414005165,"Shop 192, Main Road, Chanderiya Industrial Area, Chittorgarh, Rajasthan","Water-Based Paints & Hardware",341
2578,"New Makrana Wall Protect & Texture Depot",Nagaur,"Makrana Marble Zone","Trader E Nagaur",+919414005167,"Shop 193, Main Road, Makrana Marble Zone, Nagaur, Rajasthan","Water-Based Paints & Hardware",354
2579,"Royal Khetri Trade Associates",Jhunjhunu,"Khetri Nagar","Trader F Jhunjhunu",+919414005169,"Shop 194, Main Road, Khetri Nagar, Jhunjhunu, Rajasthan","Water-Based Paints & Hardware",367
2580,"Modern Niwai Paints & Hardware Mart",Tonk,"Niwai Industrial Area","Trader G Tonk",+919414005171,"Shop 195, Main Road, Niwai Industrial Area, Tonk, Rajasthan","Water-Based Paints & Hardware",380
2581,"Star Town Paint & Sanitary Store",Hanumangarh,"Town Main Bazaar","Trader H Hanumangarh",+919414005173,"Shop 196, Main Road, Town Main Bazaar, Hanumangarh, Rajasthan","Water-Based Paints & Hardware",393
2582,"Classic Bandikui Colors & Coatings Agency",Dausa,"Bandikui Mandi","Trader I Dausa",+919414005175,"Shop 197, Main Road, Bandikui Mandi, Dausa, Rajasthan","Water-Based Paints & Hardware",406
2583,"National Refinery Hardware & Building Materials",Barmer,"Refinery Site Corridor","Trader J Barmer",+919414005177,"Shop 198, Main Road, Refinery Site Corridor, Barmer, Rajasthan","Water-Based Paints & Hardware",419
2584,"Ganesh Vaishali Wall Protect & Texture Depot",Jaipur,"Vaishali Nagar","Trader K Jaipur",+919414005179,"Shop 199, Main Road, Vaishali Nagar, Jaipur, Rajasthan","Water-Based Paints & Hardware",432
2585,"Maruti Sardarpura Trade Associates",Jodhpur,"Sardarpura","Trader L Jodhpur",+919414005181,"Shop 200, Main Road, Sardarpura, Jodhpur, Rajasthan","Water-Based Paints & Hardware",45
2586,"Balaji Rampura Paints & Hardware Mart",Kota,"Rampura","Trader M Kota",+919414005183,"Shop 201, Main Road, Rampura, Kota, Rajasthan","Water-Based Paints & Hardware",58
2587,"Kalyan Bichhwal Paint & Sanitary Store",Bikaner,"Bichhwal Industrial Area","Trader N Bikaner",+919414005185,"Shop 202, Main Road, Bichhwal Industrial Area, Bikaner, Rajasthan","Water-Based Paints & Hardware",71
2588,"Krishna Clock Colors & Coatings Agency",Ajmer,"Clock Tower Market","Trader O Ajmer",+919414005187,"Shop 203, Main Road, Clock Tower Market, Ajmer, Rajasthan","Water-Based Paints & Hardware",84
2589,"Vikas Mewar Hardware & Building Materials",Udaipur,"Mewar Industrial Area","Trader P Udaipur",+919414005189,"Shop 204, Main Road, Mewar Industrial Area, Udaipur, Rajasthan","Water-Based Paints & Hardware",97
2590,"Shree Bhopalganj Wall Protect & Texture Depot",Bhilwara,"Bhopalganj","Trader Q Bhilwara",+919414005191,"Shop 205, Main Road, Bhopalganj, Bhilwara, Rajasthan","Water-Based Paints & Hardware",110
2591,"Jai Tijara Trade Associates",Alwar,"Tijara Road","Trader R Alwar",+919414005193,"Shop 206, Main Road, Tijara Road, Alwar, Rajasthan","Water-Based Paints & Hardware",123
2592,"New Station Paints & Hardware Mart",Sikar,"Station Road","Trader S Sikar",+919414005195,"Shop 207, Main Road, Station Road, Sikar, Rajasthan","Water-Based Paints & Hardware",136
2593,"Royal Gola Paint & Sanitary Store",Sri Ganganagar,"Gola Market","Trader T Sri Ganganagar",+919414005197,"Shop 208, Main Road, Gola Market, Sri Ganganagar, Rajasthan","Water-Based Paints & Hardware",149
2594,"Modern Circular Colors & Coatings Agency",Bharatpur,"Circular Road","Trader U Bharatpur",+919414005199,"Shop 209, Main Road, Circular Road, Bharatpur, Rajasthan","Water-Based Paints & Hardware",162
2595,"Star Sumerpur Hardware & Building Materials",Pali,"Sumerpur Road","Trader V Pali",+919414005201,"Shop 210, Main Road, Sumerpur Road, Pali, Rajasthan","Water-Based Paints & Hardware",175
2596,"Classic Collectorate Wall Protect & Texture Depot",Chittorgarh,"Collectorate Road","Trader W Chittorgarh",+919414005203,"Shop 211, Main Road, Collectorate Road, Chittorgarh, Rajasthan","Water-Based Paints & Hardware",188
2597,"National Didwana Trade Associates",Nagaur,"Didwana Road","Trader X Nagaur",+919414005205,"Shop 212, Main Road, Didwana Road, Nagaur, Rajasthan","Water-Based Paints & Hardware",201
2598,"Ganesh Chirawa Paints & Hardware Mart",Jhunjhunu,"Chirawa Road","Trader Y Jhunjhunu",+919414005207,"Shop 213, Main Road, Chirawa Road, Jhunjhunu, Rajasthan","Water-Based Paints & Hardware",214
2599,"Maruti Malpura Paint & Sanitary Store",Tonk,"Malpura Road","Trader Z Tonk",+919414005209,"Shop 214, Main Road, Malpura Road, Tonk, Rajasthan","Water-Based Paints & Hardware",227
2600,"Balaji Junction Colors & Coatings Agency",Hanumangarh,"Junction Market","Trader A Hanumangarh",+919414005211,"Shop 15, Main Road, Junction Market, Hanumangarh, Rajasthan","Water-Based Paints & Hardware",240
2601,"Kalyan Station Hardware & Building Materials",Dausa,"Station Road","Trader B Dausa",+919414005213,"Shop 16, Main Road, Station Road, Dausa, Rajasthan","Water-Based Paints & Hardware",253
2602,"Krishna Sindhari Wall Protect & Texture Depot",Barmer,"Sindhari Road","Trader C Barmer",+919414005215,"Shop 17, Main Road, Sindhari Road, Barmer, Rajasthan","Water-Based Paints & Hardware",266
2603,"Vikas Jhotwara Trade Associates",Jaipur,"Jhotwara","Trader D Jaipur",+919414005217,"Shop 18, Main Road, Jhotwara, Jaipur, Rajasthan","Water-Based Paints & Hardware",279
2604,"Shree Basni Paints & Hardware Mart",Jodhpur,"Basni Industrial Area","Trader E Jodhpur",+919414005219,"Shop 19, Main Road, Basni Industrial Area, Jodhpur, Rajasthan","Water-Based Paints & Hardware",292
2605,"Jai Vigyan Paint & Sanitary Store",Kota,"Vigyan Nagar","Trader F Kota",+919414005221,"Shop 20, Main Road, Vigyan Nagar, Kota, Rajasthan","Water-Based Paints & Hardware",305
2606,"New Rani Colors & Coatings Agency",Bikaner,"Rani Bazar Industrial Area","Trader G Bikaner",+919414005223,"Shop 21, Main Road, Rani Bazar Industrial Area, Bikaner, Rajasthan","Water-Based Paints & Hardware",318
2607,"Royal Parbatpura Hardware & Building Materials",Ajmer,"Parbatpura Industrial Area","Trader H Ajmer",+919414005225,"Shop 22, Main Road, Parbatpura Industrial Area, Ajmer, Rajasthan","Water-Based Paints & Hardware",331
2608,"Modern Udaisagar Wall Protect & Texture Depot",Udaipur,"Udaisagar Road","Trader I Udaipur",+919414005227,"Shop 23, Main Road, Udaisagar Road, Udaipur, Rajasthan","Water-Based Paints & Hardware",344
2609,"Star Sanganer Trade Associates",Bhilwara,"Sanganer Road","Trader J Bhilwara",+919414005229,"Shop 24, Main Road, Sanganer Road, Bhilwara, Rajasthan","Water-Based Paints & Hardware",357
2610,"Classic MIA Paints & Hardware Mart",Alwar,"MIA Industrial Area","Trader K Alwar",+919414005231,"Shop 25, Main Road, MIA Industrial Area, Alwar, Rajasthan","Water-Based Paints & Hardware",370
2611,"National Bajoria Paint & Sanitary Store",Sikar,"Bajoria Road","Trader L Sikar",+919414005233,"Shop 26, Main Road, Bajoria Road, Sikar, Rajasthan","Water-Based Paints & Hardware",383
2612,"Ganesh Purani Colors & Coatings Agency",Sri Ganganagar,"Purani Abadi","Trader M Sri Ganganagar",+919414005235,"Shop 27, Main Road, Purani Abadi, Sri Ganganagar, Rajasthan","Water-Based Paints & Hardware",396
2613,"Maruti Mathura Hardware & Building Materials",Bharatpur,"Mathura Road","Trader N Bharatpur",+919414005237,"Shop 28, Main Road, Mathura Road, Bharatpur, Rajasthan","Water-Based Paints & Hardware",409
2614,"Balaji Somnath Wall Protect & Texture Depot",Pali,"Somnath Temple Market","Trader O Pali",+919414005239,"Shop 29, Main Road, Somnath Temple Market, Pali, Rajasthan","Water-Based Paints & Hardware",422
2615,"Kalyan Nimbahera Trade Associates",Chittorgarh,"Nimbahera Town","Trader P Chittorgarh",+919414005241,"Shop 30, Main Road, Nimbahera Town, Chittorgarh, Rajasthan","Water-Based Paints & Hardware",435
2616,"Krishna Kuchaman Paints & Hardware Mart",Nagaur,"Kuchaman City","Trader Q Nagaur",+919414005243,"Shop 31, Main Road, Kuchaman City, Nagaur, Rajasthan","Water-Based Paints & Hardware",48
2617,"Vikas Peeru Paint & Sanitary Store",Jhunjhunu,"Peeru Singh Circle","Trader R Jhunjhunu",+919414005245,"Shop 32, Main Road, Peeru Singh Circle, Jhunjhunu, Rajasthan","Water-Based Paints & Hardware",61
2618,"Shree Civil Colors & Coatings Agency",Tonk,"Civil Lines","Trader S Tonk",+919414005247,"Shop 33, Main Road, Civil Lines, Tonk, Rajasthan","Water-Based Paints & Hardware",74
2619,"Jai Rawatsar Hardware & Building Materials",Hanumangarh,"Rawatsar Road","Trader T Hanumangarh",+919414005249,"Shop 34, Main Road, Rawatsar Road, Hanumangarh, Rajasthan","Water-Based Paints & Hardware",87
2620,"New Lalsot Wall Protect & Texture Depot",Dausa,"Lalsot Road","Trader U Dausa",+919414005251,"Shop 35, Main Road, Lalsot Road, Dausa, Rajasthan","Water-Based Paints & Hardware",100
2621,"Royal Balotra Trade Associates",Barmer,"Balotra Textile & Hardware Hub","Trader V Barmer",+919414005253,"Shop 36, Main Road, Balotra Textile & Hardware Hub, Barmer, Rajasthan","Water-Based Paints & Hardware",113
2622,"Modern Sanganer Paints & Hardware Mart",Jaipur,"Sanganer Town","Trader W Jaipur",+919414005255,"Shop 37, Main Road, Sanganer Town, Jaipur, Rajasthan","Water-Based Paints & Hardware",126
2623,"Star Ratanada Paint & Sanitary Store",Jodhpur,"Ratanada","Trader X Jodhpur",+919414005257,"Shop 38, Main Road, Ratanada, Jodhpur, Rajasthan","Water-Based Paints & Hardware",139
2624,"Classic Mahaveer Colors & Coatings Agency",Kota,"Mahaveer Nagar","Trader Y Kota",+919414005259,"Shop 39, Main Road, Mahaveer Nagar, Kota, Rajasthan","Water-Based Paints & Hardware",152
2625,"National Kote Hardware & Building Materials",Bikaner,"Kote Gate","Trader Z Bikaner",+919414005261,"Shop 40, Main Road, Kote Gate, Bikaner, Rajasthan","Water-Based Paints & Hardware",165
2626,"Ganesh Kishangarh Wall Protect & Texture Depot",Ajmer,"Kishangarh Marble Mandi","Trader A Ajmer",+919414005263,"Shop 41, Main Road, Kishangarh Marble Mandi, Ajmer, Rajasthan","Water-Based Paints & Hardware",178
2627,"Maruti Fatehpura Trade Associates",Udaipur,"Fatehpura","Trader B Udaipur",+919414005265,"Shop 42, Main Road, Fatehpura, Udaipur, Rajasthan","Water-Based Paints & Hardware",191
2628,"Balaji Pur Paints & Hardware Mart",Bhilwara,"Pur Road","Trader C Bhilwara",+919414005267,"Shop 43, Main Road, Pur Road, Bhilwara, Rajasthan","Water-Based Paints & Hardware",204
2629,"Kalyan Manu Paint & Sanitary Store",Alwar,"Manu Marg","Trader D Alwar",+919414005269,"Shop 44, Main Road, Manu Marg, Alwar, Rajasthan","Water-Based Paints & Hardware",217
2630,"Krishna Fatehpur Colors & Coatings Agency",Sikar,"Fatehpur Road","Trader E Sikar",+919414005271,"Shop 45, Main Road, Fatehpur Road, Sikar, Rajasthan","Water-Based Paints & Hardware",230
2631,"Vikas Birbal Hardware & Building Materials",Sri Ganganagar,"Birbal Chowk","Trader F Sri Ganganagar",+919414005273,"Shop 46, Main Road, Birbal Chowk, Sri Ganganagar, Rajasthan","Water-Based Paints & Hardware",243
2632,"Shree Sewar Wall Protect & Texture Depot",Bharatpur,"Sewar Industrial Area","Trader G Bharatpur",+919414005275,"Shop 47, Main Road, Sewar Industrial Area, Bharatpur, Rajasthan","Water-Based Paints & Hardware",256
2633,"Jai Suraj Trade Associates",Pali,"Suraj Pole","Trader H Pali",+919414005277,"Shop 48, Main Road, Suraj Pole, Pali, Rajasthan","Water-Based Paints & Hardware",269
2634,"New Fort Paints & Hardware Mart",Chittorgarh,"Fort Road","Trader I Chittorgarh",+919414005279,"Shop 49, Main Road, Fort Road, Chittorgarh, Rajasthan","Water-Based Paints & Hardware",282
2635,"Royal Merta Paint & Sanitary Store",Nagaur,"Merta City","Trader J Nagaur",+919414005281,"Shop 50, Main Road, Merta City, Nagaur, Rajasthan","Water-Based Paints & Hardware",295
2636,"Modern Gugali Colors & Coatings Agency",Jhunjhunu,"Gugali Market","Trader K Jhunjhunu",+919414005283,"Shop 51, Main Road, Gugali Market, Jhunjhunu, Rajasthan","Water-Based Paints & Hardware",308
2637,"Star Subhash Hardware & Building Materials",Tonk,"Subhash Chowk","Trader L Tonk",+919414005285,"Shop 52, Main Road, Subhash Chowk, Tonk, Rajasthan","Water-Based Paints & Hardware",321
2638,"Classic Industrial Wall Protect & Texture Depot",Hanumangarh,"Industrial Area","Trader M Hanumangarh",+919414005287,"Shop 53, Main Road, Industrial Area, Hanumangarh, Rajasthan","Water-Based Paints & Hardware",334
2639,"National Agra Trade Associates",Dausa,"Agra Road","Trader N Dausa",+919414005289,"Shop 54, Main Road, Agra Road, Dausa, Rajasthan","Water-Based Paints & Hardware",347
2640,"Ganesh Station Paints & Hardware Mart",Barmer,"Station Road","Trader O Barmer",+919414005291,"Shop 55, Main Road, Station Road, Barmer, Rajasthan","Water-Based Paints & Hardware",360
2641,"Maruti VKI Paint & Sanitary Store",Jaipur,"VKI Industrial Area","Trader P Jaipur",+919414005293,"Shop 56, Main Road, VKI Industrial Area, Jaipur, Rajasthan","Water-Based Paints & Hardware",373
2642,"Balaji Mandore Colors & Coatings Agency",Jodhpur,"Mandore Road","Trader Q Jodhpur",+919414005295,"Shop 57, Main Road, Mandore Road, Jodhpur, Rajasthan","Water-Based Paints & Hardware",386
2643,"Kalyan Borkhera Hardware & Building Materials",Kota,"Borkhera","Trader R Kota",+919414005297,"Shop 58, Main Road, Borkhera, Kota, Rajasthan","Water-Based Paints & Hardware",399
2644,"Krishna Nokha Wall Protect & Texture Depot",Bikaner,"Nokha Road","Trader S Bikaner",+919414005299,"Shop 59, Main Road, Nokha Road, Bikaner, Rajasthan","Water-Based Paints & Hardware",412
2645,"Vikas Beawar Trade Associates",Ajmer,"Beawar City","Trader T Ajmer",+919414005301,"Shop 60, Main Road, Beawar City, Ajmer, Rajasthan","Water-Based Paints & Hardware",425
2646,"Shree Sukher Paints & Hardware Mart",Udaipur,"Sukher Industrial Area","Trader U Udaipur",+919414005303,"Shop 61, Main Road, Sukher Industrial Area, Udaipur, Rajasthan","Water-Based Paints & Hardware",438
2647,"Jai Gandhi Paint & Sanitary Store",Bhilwara,"Gandhi Nagar","Trader V Bhilwara",+919414005305,"Shop 62, Main Road, Gandhi Nagar, Bhilwara, Rajasthan","Water-Based Paints & Hardware",51
2648,"New Company Colors & Coatings Agency",Alwar,"Company Bagh","Trader W Alwar",+919414005307,"Shop 63, Main Road, Company Bagh, Alwar, Rajasthan","Water-Based Paints & Hardware",64
2649,"Royal Piprali Hardware & Building Materials",Sikar,"Piprali Road","Trader X Sikar",+919414005309,"Shop 64, Main Road, Piprali Road, Sikar, Rajasthan","Water-Based Paints & Hardware",77
2650,"Modern Suratgarh Wall Protect & Texture Depot",Sri Ganganagar,"Suratgarh Road","Trader Y Sri Ganganagar",+919414005311,"Shop 65, Main Road, Suratgarh Road, Sri Ganganagar, Rajasthan","Water-Based Paints & Hardware",90
2651,"Star Kumher Trade Associates",Bharatpur,"Kumher Gate","Trader Z Bharatpur",+919414005313,"Shop 66, Main Road, Kumher Gate, Bharatpur, Rajasthan","Water-Based Paints & Hardware",103
2652,"Classic Mandia Paints & Hardware Mart",Pali,"Mandia Road Industrial Area","Trader A Pali",+919414005315,"Shop 67, Main Road, Mandia Road Industrial Area, Pali, Rajasthan","Water-Based Paints & Hardware",116
2653,"National Chanderiya Paint & Sanitary Store",Chittorgarh,"Chanderiya Industrial Area","Trader B Chittorgarh",+919414005317,"Shop 68, Main Road, Chanderiya Industrial Area, Chittorgarh, Rajasthan","Water-Based Paints & Hardware",129
2654,"Ganesh Gandhi Colors & Coatings Agency",Nagaur,"Gandhi Chowk","Trader C Nagaur",+919414005319,"Shop 69, Main Road, Gandhi Chowk, Nagaur, Rajasthan","Water-Based Paints & Hardware",142
2655,"Maruti Mandawa Hardware & Building Materials",Jhunjhunu,"Mandawa Road","Trader D Jhunjhunu",+919414005321,"Shop 70, Main Road, Mandawa Road, Jhunjhunu, Rajasthan","Water-Based Paints & Hardware",155
2656,"Balaji Niwai Wall Protect & Texture Depot",Tonk,"Niwai Industrial Area","Trader E Tonk",+919414005323,"Shop 71, Main Road, Niwai Industrial Area, Tonk, Rajasthan","Water-Based Paints & Hardware",168
2657,"Kalyan Town Trade Associates",Hanumangarh,"Town Main Bazaar","Trader F Hanumangarh",+919414005325,"Shop 72, Main Road, Town Main Bazaar, Hanumangarh, Rajasthan","Water-Based Paints & Hardware",181
2658,"Krishna Bandikui Paints & Hardware Mart",Dausa,"Bandikui Mandi","Trader G Dausa",+919414005327,"Shop 73, Main Road, Bandikui Mandi, Dausa, Rajasthan","Water-Based Paints & Hardware",194
2659,"Vikas Refinery Paint & Sanitary Store",Barmer,"Refinery Site Corridor","Trader H Barmer",+919414005329,"Shop 74, Main Road, Refinery Site Corridor, Barmer, Rajasthan","Water-Based Paints & Hardware",207
2660,"Shree Mansarovar Colors & Coatings Agency",Jaipur,"Mansarovar","Trader I Jaipur",+919414005331,"Shop 75, Main Road, Mansarovar, Jaipur, Rajasthan","Water-Based Paints & Hardware",220
2661,"Jai Pal Hardware & Building Materials",Jodhpur,"Pal Road","Trader J Jodhpur",+919414005333,"Shop 76, Main Road, Pal Road, Jodhpur, Rajasthan","Water-Based Paints & Hardware",233
2662,"New Indraprastha Wall Protect & Texture Depot",Kota,"Indraprastha Industrial Area","Trader K Kota",+919414005335,"Shop 77, Main Road, Indraprastha Industrial Area, Kota, Rajasthan","Water-Based Paints & Hardware",246
2663,"Royal Sadul Trade Associates",Bikaner,"Sadul Colony","Trader L Bikaner",+919414005337,"Shop 78, Main Road, Sadul Colony, Bikaner, Rajasthan","Water-Based Paints & Hardware",259
2664,"Modern Kutchery Paints & Hardware Mart",Ajmer,"Kutchery Road","Trader M Ajmer",+919414005339,"Shop 79, Main Road, Kutchery Road, Ajmer, Rajasthan","Water-Based Paints & Hardware",272
2665,"Star Hiran Paint & Sanitary Store",Udaipur,"Hiran Magri","Trader N Udaipur",+919414005341,"Shop 80, Main Road, Hiran Magri, Udaipur, Rajasthan","Water-Based Paints & Hardware",285
2666,"Classic RIICO Colors & Coatings Agency",Bhilwara,"RIICO Industrial Area","Trader O Bhilwara",+919414005343,"Shop 81, Main Road, RIICO Industrial Area, Bhilwara, Rajasthan","Water-Based Paints & Hardware",298
2667,"National Bhiwadi Hardware & Building Materials",Alwar,"Bhiwadi Industrial Zone","Trader P Alwar",+919414005345,"Shop 82, Main Road, Bhiwadi Industrial Zone, Alwar, Rajasthan","Water-Based Paints & Hardware",311
2668,"Ganesh Kotwali Wall Protect & Texture Depot",Sikar,"Kotwali Market","Trader Q Sikar",+919414005347,"Shop 83, Main Road, Kotwali Market, Sikar, Rajasthan","Water-Based Paints & Hardware",324
2669,"Maruti Padampur Trade Associates",Sri Ganganagar,"Padampur Road","Trader R Sri Ganganagar",+919414005349,"Shop 84, Main Road, Padampur Road, Sri Ganganagar, Rajasthan","Water-Based Paints & Hardware",337
2670,"Balaji Anah Paints & Hardware Mart",Bharatpur,"Anah Gate","Trader S Bharatpur",+919414005351,"Shop 85, Main Road, Anah Gate, Bharatpur, Rajasthan","Water-Based Paints & Hardware",350
2671,"Kalyan Sumerpur Paint & Sanitary Store",Pali,"Sumerpur Road","Trader T Pali",+919414005353,"Shop 86, Main Road, Sumerpur Road, Pali, Rajasthan","Water-Based Paints & Hardware",363
2672,"Krishna Collectorate Colors & Coatings Agency",Chittorgarh,"Collectorate Road","Trader U Chittorgarh",+919414005355,"Shop 87, Main Road, Collectorate Road, Chittorgarh, Rajasthan","Water-Based Paints & Hardware",376
2673,"Vikas Makrana Hardware & Building Materials",Nagaur,"Makrana Marble Zone","Trader V Nagaur",+919414005357,"Shop 88, Main Road, Makrana Marble Zone, Nagaur, Rajasthan","Water-Based Paints & Hardware",389
2674,"Shree Khetri Wall Protect & Texture Depot",Jhunjhunu,"Khetri Nagar","Trader W Jhunjhunu",+919414005359,"Shop 89, Main Road, Khetri Nagar, Jhunjhunu, Rajasthan","Water-Based Paints & Hardware",402
2675,"Jai Malpura Trade Associates",Tonk,"Malpura Road","Trader X Tonk",+919414005361,"Shop 90, Main Road, Malpura Road, Tonk, Rajasthan","Water-Based Paints & Hardware",415
2676,"New Junction Paints & Hardware Mart",Hanumangarh,"Junction Market","Trader Y Hanumangarh",+919414005363,"Shop 91, Main Road, Junction Market, Hanumangarh, Rajasthan","Water-Based Paints & Hardware",428
2677,"Royal Station Paint & Sanitary Store",Dausa,"Station Road","Trader Z Dausa",+919414005365,"Shop 92, Main Road, Station Road, Dausa, Rajasthan","Water-Based Paints & Hardware",41
2678,"Modern Sindhari Colors & Coatings Agency",Barmer,"Sindhari Road","Trader A Barmer",+919414005367,"Shop 93, Main Road, Sindhari Road, Barmer, Rajasthan","Water-Based Paints & Hardware",54
2679,"Star Tonk Hardware & Building Materials",Jaipur,"Tonk Road","Trader B Jaipur",+919414005369,"Shop 94, Main Road, Tonk Road, Jaipur, Rajasthan","Water-Based Paints & Hardware",67
2680,"Classic Shastri Wall Protect & Texture Depot",Jodhpur,"Shastri Nagar","Trader C Jodhpur",+919414005371,"Shop 95, Main Road, Shastri Nagar, Jodhpur, Rajasthan","Water-Based Paints & Hardware",80
2681,"National Gumanpura Trade Associates",Kota,"Gumanpura","Trader D Kota",+919414005373,"Shop 96, Main Road, Gumanpura, Kota, Rajasthan","Water-Based Paints & Hardware",93
2682,"Ganesh Bichhwal Paints & Hardware Mart",Bikaner,"Bichhwal Industrial Area","Trader E Bikaner",+919414005375,"Shop 97, Main Road, Bichhwal Industrial Area, Bikaner, Rajasthan","Water-Based Paints & Hardware",106
2683,"Maruti Madar Paint & Sanitary Store",Ajmer,"Madar Gate","Trader F Ajmer",+919414005377,"Shop 98, Main Road, Madar Gate, Ajmer, Rajasthan","Water-Based Paints & Hardware",119
2684,"Balaji Bapu Colors & Coatings Agency",Udaipur,"Bapu Bazar","Trader G Udaipur",+919414005379,"Shop 99, Main Road, Bapu Bazar, Udaipur, Rajasthan","Water-Based Paints & Hardware",132
2685,"Kalyan Bhopalganj Hardware & Building Materials",Bhilwara,"Bhopalganj","Trader H Bhilwara",+919414005381,"Shop 100, Main Road, Bhopalganj, Bhilwara, Rajasthan","Water-Based Paints & Hardware",145
2686,"Krishna Neemrana Wall Protect & Texture Depot",Alwar,"Neemrana Japanese Zone","Trader I Alwar",+919414005383,"Shop 101, Main Road, Neemrana Japanese Zone, Alwar, Rajasthan","Water-Based Paints & Hardware",158
2687,"Vikas Salasar Trade Associates",Sikar,"Salasar Bus Stand","Trader J Sikar",+919414005385,"Shop 102, Main Road, Salasar Bus Stand, Sikar, Rajasthan","Water-Based Paints & Hardware",171
2688,"Shree Gola Paints & Hardware Mart",Sri Ganganagar,"Gola Market","Trader K Sri Ganganagar",+919414005387,"Shop 103, Main Road, Gola Market, Sri Ganganagar, Rajasthan","Water-Based Paints & Hardware",184
2689,"Jai Circular Paint & Sanitary Store",Bharatpur,"Circular Road","Trader L Bharatpur",+919414005389,"Shop 104, Main Road, Circular Road, Bharatpur, Rajasthan","Water-Based Paints & Hardware",197
2690,"New Somnath Colors & Coatings Agency",Pali,"Somnath Temple Market","Trader M Pali",+919414005391,"Shop 105, Main Road, Somnath Temple Market, Pali, Rajasthan","Water-Based Paints & Hardware",210
2691,"Royal Nimbahera Hardware & Building Materials",Chittorgarh,"Nimbahera Town","Trader N Chittorgarh",+919414005393,"Shop 106, Main Road, Nimbahera Town, Chittorgarh, Rajasthan","Water-Based Paints & Hardware",223
2692,"Modern Didwana Wall Protect & Texture Depot",Nagaur,"Didwana Road","Trader O Nagaur",+919414005395,"Shop 107, Main Road, Didwana Road, Nagaur, Rajasthan","Water-Based Paints & Hardware",236
2693,"Star Chirawa Trade Associates",Jhunjhunu,"Chirawa Road","Trader P Jhunjhunu",+919414005397,"Shop 108, Main Road, Chirawa Road, Jhunjhunu, Rajasthan","Water-Based Paints & Hardware",249
2694,"Classic Civil Paints & Hardware Mart",Tonk,"Civil Lines","Trader Q Tonk",+919414005399,"Shop 109, Main Road, Civil Lines, Tonk, Rajasthan","Water-Based Paints & Hardware",262
2695,"National Rawatsar Paint & Sanitary Store",Hanumangarh,"Rawatsar Road","Trader R Hanumangarh",+919414005401,"Shop 110, Main Road, Rawatsar Road, Hanumangarh, Rajasthan","Water-Based Paints & Hardware",275
2696,"Ganesh Lalsot Colors & Coatings Agency",Dausa,"Lalsot Road","Trader S Dausa",+919414005403,"Shop 111, Main Road, Lalsot Road, Dausa, Rajasthan","Water-Based Paints & Hardware",288
2697,"Maruti Balotra Hardware & Building Materials",Barmer,"Balotra Textile & Hardware Hub","Trader T Barmer",+919414005405,"Shop 112, Main Road, Balotra Textile & Hardware Hub, Barmer, Rajasthan","Water-Based Paints & Hardware",301
2698,"Balaji Amer Wall Protect & Texture Depot",Jaipur,"Amer Road","Trader U Jaipur",+919414005407,"Shop 113, Main Road, Amer Road, Jaipur, Rajasthan","Water-Based Paints & Hardware",314
2699,"Kalyan Boranada Trade Associates",Jodhpur,"Boranada SEZ","Trader V Jodhpur",+919414005409,"Shop 114, Main Road, Boranada SEZ, Jodhpur, Rajasthan","Water-Based Paints & Hardware",327
2700,"Krishna DCM Paints & Hardware Mart",Kota,"DCM Road","Trader W Kota",+919414005411,"Shop 115, Main Road, DCM Road, Kota, Rajasthan","Water-Based Paints & Hardware",340
2701,"Vikas Rani Paint & Sanitary Store",Bikaner,"Rani Bazar Industrial Area","Trader X Bikaner",+919414005413,"Shop 116, Main Road, Rani Bazar Industrial Area, Bikaner, Rajasthan","Water-Based Paints & Hardware",353
2702,"Shree Clock Colors & Coatings Agency",Ajmer,"Clock Tower Market","Trader Y Ajmer",+919414005415,"Shop 117, Main Road, Clock Tower Market, Ajmer, Rajasthan","Water-Based Paints & Hardware",366
2703,"Jai Mewar Hardware & Building Materials",Udaipur,"Mewar Industrial Area","Trader Z Udaipur",+919414005417,"Shop 118, Main Road, Mewar Industrial Area, Udaipur, Rajasthan","Water-Based Paints & Hardware",379
2704,"New Sanganer Wall Protect & Texture Depot",Bhilwara,"Sanganer Road","Trader A Bhilwara",+919414005419,"Shop 119, Main Road, Sanganer Road, Bhilwara, Rajasthan","Water-Based Paints & Hardware",392
2705,"Royal Tijara Trade Associates",Alwar,"Tijara Road","Trader B Alwar",+919414005421,"Shop 120, Main Road, Tijara Road, Alwar, Rajasthan","Water-Based Paints & Hardware",405
2706,"Modern Station Paints & Hardware Mart",Sikar,"Station Road","Trader C Sikar",+919414005423,"Shop 121, Main Road, Station Road, Sikar, Rajasthan","Water-Based Paints & Hardware",418
2707,"Star Purani Paint & Sanitary Store",Sri Ganganagar,"Purani Abadi","Trader D Sri Ganganagar",+919414005425,"Shop 122, Main Road, Purani Abadi, Sri Ganganagar, Rajasthan","Water-Based Paints & Hardware",431
2708,"Classic Mathura Colors & Coatings Agency",Bharatpur,"Mathura Road","Trader E Bharatpur",+919414005427,"Shop 123, Main Road, Mathura Road, Bharatpur, Rajasthan","Water-Based Paints & Hardware",44
2709,"National Suraj Hardware & Building Materials",Pali,"Suraj Pole","Trader F Pali",+919414005429,"Shop 124, Main Road, Suraj Pole, Pali, Rajasthan","Water-Based Paints & Hardware",57
2710,"Ganesh Fort Wall Protect & Texture Depot",Chittorgarh,"Fort Road","Trader G Chittorgarh",+919414005431,"Shop 125, Main Road, Fort Road, Chittorgarh, Rajasthan","Water-Based Paints & Hardware",70
2711,"Maruti Kuchaman Trade Associates",Nagaur,"Kuchaman City","Trader H Nagaur",+919414005433,"Shop 126, Main Road, Kuchaman City, Nagaur, Rajasthan","Water-Based Paints & Hardware",83
2712,"Balaji Peeru Paints & Hardware Mart",Jhunjhunu,"Peeru Singh Circle","Trader I Jhunjhunu",+919414005435,"Shop 127, Main Road, Peeru Singh Circle, Jhunjhunu, Rajasthan","Water-Based Paints & Hardware",96
2713,"Kalyan Subhash Paint & Sanitary Store",Tonk,"Subhash Chowk","Trader J Tonk",+919414005437,"Shop 128, Main Road, Subhash Chowk, Tonk, Rajasthan","Water-Based Paints & Hardware",109
2714,"Krishna Industrial Colors & Coatings Agency",Hanumangarh,"Industrial Area","Trader K Hanumangarh",+919414005439,"Shop 129, Main Road, Industrial Area, Hanumangarh, Rajasthan","Water-Based Paints & Hardware",122
2715,"Vikas Agra Hardware & Building Materials",Dausa,"Agra Road","Trader L Dausa",+919414005441,"Shop 130, Main Road, Agra Road, Dausa, Rajasthan","Water-Based Paints & Hardware",135
2716,"Shree Station Wall Protect & Texture Depot",Barmer,"Station Road","Trader M Barmer",+919414005443,"Shop 131, Main Road, Station Road, Barmer, Rajasthan","Water-Based Paints & Hardware",148
2717,"Jai Chomu Trade Associates",Jaipur,"Chomu","Trader N Jaipur",+919414005445,"Shop 132, Main Road, Chomu, Jaipur, Rajasthan","Water-Based Paints & Hardware",161
2718,"New Sardarpura Paints & Hardware Mart",Jodhpur,"Sardarpura","Trader O Jodhpur",+919414005447,"Shop 133, Main Road, Sardarpura, Jodhpur, Rajasthan","Water-Based Paints & Hardware",174
2719,"Royal Rampura Paint & Sanitary Store",Kota,"Rampura","Trader P Kota",+919414005449,"Shop 134, Main Road, Rampura, Kota, Rajasthan","Water-Based Paints & Hardware",187
2720,"Modern Kote Colors & Coatings Agency",Bikaner,"Kote Gate","Trader Q Bikaner",+919414005451,"Shop 135, Main Road, Kote Gate, Bikaner, Rajasthan","Water-Based Paints & Hardware",200
2721,"Star Parbatpura Hardware & Building Materials",Ajmer,"Parbatpura Industrial Area","Trader R Ajmer",+919414005453,"Shop 136, Main Road, Parbatpura Industrial Area, Ajmer, Rajasthan","Water-Based Paints & Hardware",213
2722,"Classic Udaisagar Wall Protect & Texture Depot",Udaipur,"Udaisagar Road","Trader S Udaipur",+919414005455,"Shop 137, Main Road, Udaisagar Road, Udaipur, Rajasthan","Water-Based Paints & Hardware",226
2723,"National Pur Trade Associates",Bhilwara,"Pur Road","Trader T Bhilwara",+919414005457,"Shop 138, Main Road, Pur Road, Bhilwara, Rajasthan","Water-Based Paints & Hardware",239
2724,"Ganesh MIA Paints & Hardware Mart",Alwar,"MIA Industrial Area","Trader U Alwar",+919414005459,"Shop 139, Main Road, MIA Industrial Area, Alwar, Rajasthan","Water-Based Paints & Hardware",252
2725,"Maruti Bajoria Paint & Sanitary Store",Sikar,"Bajoria Road","Trader V Sikar",+919414005461,"Shop 140, Main Road, Bajoria Road, Sikar, Rajasthan","Water-Based Paints & Hardware",265
2726,"Balaji Birbal Colors & Coatings Agency",Sri Ganganagar,"Birbal Chowk","Trader W Sri Ganganagar",+919414005463,"Shop 141, Main Road, Birbal Chowk, Sri Ganganagar, Rajasthan","Water-Based Paints & Hardware",278
2727,"Kalyan Sewar Hardware & Building Materials",Bharatpur,"Sewar Industrial Area","Trader X Bharatpur",+919414005465,"Shop 142, Main Road, Sewar Industrial Area, Bharatpur, Rajasthan","Water-Based Paints & Hardware",291
2728,"Krishna Mandia Wall Protect & Texture Depot",Pali,"Mandia Road Industrial Area","Trader Y Pali",+919414005467,"Shop 143, Main Road, Mandia Road Industrial Area, Pali, Rajasthan","Water-Based Paints & Hardware",304
2729,"Vikas Chanderiya Trade Associates",Chittorgarh,"Chanderiya Industrial Area","Trader Z Chittorgarh",+919414005469,"Shop 144, Main Road, Chanderiya Industrial Area, Chittorgarh, Rajasthan","Water-Based Paints & Hardware",317
2730,"Shree Merta Paints & Hardware Mart",Nagaur,"Merta City","Trader A Nagaur",+919414005471,"Shop 145, Main Road, Merta City, Nagaur, Rajasthan","Water-Based Paints & Hardware",330
2731,"Jai Gugali Paint & Sanitary Store",Jhunjhunu,"Gugali Market","Trader B Jhunjhunu",+919414005473,"Shop 146, Main Road, Gugali Market, Jhunjhunu, Rajasthan","Water-Based Paints & Hardware",343
2732,"New Niwai Colors & Coatings Agency",Tonk,"Niwai Industrial Area","Trader C Tonk",+919414005475,"Shop 147, Main Road, Niwai Industrial Area, Tonk, Rajasthan","Water-Based Paints & Hardware",356
2733,"Royal Town Hardware & Building Materials",Hanumangarh,"Town Main Bazaar","Trader D Hanumangarh",+919414005477,"Shop 148, Main Road, Town Main Bazaar, Hanumangarh, Rajasthan","Water-Based Paints & Hardware",369
2734,"Modern Bandikui Wall Protect & Texture Depot",Dausa,"Bandikui Mandi","Trader E Dausa",+919414005479,"Shop 149, Main Road, Bandikui Mandi, Dausa, Rajasthan","Water-Based Paints & Hardware",382
2735,"Star Refinery Trade Associates",Barmer,"Refinery Site Corridor","Trader F Barmer",+919414005481,"Shop 150, Main Road, Refinery Site Corridor, Barmer, Rajasthan","Water-Based Paints & Hardware",395
2736,"Classic Malviya Paints & Hardware Mart",Jaipur,"Malviya Nagar","Trader G Jaipur",+919414005483,"Shop 151, Main Road, Malviya Nagar, Jaipur, Rajasthan","Water-Based Paints & Hardware",408
2737,"National Basni Paint & Sanitary Store",Jodhpur,"Basni Industrial Area","Trader H Jodhpur",+919414005485,"Shop 152, Main Road, Basni Industrial Area, Jodhpur, Rajasthan","Water-Based Paints & Hardware",421
2738,"Ganesh Vigyan Colors & Coatings Agency",Kota,"Vigyan Nagar","Trader I Kota",+919414005487,"Shop 153, Main Road, Vigyan Nagar, Kota, Rajasthan","Water-Based Paints & Hardware",434
2739,"Maruti Nokha Hardware & Building Materials",Bikaner,"Nokha Road","Trader J Bikaner",+919414005489,"Shop 154, Main Road, Nokha Road, Bikaner, Rajasthan","Water-Based Paints & Hardware",47
2740,"Balaji Kishangarh Wall Protect & Texture Depot",Ajmer,"Kishangarh Marble Mandi","Trader K Ajmer",+919414005491,"Shop 155, Main Road, Kishangarh Marble Mandi, Ajmer, Rajasthan","Water-Based Paints & Hardware",60
2741,"Kalyan Fatehpura Trade Associates",Udaipur,"Fatehpura","Trader L Udaipur",+919414005493,"Shop 156, Main Road, Fatehpura, Udaipur, Rajasthan","Water-Based Paints & Hardware",73
2742,"Krishna Gandhi Paints & Hardware Mart",Bhilwara,"Gandhi Nagar","Trader M Bhilwara",+919414005495,"Shop 157, Main Road, Gandhi Nagar, Bhilwara, Rajasthan","Water-Based Paints & Hardware",86
2743,"Vikas Manu Paint & Sanitary Store",Alwar,"Manu Marg","Trader N Alwar",+919414005497,"Shop 158, Main Road, Manu Marg, Alwar, Rajasthan","Water-Based Paints & Hardware",99
2744,"Shree Fatehpur Colors & Coatings Agency",Sikar,"Fatehpur Road","Trader O Sikar",+919414005499,"Shop 159, Main Road, Fatehpur Road, Sikar, Rajasthan","Water-Based Paints & Hardware",112
2745,"Jai Suratgarh Hardware & Building Materials",Sri Ganganagar,"Suratgarh Road","Trader P Sri Ganganagar",+919414005501,"Shop 160, Main Road, Suratgarh Road, Sri Ganganagar, Rajasthan","Water-Based Paints & Hardware",125
2746,"New Kumher Wall Protect & Texture Depot",Bharatpur,"Kumher Gate","Trader Q Bharatpur",+919414005503,"Shop 161, Main Road, Kumher Gate, Bharatpur, Rajasthan","Water-Based Paints & Hardware",138
2747,"Royal Sumerpur Trade Associates",Pali,"Sumerpur Road","Trader R Pali",+919414005505,"Shop 162, Main Road, Sumerpur Road, Pali, Rajasthan","Water-Based Paints & Hardware",151
2748,"Modern Collectorate Paints & Hardware Mart",Chittorgarh,"Collectorate Road","Trader S Chittorgarh",+919414005507,"Shop 163, Main Road, Collectorate Road, Chittorgarh, Rajasthan","Water-Based Paints & Hardware",164
2749,"Star Gandhi Paint & Sanitary Store",Nagaur,"Gandhi Chowk","Trader T Nagaur",+919414005509,"Shop 164, Main Road, Gandhi Chowk, Nagaur, Rajasthan","Water-Based Paints & Hardware",177
2750,"Classic Mandawa Colors & Coatings Agency",Jhunjhunu,"Mandawa Road","Trader U Jhunjhunu",+919414005511,"Shop 165, Main Road, Mandawa Road, Jhunjhunu, Rajasthan","Water-Based Paints & Hardware",190
2751,"National Malpura Hardware & Building Materials",Tonk,"Malpura Road","Trader V Tonk",+919414005513,"Shop 166, Main Road, Malpura Road, Tonk, Rajasthan","Water-Based Paints & Hardware",203
2752,"Ganesh Junction Wall Protect & Texture Depot",Hanumangarh,"Junction Market","Trader W Hanumangarh",+919414005515,"Shop 167, Main Road, Junction Market, Hanumangarh, Rajasthan","Water-Based Paints & Hardware",216
2753,"Maruti Station Trade Associates",Dausa,"Station Road","Trader X Dausa",+919414005517,"Shop 168, Main Road, Station Road, Dausa, Rajasthan","Water-Based Paints & Hardware",229
2754,"Balaji Sindhari Paints & Hardware Mart",Barmer,"Sindhari Road","Trader Y Barmer",+919414005519,"Shop 169, Main Road, Sindhari Road, Barmer, Rajasthan","Water-Based Paints & Hardware",242
2755,"Kalyan Transport Paint & Sanitary Store",Jaipur,"Transport Nagar","Trader Z Jaipur",+919414005521,"Shop 170, Main Road, Transport Nagar, Jaipur, Rajasthan","Water-Based Paints & Hardware",255
2756,"Krishna Ratanada Colors & Coatings Agency",Jodhpur,"Ratanada","Trader A Jodhpur",+919414005523,"Shop 171, Main Road, Ratanada, Jodhpur, Rajasthan","Water-Based Paints & Hardware",268
2757,"Vikas Mahaveer Hardware & Building Materials",Kota,"Mahaveer Nagar","Trader B Kota",+919414005525,"Shop 172, Main Road, Mahaveer Nagar, Kota, Rajasthan","Water-Based Paints & Hardware",281
2758,"Shree Sadul Wall Protect & Texture Depot",Bikaner,"Sadul Colony","Trader C Bikaner",+919414005527,"Shop 173, Main Road, Sadul Colony, Bikaner, Rajasthan","Water-Based Paints & Hardware",294
2759,"Jai Beawar Trade Associates",Ajmer,"Beawar City","Trader D Ajmer",+919414005529,"Shop 174, Main Road, Beawar City, Ajmer, Rajasthan","Water-Based Paints & Hardware",307
2760,"New Sukher Paints & Hardware Mart",Udaipur,"Sukher Industrial Area","Trader E Udaipur",+919414005531,"Shop 175, Main Road, Sukher Industrial Area, Udaipur, Rajasthan","Water-Based Paints & Hardware",320
2761,"Royal RIICO Paint & Sanitary Store",Bhilwara,"RIICO Industrial Area","Trader F Bhilwara",+919414005533,"Shop 176, Main Road, RIICO Industrial Area, Bhilwara, Rajasthan","Water-Based Paints & Hardware",333
2762,"Modern Company Colors & Coatings Agency",Alwar,"Company Bagh","Trader G Alwar",+919414005535,"Shop 177, Main Road, Company Bagh, Alwar, Rajasthan","Water-Based Paints & Hardware",346
2763,"Star Piprali Hardware & Building Materials",Sikar,"Piprali Road","Trader H Sikar",+919414005537,"Shop 178, Main Road, Piprali Road, Sikar, Rajasthan","Water-Based Paints & Hardware",359
2764,"Classic Padampur Wall Protect & Texture Depot",Sri Ganganagar,"Padampur Road","Trader I Sri Ganganagar",+919414005539,"Shop 179, Main Road, Padampur Road, Sri Ganganagar, Rajasthan","Water-Based Paints & Hardware",372
2765,"National Anah Trade Associates",Bharatpur,"Anah Gate","Trader J Bharatpur",+919414005541,"Shop 180, Main Road, Anah Gate, Bharatpur, Rajasthan","Water-Based Paints & Hardware",385
2766,"Ganesh Somnath Paints & Hardware Mart",Pali,"Somnath Temple Market","Trader K Pali",+919414005543,"Shop 181, Main Road, Somnath Temple Market, Pali, Rajasthan","Water-Based Paints & Hardware",398
2767,"Maruti Nimbahera Paint & Sanitary Store",Chittorgarh,"Nimbahera Town","Trader L Chittorgarh",+919414005545,"Shop 182, Main Road, Nimbahera Town, Chittorgarh, Rajasthan","Water-Based Paints & Hardware",411
2768,"Balaji Makrana Colors & Coatings Agency",Nagaur,"Makrana Marble Zone","Trader M Nagaur",+919414005547,"Shop 183, Main Road, Makrana Marble Zone, Nagaur, Rajasthan","Water-Based Paints & Hardware",424
2769,"Kalyan Khetri Hardware & Building Materials",Jhunjhunu,"Khetri Nagar","Trader N Jhunjhunu",+919414005549,"Shop 184, Main Road, Khetri Nagar, Jhunjhunu, Rajasthan","Water-Based Paints & Hardware",437
2770,"Krishna Civil Wall Protect & Texture Depot",Tonk,"Civil Lines","Trader O Tonk",+919414005551,"Shop 185, Main Road, Civil Lines, Tonk, Rajasthan","Water-Based Paints & Hardware",50
2771,"Vikas Rawatsar Trade Associates",Hanumangarh,"Rawatsar Road","Trader P Hanumangarh",+919414005553,"Shop 186, Main Road, Rawatsar Road, Hanumangarh, Rajasthan","Water-Based Paints & Hardware",63
2772,"Shree Lalsot Paints & Hardware Mart",Dausa,"Lalsot Road","Trader Q Dausa",+919414005555,"Shop 187, Main Road, Lalsot Road, Dausa, Rajasthan","Water-Based Paints & Hardware",76
2773,"Jai Balotra Paint & Sanitary Store",Barmer,"Balotra Textile & Hardware Hub","Trader R Barmer",+919414005557,"Shop 188, Main Road, Balotra Textile & Hardware Hub, Barmer, Rajasthan","Water-Based Paints & Hardware",89
2774,"New Vaishali Colors & Coatings Agency",Jaipur,"Vaishali Nagar","Trader S Jaipur",+919414005559,"Shop 189, Main Road, Vaishali Nagar, Jaipur, Rajasthan","Water-Based Paints & Hardware",102
2775,"Royal Mandore Hardware & Building Materials",Jodhpur,"Mandore Road","Trader T Jodhpur",+919414005561,"Shop 190, Main Road, Mandore Road, Jodhpur, Rajasthan","Water-Based Paints & Hardware",115
2776,"Modern Borkhera Wall Protect & Texture Depot",Kota,"Borkhera","Trader U Kota",+919414005563,"Shop 191, Main Road, Borkhera, Kota, Rajasthan","Water-Based Paints & Hardware",128
2777,"Star Bichhwal Trade Associates",Bikaner,"Bichhwal Industrial Area","Trader V Bikaner",+919414005565,"Shop 192, Main Road, Bichhwal Industrial Area, Bikaner, Rajasthan","Water-Based Paints & Hardware",141
2778,"Classic Kutchery Paints & Hardware Mart",Ajmer,"Kutchery Road","Trader W Ajmer",+919414005567,"Shop 193, Main Road, Kutchery Road, Ajmer, Rajasthan","Water-Based Paints & Hardware",154
2779,"National Hiran Paint & Sanitary Store",Udaipur,"Hiran Magri","Trader X Udaipur",+919414005569,"Shop 194, Main Road, Hiran Magri, Udaipur, Rajasthan","Water-Based Paints & Hardware",167
2780,"Ganesh Bhopalganj Colors & Coatings Agency",Bhilwara,"Bhopalganj","Trader Y Bhilwara",+919414005571,"Shop 195, Main Road, Bhopalganj, Bhilwara, Rajasthan","Water-Based Paints & Hardware",180
2781,"Maruti Bhiwadi Hardware & Building Materials",Alwar,"Bhiwadi Industrial Zone","Trader Z Alwar",+919414005573,"Shop 196, Main Road, Bhiwadi Industrial Zone, Alwar, Rajasthan","Water-Based Paints & Hardware",193
2782,"Balaji Kotwali Wall Protect & Texture Depot",Sikar,"Kotwali Market","Trader A Sikar",+919414005575,"Shop 197, Main Road, Kotwali Market, Sikar, Rajasthan","Water-Based Paints & Hardware",206
2783,"Kalyan Gola Trade Associates",Sri Ganganagar,"Gola Market","Trader B Sri Ganganagar",+919414005577,"Shop 198, Main Road, Gola Market, Sri Ganganagar, Rajasthan","Water-Based Paints & Hardware",219
2784,"Krishna Circular Paints & Hardware Mart",Bharatpur,"Circular Road","Trader C Bharatpur",+919414005579,"Shop 199, Main Road, Circular Road, Bharatpur, Rajasthan","Water-Based Paints & Hardware",232
2785,"Vikas Suraj Paint & Sanitary Store",Pali,"Suraj Pole","Trader D Pali",+919414005581,"Shop 200, Main Road, Suraj Pole, Pali, Rajasthan","Water-Based Paints & Hardware",245
2786,"Shree Fort Colors & Coatings Agency",Chittorgarh,"Fort Road","Trader E Chittorgarh",+919414005583,"Shop 201, Main Road, Fort Road, Chittorgarh, Rajasthan","Water-Based Paints & Hardware",258
2787,"Jai Didwana Hardware & Building Materials",Nagaur,"Didwana Road","Trader F Nagaur",+919414005585,"Shop 202, Main Road, Didwana Road, Nagaur, Rajasthan","Water-Based Paints & Hardware",271
2788,"New Chirawa Wall Protect & Texture Depot",Jhunjhunu,"Chirawa Road","Trader G Jhunjhunu",+919414005587,"Shop 203, Main Road, Chirawa Road, Jhunjhunu, Rajasthan","Water-Based Paints & Hardware",284
2789,"Royal Subhash Trade Associates",Tonk,"Subhash Chowk","Trader H Tonk",+919414005589,"Shop 204, Main Road, Subhash Chowk, Tonk, Rajasthan","Water-Based Paints & Hardware",297
2790,"Modern Industrial Paints & Hardware Mart",Hanumangarh,"Industrial Area","Trader I Hanumangarh",+919414005591,"Shop 205, Main Road, Industrial Area, Hanumangarh, Rajasthan","Water-Based Paints & Hardware",310
2791,"Star Agra Paint & Sanitary Store",Dausa,"Agra Road","Trader J Dausa",+919414005593,"Shop 206, Main Road, Agra Road, Dausa, Rajasthan","Water-Based Paints & Hardware",323
2792,"Classic Station Colors & Coatings Agency",Barmer,"Station Road","Trader K Barmer",+919414005595,"Shop 207, Main Road, Station Road, Barmer, Rajasthan","Water-Based Paints & Hardware",336
2793,"National Jhotwara Hardware & Building Materials",Jaipur,"Jhotwara","Trader L Jaipur",+919414005597,"Shop 208, Main Road, Jhotwara, Jaipur, Rajasthan","Water-Based Paints & Hardware",349
2794,"Ganesh Pal Wall Protect & Texture Depot",Jodhpur,"Pal Road","Trader M Jodhpur",+919414005599,"Shop 209, Main Road, Pal Road, Jodhpur, Rajasthan","Water-Based Paints & Hardware",362
2795,"Maruti Indraprastha Trade Associates",Kota,"Indraprastha Industrial Area","Trader N Kota",+919414005601,"Shop 210, Main Road, Indraprastha Industrial Area, Kota, Rajasthan","Water-Based Paints & Hardware",375
2796,"Balaji Rani Paints & Hardware Mart",Bikaner,"Rani Bazar Industrial Area","Trader O Bikaner",+919414005603,"Shop 211, Main Road, Rani Bazar Industrial Area, Bikaner, Rajasthan","Water-Based Paints & Hardware",388
2797,"Kalyan Madar Paint & Sanitary Store",Ajmer,"Madar Gate","Trader P Ajmer",+919414005605,"Shop 212, Main Road, Madar Gate, Ajmer, Rajasthan","Water-Based Paints & Hardware",401
2798,"Krishna Bapu Colors & Coatings Agency",Udaipur,"Bapu Bazar","Trader Q Udaipur",+919414005607,"Shop 213, Main Road, Bapu Bazar, Udaipur, Rajasthan","Water-Based Paints & Hardware",414
2799,"Vikas Sanganer Hardware & Building Materials",Bhilwara,"Sanganer Road","Trader R Bhilwara",+919414005609,"Shop 214, Main Road, Sanganer Road, Bhilwara, Rajasthan","Water-Based Paints & Hardware",427
2800,"Shree Neemrana Wall Protect & Texture Depot",Alwar,"Neemrana Japanese Zone","Trader S Alwar",+919414005611,"Shop 15, Main Road, Neemrana Japanese Zone, Alwar, Rajasthan","Water-Based Paints & Hardware",40
2801,"Jai Salasar Trade Associates",Sikar,"Salasar Bus Stand","Trader T Sikar",+919414005613,"Shop 16, Main Road, Salasar Bus Stand, Sikar, Rajasthan","Water-Based Paints & Hardware",53
2802,"New Purani Paints & Hardware Mart",Sri Ganganagar,"Purani Abadi","Trader U Sri Ganganagar",+919414005615,"Shop 17, Main Road, Purani Abadi, Sri Ganganagar, Rajasthan","Water-Based Paints & Hardware",66
2803,"Royal Mathura Paint & Sanitary Store",Bharatpur,"Mathura Road","Trader V Bharatpur",+919414005617,"Shop 18, Main Road, Mathura Road, Bharatpur, Rajasthan","Water-Based Paints & Hardware",79
2804,"Modern Mandia Colors & Coatings Agency",Pali,"Mandia Road Industrial Area","Trader W Pali",+919414005619,"Shop 19, Main Road, Mandia Road Industrial Area, Pali, Rajasthan","Water-Based Paints & Hardware",92
2805,"Star Chanderiya Hardware & Building Materials",Chittorgarh,"Chanderiya Industrial Area","Trader X Chittorgarh",+919414005621,"Shop 20, Main Road, Chanderiya Industrial Area, Chittorgarh, Rajasthan","Water-Based Paints & Hardware",105
2806,"Classic Kuchaman Wall Protect & Texture Depot",Nagaur,"Kuchaman City","Trader Y Nagaur",+919414005623,"Shop 21, Main Road, Kuchaman City, Nagaur, Rajasthan","Water-Based Paints & Hardware",118
2807,"National Peeru Trade Associates",Jhunjhunu,"Peeru Singh Circle","Trader Z Jhunjhunu",+919414005625,"Shop 22, Main Road, Peeru Singh Circle, Jhunjhunu, Rajasthan","Water-Based Paints & Hardware",131
2808,"Ganesh Niwai Paints & Hardware Mart",Tonk,"Niwai Industrial Area","Trader A Tonk",+919414005627,"Shop 23, Main Road, Niwai Industrial Area, Tonk, Rajasthan","Water-Based Paints & Hardware",144
2809,"Maruti Town Paint & Sanitary Store",Hanumangarh,"Town Main Bazaar","Trader B Hanumangarh",+919414005629,"Shop 24, Main Road, Town Main Bazaar, Hanumangarh, Rajasthan","Water-Based Paints & Hardware",157
2810,"Balaji Bandikui Colors & Coatings Agency",Dausa,"Bandikui Mandi","Trader C Dausa",+919414005631,"Shop 25, Main Road, Bandikui Mandi, Dausa, Rajasthan","Water-Based Paints & Hardware",170
2811,"Kalyan Refinery Hardware & Building Materials",Barmer,"Refinery Site Corridor","Trader D Barmer",+919414005633,"Shop 26, Main Road, Refinery Site Corridor, Barmer, Rajasthan","Water-Based Paints & Hardware",183
2812,"Krishna Sanganer Wall Protect & Texture Depot",Jaipur,"Sanganer Town","Trader E Jaipur",+919414005635,"Shop 27, Main Road, Sanganer Town, Jaipur, Rajasthan","Water-Based Paints & Hardware",196
2813,"Vikas Shastri Trade Associates",Jodhpur,"Shastri Nagar","Trader F Jodhpur",+919414005637,"Shop 28, Main Road, Shastri Nagar, Jodhpur, Rajasthan","Water-Based Paints & Hardware",209
2814,"Shree Gumanpura Paints & Hardware Mart",Kota,"Gumanpura","Trader G Kota",+919414005639,"Shop 29, Main Road, Gumanpura, Kota, Rajasthan","Water-Based Paints & Hardware",222
2815,"Jai Kote Paint & Sanitary Store",Bikaner,"Kote Gate","Trader H Bikaner",+919414005641,"Shop 30, Main Road, Kote Gate, Bikaner, Rajasthan","Water-Based Paints & Hardware",235
2816,"New Clock Colors & Coatings Agency",Ajmer,"Clock Tower Market","Trader I Ajmer",+919414005643,"Shop 31, Main Road, Clock Tower Market, Ajmer, Rajasthan","Water-Based Paints & Hardware",248
2817,"Royal Mewar Hardware & Building Materials",Udaipur,"Mewar Industrial Area","Trader J Udaipur",+919414005645,"Shop 32, Main Road, Mewar Industrial Area, Udaipur, Rajasthan","Water-Based Paints & Hardware",261
2818,"Modern Pur Wall Protect & Texture Depot",Bhilwara,"Pur Road","Trader K Bhilwara",+919414005647,"Shop 33, Main Road, Pur Road, Bhilwara, Rajasthan","Water-Based Paints & Hardware",274
2819,"Star Tijara Trade Associates",Alwar,"Tijara Road","Trader L Alwar",+919414005649,"Shop 34, Main Road, Tijara Road, Alwar, Rajasthan","Water-Based Paints & Hardware",287
2820,"Classic Station Paints & Hardware Mart",Sikar,"Station Road","Trader M Sikar",+919414005651,"Shop 35, Main Road, Station Road, Sikar, Rajasthan","Water-Based Paints & Hardware",300
2821,"National Birbal Paint & Sanitary Store",Sri Ganganagar,"Birbal Chowk","Trader N Sri Ganganagar",+919414005653,"Shop 36, Main Road, Birbal Chowk, Sri Ganganagar, Rajasthan","Water-Based Paints & Hardware",313
2822,"Ganesh Sewar Colors & Coatings Agency",Bharatpur,"Sewar Industrial Area","Trader O Bharatpur",+919414005655,"Shop 37, Main Road, Sewar Industrial Area, Bharatpur, Rajasthan","Water-Based Paints & Hardware",326
2823,"Maruti Sumerpur Hardware & Building Materials",Pali,"Sumerpur Road","Trader P Pali",+919414005657,"Shop 38, Main Road, Sumerpur Road, Pali, Rajasthan","Water-Based Paints & Hardware",339
2824,"Balaji Collectorate Wall Protect & Texture Depot",Chittorgarh,"Collectorate Road","Trader Q Chittorgarh",+919414005659,"Shop 39, Main Road, Collectorate Road, Chittorgarh, Rajasthan","Water-Based Paints & Hardware",352
2825,"Kalyan Merta Trade Associates",Nagaur,"Merta City","Trader R Nagaur",+919414005661,"Shop 40, Main Road, Merta City, Nagaur, Rajasthan","Water-Based Paints & Hardware",365
2826,"Krishna Gugali Paints & Hardware Mart",Jhunjhunu,"Gugali Market","Trader S Jhunjhunu",+919414005663,"Shop 41, Main Road, Gugali Market, Jhunjhunu, Rajasthan","Water-Based Paints & Hardware",378
2827,"Vikas Malpura Paint & Sanitary Store",Tonk,"Malpura Road","Trader T Tonk",+919414005665,"Shop 42, Main Road, Malpura Road, Tonk, Rajasthan","Water-Based Paints & Hardware",391
2828,"Shree Junction Colors & Coatings Agency",Hanumangarh,"Junction Market","Trader U Hanumangarh",+919414005667,"Shop 43, Main Road, Junction Market, Hanumangarh, Rajasthan","Water-Based Paints & Hardware",404
2829,"Jai Station Hardware & Building Materials",Dausa,"Station Road","Trader V Dausa",+919414005669,"Shop 44, Main Road, Station Road, Dausa, Rajasthan","Water-Based Paints & Hardware",417
2830,"New Sindhari Wall Protect & Texture Depot",Barmer,"Sindhari Road","Trader W Barmer",+919414005671,"Shop 45, Main Road, Sindhari Road, Barmer, Rajasthan","Water-Based Paints & Hardware",430
2831,"Royal VKI Trade Associates",Jaipur,"VKI Industrial Area","Trader X Jaipur",+919414005673,"Shop 46, Main Road, VKI Industrial Area, Jaipur, Rajasthan","Water-Based Paints & Hardware",43
2832,"Modern Boranada Paints & Hardware Mart",Jodhpur,"Boranada SEZ","Trader Y Jodhpur",+919414005675,"Shop 47, Main Road, Boranada SEZ, Jodhpur, Rajasthan","Water-Based Paints & Hardware",56
2833,"Star DCM Paint & Sanitary Store",Kota,"DCM Road","Trader Z Kota",+919414005677,"Shop 48, Main Road, DCM Road, Kota, Rajasthan","Water-Based Paints & Hardware",69
2834,"Classic Nokha Colors & Coatings Agency",Bikaner,"Nokha Road","Trader A Bikaner",+919414005679,"Shop 49, Main Road, Nokha Road, Bikaner, Rajasthan","Water-Based Paints & Hardware",82
2835,"National Parbatpura Hardware & Building Materials",Ajmer,"Parbatpura Industrial Area","Trader B Ajmer",+919414005681,"Shop 50, Main Road, Parbatpura Industrial Area, Ajmer, Rajasthan","Water-Based Paints & Hardware",95
2836,"Ganesh Udaisagar Wall Protect & Texture Depot",Udaipur,"Udaisagar Road","Trader C Udaipur",+919414005683,"Shop 51, Main Road, Udaisagar Road, Udaipur, Rajasthan","Water-Based Paints & Hardware",108
2837,"Maruti Gandhi Trade Associates",Bhilwara,"Gandhi Nagar","Trader D Bhilwara",+919414005685,"Shop 52, Main Road, Gandhi Nagar, Bhilwara, Rajasthan","Water-Based Paints & Hardware",121
2838,"Balaji MIA Paints & Hardware Mart",Alwar,"MIA Industrial Area","Trader E Alwar",+919414005687,"Shop 53, Main Road, MIA Industrial Area, Alwar, Rajasthan","Water-Based Paints & Hardware",134
2839,"Kalyan Bajoria Paint & Sanitary Store",Sikar,"Bajoria Road","Trader F Sikar",+919414005689,"Shop 54, Main Road, Bajoria Road, Sikar, Rajasthan","Water-Based Paints & Hardware",147
2840,"Krishna Suratgarh Colors & Coatings Agency",Sri Ganganagar,"Suratgarh Road","Trader G Sri Ganganagar",+919414005691,"Shop 55, Main Road, Suratgarh Road, Sri Ganganagar, Rajasthan","Water-Based Paints & Hardware",160
2841,"Vikas Kumher Hardware & Building Materials",Bharatpur,"Kumher Gate","Trader H Bharatpur",+919414005693,"Shop 56, Main Road, Kumher Gate, Bharatpur, Rajasthan","Water-Based Paints & Hardware",173
2842,"Shree Somnath Wall Protect & Texture Depot",Pali,"Somnath Temple Market","Trader I Pali",+919414005695,"Shop 57, Main Road, Somnath Temple Market, Pali, Rajasthan","Water-Based Paints & Hardware",186
2843,"Jai Nimbahera Trade Associates",Chittorgarh,"Nimbahera Town","Trader J Chittorgarh",+919414005697,"Shop 58, Main Road, Nimbahera Town, Chittorgarh, Rajasthan","Water-Based Paints & Hardware",199
2844,"New Gandhi Paints & Hardware Mart",Nagaur,"Gandhi Chowk","Trader K Nagaur",+919414005699,"Shop 59, Main Road, Gandhi Chowk, Nagaur, Rajasthan","Water-Based Paints & Hardware",212
2845,"Royal Mandawa Paint & Sanitary Store",Jhunjhunu,"Mandawa Road","Trader L Jhunjhunu",+919414005701,"Shop 60, Main Road, Mandawa Road, Jhunjhunu, Rajasthan","Water-Based Paints & Hardware",225
2846,"Modern Civil Colors & Coatings Agency",Tonk,"Civil Lines","Trader M Tonk",+919414005703,"Shop 61, Main Road, Civil Lines, Tonk, Rajasthan","Water-Based Paints & Hardware",238
2847,"Star Rawatsar Hardware & Building Materials",Hanumangarh,"Rawatsar Road","Trader N Hanumangarh",+919414005705,"Shop 62, Main Road, Rawatsar Road, Hanumangarh, Rajasthan","Water-Based Paints & Hardware",251
2848,"Classic Lalsot Wall Protect & Texture Depot",Dausa,"Lalsot Road","Trader O Dausa",+919414005707,"Shop 63, Main Road, Lalsot Road, Dausa, Rajasthan","Water-Based Paints & Hardware",264
2849,"National Balotra Trade Associates",Barmer,"Balotra Textile & Hardware Hub","Trader P Barmer",+919414005709,"Shop 64, Main Road, Balotra Textile & Hardware Hub, Barmer, Rajasthan","Water-Based Paints & Hardware",277
2850,"Ganesh Mansarovar Paints & Hardware Mart",Jaipur,"Mansarovar","Trader Q Jaipur",+919414005711,"Shop 65, Main Road, Mansarovar, Jaipur, Rajasthan","Water-Based Paints & Hardware",290
2851,"Maruti Sardarpura Paint & Sanitary Store",Jodhpur,"Sardarpura","Trader R Jodhpur",+919414005713,"Shop 66, Main Road, Sardarpura, Jodhpur, Rajasthan","Water-Based Paints & Hardware",303
2852,"Balaji Rampura Colors & Coatings Agency",Kota,"Rampura","Trader S Kota",+919414005715,"Shop 67, Main Road, Rampura, Kota, Rajasthan","Water-Based Paints & Hardware",316
2853,"Kalyan Sadul Hardware & Building Materials",Bikaner,"Sadul Colony","Trader T Bikaner",+919414005717,"Shop 68, Main Road, Sadul Colony, Bikaner, Rajasthan","Water-Based Paints & Hardware",329
2854,"Krishna Kishangarh Wall Protect & Texture Depot",Ajmer,"Kishangarh Marble Mandi","Trader U Ajmer",+919414005719,"Shop 69, Main Road, Kishangarh Marble Mandi, Ajmer, Rajasthan","Water-Based Paints & Hardware",342
2855,"Vikas Fatehpura Trade Associates",Udaipur,"Fatehpura","Trader V Udaipur",+919414005721,"Shop 70, Main Road, Fatehpura, Udaipur, Rajasthan","Water-Based Paints & Hardware",355
2856,"Shree RIICO Paints & Hardware Mart",Bhilwara,"RIICO Industrial Area","Trader W Bhilwara",+919414005723,"Shop 71, Main Road, RIICO Industrial Area, Bhilwara, Rajasthan","Water-Based Paints & Hardware",368
2857,"Jai Manu Paint & Sanitary Store",Alwar,"Manu Marg","Trader X Alwar",+919414005725,"Shop 72, Main Road, Manu Marg, Alwar, Rajasthan","Water-Based Paints & Hardware",381
2858,"New Fatehpur Colors & Coatings Agency",Sikar,"Fatehpur Road","Trader Y Sikar",+919414005727,"Shop 73, Main Road, Fatehpur Road, Sikar, Rajasthan","Water-Based Paints & Hardware",394
2859,"Royal Padampur Hardware & Building Materials",Sri Ganganagar,"Padampur Road","Trader Z Sri Ganganagar",+919414005729,"Shop 74, Main Road, Padampur Road, Sri Ganganagar, Rajasthan","Water-Based Paints & Hardware",407
2860,"Modern Anah Wall Protect & Texture Depot",Bharatpur,"Anah Gate","Trader A Bharatpur",+919414005731,"Shop 75, Main Road, Anah Gate, Bharatpur, Rajasthan","Water-Based Paints & Hardware",420
2861,"Star Suraj Trade Associates",Pali,"Suraj Pole","Trader B Pali",+919414005733,"Shop 76, Main Road, Suraj Pole, Pali, Rajasthan","Water-Based Paints & Hardware",433
2862,"Classic Fort Paints & Hardware Mart",Chittorgarh,"Fort Road","Trader C Chittorgarh",+919414005735,"Shop 77, Main Road, Fort Road, Chittorgarh, Rajasthan","Water-Based Paints & Hardware",46
2863,"National Makrana Paint & Sanitary Store",Nagaur,"Makrana Marble Zone","Trader D Nagaur",+919414005737,"Shop 78, Main Road, Makrana Marble Zone, Nagaur, Rajasthan","Water-Based Paints & Hardware",59
2864,"Ganesh Khetri Colors & Coatings Agency",Jhunjhunu,"Khetri Nagar","Trader E Jhunjhunu",+919414005739,"Shop 79, Main Road, Khetri Nagar, Jhunjhunu, Rajasthan","Water-Based Paints & Hardware",72
2865,"Maruti Subhash Hardware & Building Materials",Tonk,"Subhash Chowk","Trader F Tonk",+919414005741,"Shop 80, Main Road, Subhash Chowk, Tonk, Rajasthan","Water-Based Paints & Hardware",85
2866,"Balaji Industrial Wall Protect & Texture Depot",Hanumangarh,"Industrial Area","Trader G Hanumangarh",+919414005743,"Shop 81, Main Road, Industrial Area, Hanumangarh, Rajasthan","Water-Based Paints & Hardware",98
2867,"Kalyan Agra Trade Associates",Dausa,"Agra Road","Trader H Dausa",+919414005745,"Shop 82, Main Road, Agra Road, Dausa, Rajasthan","Water-Based Paints & Hardware",111
2868,"Krishna Station Paints & Hardware Mart",Barmer,"Station Road","Trader I Barmer",+919414005747,"Shop 83, Main Road, Station Road, Barmer, Rajasthan","Water-Based Paints & Hardware",124
2869,"Vikas Tonk Paint & Sanitary Store",Jaipur,"Tonk Road","Trader J Jaipur",+919414005749,"Shop 84, Main Road, Tonk Road, Jaipur, Rajasthan","Water-Based Paints & Hardware",137
2870,"Shree Basni Colors & Coatings Agency",Jodhpur,"Basni Industrial Area","Trader K Jodhpur",+919414005751,"Shop 85, Main Road, Basni Industrial Area, Jodhpur, Rajasthan","Water-Based Paints & Hardware",150
2871,"Jai Vigyan Hardware & Building Materials",Kota,"Vigyan Nagar","Trader L Kota",+919414005753,"Shop 86, Main Road, Vigyan Nagar, Kota, Rajasthan","Water-Based Paints & Hardware",163
2872,"New Bichhwal Wall Protect & Texture Depot",Bikaner,"Bichhwal Industrial Area","Trader M Bikaner",+919414005755,"Shop 87, Main Road, Bichhwal Industrial Area, Bikaner, Rajasthan","Water-Based Paints & Hardware",176
2873,"Royal Beawar Trade Associates",Ajmer,"Beawar City","Trader N Ajmer",+919414005757,"Shop 88, Main Road, Beawar City, Ajmer, Rajasthan","Water-Based Paints & Hardware",189
2874,"Modern Sukher Paints & Hardware Mart",Udaipur,"Sukher Industrial Area","Trader O Udaipur",+919414005759,"Shop 89, Main Road, Sukher Industrial Area, Udaipur, Rajasthan","Water-Based Paints & Hardware",202
2875,"Star Bhopalganj Paint & Sanitary Store",Bhilwara,"Bhopalganj","Trader P Bhilwara",+919414005761,"Shop 90, Main Road, Bhopalganj, Bhilwara, Rajasthan","Water-Based Paints & Hardware",215
2876,"Classic Company Colors & Coatings Agency",Alwar,"Company Bagh","Trader Q Alwar",+919414005763,"Shop 91, Main Road, Company Bagh, Alwar, Rajasthan","Water-Based Paints & Hardware",228
2877,"National Piprali Hardware & Building Materials",Sikar,"Piprali Road","Trader R Sikar",+919414005765,"Shop 92, Main Road, Piprali Road, Sikar, Rajasthan","Water-Based Paints & Hardware",241
2878,"Ganesh Gola Wall Protect & Texture Depot",Sri Ganganagar,"Gola Market","Trader S Sri Ganganagar",+919414005767,"Shop 93, Main Road, Gola Market, Sri Ganganagar, Rajasthan","Water-Based Paints & Hardware",254
2879,"Maruti Circular Trade Associates",Bharatpur,"Circular Road","Trader T Bharatpur",+919414005769,"Shop 94, Main Road, Circular Road, Bharatpur, Rajasthan","Water-Based Paints & Hardware",267
2880,"Balaji Mandia Paints & Hardware Mart",Pali,"Mandia Road Industrial Area","Trader U Pali",+919414005771,"Shop 95, Main Road, Mandia Road Industrial Area, Pali, Rajasthan","Water-Based Paints & Hardware",280
2881,"Kalyan Chanderiya Paint & Sanitary Store",Chittorgarh,"Chanderiya Industrial Area","Trader V Chittorgarh",+919414005773,"Shop 96, Main Road, Chanderiya Industrial Area, Chittorgarh, Rajasthan","Water-Based Paints & Hardware",293
2882,"Krishna Didwana Colors & Coatings Agency",Nagaur,"Didwana Road","Trader W Nagaur",+919414005775,"Shop 97, Main Road, Didwana Road, Nagaur, Rajasthan","Water-Based Paints & Hardware",306
2883,"Vikas Chirawa Hardware & Building Materials",Jhunjhunu,"Chirawa Road","Trader X Jhunjhunu",+919414005777,"Shop 98, Main Road, Chirawa Road, Jhunjhunu, Rajasthan","Water-Based Paints & Hardware",319
2884,"Shree Niwai Wall Protect & Texture Depot",Tonk,"Niwai Industrial Area","Trader Y Tonk",+919414005779,"Shop 99, Main Road, Niwai Industrial Area, Tonk, Rajasthan","Water-Based Paints & Hardware",332
2885,"Jai Town Trade Associates",Hanumangarh,"Town Main Bazaar","Trader Z Hanumangarh",+919414005781,"Shop 100, Main Road, Town Main Bazaar, Hanumangarh, Rajasthan","Water-Based Paints & Hardware",345
2886,"New Bandikui Paints & Hardware Mart",Dausa,"Bandikui Mandi","Trader A Dausa",+919414005783,"Shop 101, Main Road, Bandikui Mandi, Dausa, Rajasthan","Water-Based Paints & Hardware",358
2887,"Royal Refinery Paint & Sanitary Store",Barmer,"Refinery Site Corridor","Trader B Barmer",+919414005785,"Shop 102, Main Road, Refinery Site Corridor, Barmer, Rajasthan","Water-Based Paints & Hardware",371
2888,"Modern Amer Colors & Coatings Agency",Jaipur,"Amer Road","Trader C Jaipur",+919414005787,"Shop 103, Main Road, Amer Road, Jaipur, Rajasthan","Water-Based Paints & Hardware",384
2889,"Star Ratanada Hardware & Building Materials",Jodhpur,"Ratanada","Trader D Jodhpur",+919414005789,"Shop 104, Main Road, Ratanada, Jodhpur, Rajasthan","Water-Based Paints & Hardware",397
2890,"Classic Mahaveer Wall Protect & Texture Depot",Kota,"Mahaveer Nagar","Trader E Kota",+919414005791,"Shop 105, Main Road, Mahaveer Nagar, Kota, Rajasthan","Water-Based Paints & Hardware",410
2891,"National Rani Trade Associates",Bikaner,"Rani Bazar Industrial Area","Trader F Bikaner",+919414005793,"Shop 106, Main Road, Rani Bazar Industrial Area, Bikaner, Rajasthan","Water-Based Paints & Hardware",423
2892,"Ganesh Kutchery Paints & Hardware Mart",Ajmer,"Kutchery Road","Trader G Ajmer",+919414005795,"Shop 107, Main Road, Kutchery Road, Ajmer, Rajasthan","Water-Based Paints & Hardware",436
2893,"Maruti Hiran Paint & Sanitary Store",Udaipur,"Hiran Magri","Trader H Udaipur",+919414005797,"Shop 108, Main Road, Hiran Magri, Udaipur, Rajasthan","Water-Based Paints & Hardware",49
2894,"Balaji Sanganer Colors & Coatings Agency",Bhilwara,"Sanganer Road","Trader I Bhilwara",+919414005799,"Shop 109, Main Road, Sanganer Road, Bhilwara, Rajasthan","Water-Based Paints & Hardware",62
2895,"Kalyan Bhiwadi Hardware & Building Materials",Alwar,"Bhiwadi Industrial Zone","Trader J Alwar",+919414005801,"Shop 110, Main Road, Bhiwadi Industrial Zone, Alwar, Rajasthan","Water-Based Paints & Hardware",75
2896,"Krishna Kotwali Wall Protect & Texture Depot",Sikar,"Kotwali Market","Trader K Sikar",+919414005803,"Shop 111, Main Road, Kotwali Market, Sikar, Rajasthan","Water-Based Paints & Hardware",88
2897,"Vikas Purani Trade Associates",Sri Ganganagar,"Purani Abadi","Trader L Sri Ganganagar",+919414005805,"Shop 112, Main Road, Purani Abadi, Sri Ganganagar, Rajasthan","Water-Based Paints & Hardware",101
2898,"Shree Mathura Paints & Hardware Mart",Bharatpur,"Mathura Road","Trader M Bharatpur",+919414005807,"Shop 113, Main Road, Mathura Road, Bharatpur, Rajasthan","Water-Based Paints & Hardware",114
2899,"Jai Sumerpur Paint & Sanitary Store",Pali,"Sumerpur Road","Trader N Pali",+919414005809,"Shop 114, Main Road, Sumerpur Road, Pali, Rajasthan","Water-Based Paints & Hardware",127
2900,"New Collectorate Colors & Coatings Agency",Chittorgarh,"Collectorate Road","Trader O Chittorgarh",+919414005811,"Shop 115, Main Road, Collectorate Road, Chittorgarh, Rajasthan","Water-Based Paints & Hardware",140
2901,"Royal Kuchaman Hardware & Building Materials",Nagaur,"Kuchaman City","Trader P Nagaur",+919414005813,"Shop 116, Main Road, Kuchaman City, Nagaur, Rajasthan","Water-Based Paints & Hardware",153
2902,"Modern Peeru Wall Protect & Texture Depot",Jhunjhunu,"Peeru Singh Circle","Trader Q Jhunjhunu",+919414005815,"Shop 117, Main Road, Peeru Singh Circle, Jhunjhunu, Rajasthan","Water-Based Paints & Hardware",166
2903,"Star Malpura Trade Associates",Tonk,"Malpura Road","Trader R Tonk",+919414005817,"Shop 118, Main Road, Malpura Road, Tonk, Rajasthan","Water-Based Paints & Hardware",179
2904,"Classic Junction Paints & Hardware Mart",Hanumangarh,"Junction Market","Trader S Hanumangarh",+919414005819,"Shop 119, Main Road, Junction Market, Hanumangarh, Rajasthan","Water-Based Paints & Hardware",192
2905,"National Station Paint & Sanitary Store",Dausa,"Station Road","Trader T Dausa",+919414005821,"Shop 120, Main Road, Station Road, Dausa, Rajasthan","Water-Based Paints & Hardware",205
2906,"Ganesh Sindhari Colors & Coatings Agency",Barmer,"Sindhari Road","Trader U Barmer",+919414005823,"Shop 121, Main Road, Sindhari Road, Barmer, Rajasthan","Water-Based Paints & Hardware",218
2907,"Maruti Chomu Hardware & Building Materials",Jaipur,"Chomu","Trader V Jaipur",+919414005825,"Shop 122, Main Road, Chomu, Jaipur, Rajasthan","Water-Based Paints & Hardware",231
2908,"Balaji Mandore Wall Protect & Texture Depot",Jodhpur,"Mandore Road","Trader W Jodhpur",+919414005827,"Shop 123, Main Road, Mandore Road, Jodhpur, Rajasthan","Water-Based Paints & Hardware",244
2909,"Kalyan Borkhera Trade Associates",Kota,"Borkhera","Trader X Kota",+919414005829,"Shop 124, Main Road, Borkhera, Kota, Rajasthan","Water-Based Paints & Hardware",257
2910,"Krishna Kote Paints & Hardware Mart",Bikaner,"Kote Gate","Trader Y Bikaner",+919414005831,"Shop 125, Main Road, Kote Gate, Bikaner, Rajasthan","Water-Based Paints & Hardware",270
2911,"Vikas Madar Paint & Sanitary Store",Ajmer,"Madar Gate","Trader Z Ajmer",+919414005833,"Shop 126, Main Road, Madar Gate, Ajmer, Rajasthan","Water-Based Paints & Hardware",283
2912,"Shree Bapu Colors & Coatings Agency",Udaipur,"Bapu Bazar","Trader A Udaipur",+919414005835,"Shop 127, Main Road, Bapu Bazar, Udaipur, Rajasthan","Water-Based Paints & Hardware",296
2913,"Jai Pur Hardware & Building Materials",Bhilwara,"Pur Road","Trader B Bhilwara",+919414005837,"Shop 128, Main Road, Pur Road, Bhilwara, Rajasthan","Water-Based Paints & Hardware",309
2914,"New Neemrana Wall Protect & Texture Depot",Alwar,"Neemrana Japanese Zone","Trader C Alwar",+919414005839,"Shop 129, Main Road, Neemrana Japanese Zone, Alwar, Rajasthan","Water-Based Paints & Hardware",322
2915,"Royal Salasar Trade Associates",Sikar,"Salasar Bus Stand","Trader D Sikar",+919414005841,"Shop 130, Main Road, Salasar Bus Stand, Sikar, Rajasthan","Water-Based Paints & Hardware",335
2916,"Modern Birbal Paints & Hardware Mart",Sri Ganganagar,"Birbal Chowk","Trader E Sri Ganganagar",+919414005843,"Shop 131, Main Road, Birbal Chowk, Sri Ganganagar, Rajasthan","Water-Based Paints & Hardware",348
2917,"Star Sewar Paint & Sanitary Store",Bharatpur,"Sewar Industrial Area","Trader F Bharatpur",+919414005845,"Shop 132, Main Road, Sewar Industrial Area, Bharatpur, Rajasthan","Water-Based Paints & Hardware",361
2918,"Classic Somnath Colors & Coatings Agency",Pali,"Somnath Temple Market","Trader G Pali",+919414005847,"Shop 133, Main Road, Somnath Temple Market, Pali, Rajasthan","Water-Based Paints & Hardware",374
2919,"National Nimbahera Hardware & Building Materials",Chittorgarh,"Nimbahera Town","Trader H Chittorgarh",+919414005849,"Shop 134, Main Road, Nimbahera Town, Chittorgarh, Rajasthan","Water-Based Paints & Hardware",387
2920,"Ganesh Merta Wall Protect & Texture Depot",Nagaur,"Merta City","Trader I Nagaur",+919414005851,"Shop 135, Main Road, Merta City, Nagaur, Rajasthan","Water-Based Paints & Hardware",400
2921,"Maruti Gugali Trade Associates",Jhunjhunu,"Gugali Market","Trader J Jhunjhunu",+919414005853,"Shop 136, Main Road, Gugali Market, Jhunjhunu, Rajasthan","Water-Based Paints & Hardware",413
2922,"Balaji Civil Paints & Hardware Mart",Tonk,"Civil Lines","Trader K Tonk",+919414005855,"Shop 137, Main Road, Civil Lines, Tonk, Rajasthan","Water-Based Paints & Hardware",426
2923,"Kalyan Rawatsar Paint & Sanitary Store",Hanumangarh,"Rawatsar Road","Trader L Hanumangarh",+919414005857,"Shop 138, Main Road, Rawatsar Road, Hanumangarh, Rajasthan","Water-Based Paints & Hardware",439
2924,"Krishna Lalsot Colors & Coatings Agency",Dausa,"Lalsot Road","Trader M Dausa",+919414005859,"Shop 139, Main Road, Lalsot Road, Dausa, Rajasthan","Water-Based Paints & Hardware",52
2925,"Vikas Balotra Hardware & Building Materials",Barmer,"Balotra Textile & Hardware Hub","Trader N Barmer",+919414005861,"Shop 140, Main Road, Balotra Textile & Hardware Hub, Barmer, Rajasthan","Water-Based Paints & Hardware",65
2926,"Shree Malviya Wall Protect & Texture Depot",Jaipur,"Malviya Nagar","Trader O Jaipur",+919414005863,"Shop 141, Main Road, Malviya Nagar, Jaipur, Rajasthan","Water-Based Paints & Hardware",78
2927,"Jai Pal Trade Associates",Jodhpur,"Pal Road","Trader P Jodhpur",+919414005865,"Shop 142, Main Road, Pal Road, Jodhpur, Rajasthan","Water-Based Paints & Hardware",91
2928,"New Indraprastha Paints & Hardware Mart",Kota,"Indraprastha Industrial Area","Trader Q Kota",+919414005867,"Shop 143, Main Road, Indraprastha Industrial Area, Kota, Rajasthan","Water-Based Paints & Hardware",104
2929,"Royal Nokha Paint & Sanitary Store",Bikaner,"Nokha Road","Trader R Bikaner",+919414005869,"Shop 144, Main Road, Nokha Road, Bikaner, Rajasthan","Water-Based Paints & Hardware",117
2930,"Modern Clock Colors & Coatings Agency",Ajmer,"Clock Tower Market","Trader S Ajmer",+919414005871,"Shop 145, Main Road, Clock Tower Market, Ajmer, Rajasthan","Water-Based Paints & Hardware",130
2931,"Star Mewar Hardware & Building Materials",Udaipur,"Mewar Industrial Area","Trader T Udaipur",+919414005873,"Shop 146, Main Road, Mewar Industrial Area, Udaipur, Rajasthan","Water-Based Paints & Hardware",143
2932,"Classic Gandhi Wall Protect & Texture Depot",Bhilwara,"Gandhi Nagar","Trader U Bhilwara",+919414005875,"Shop 147, Main Road, Gandhi Nagar, Bhilwara, Rajasthan","Water-Based Paints & Hardware",156
2933,"National Tijara Trade Associates",Alwar,"Tijara Road","Trader V Alwar",+919414005877,"Shop 148, Main Road, Tijara Road, Alwar, Rajasthan","Water-Based Paints & Hardware",169
2934,"Ganesh Station Paints & Hardware Mart",Sikar,"Station Road","Trader W Sikar",+919414005879,"Shop 149, Main Road, Station Road, Sikar, Rajasthan","Water-Based Paints & Hardware",182
2935,"Maruti Suratgarh Paint & Sanitary Store",Sri Ganganagar,"Suratgarh Road","Trader X Sri Ganganagar",+919414005881,"Shop 150, Main Road, Suratgarh Road, Sri Ganganagar, Rajasthan","Water-Based Paints & Hardware",195
2936,"Balaji Kumher Colors & Coatings Agency",Bharatpur,"Kumher Gate","Trader Y Bharatpur",+919414005883,"Shop 151, Main Road, Kumher Gate, Bharatpur, Rajasthan","Water-Based Paints & Hardware",208
2937,"Kalyan Suraj Hardware & Building Materials",Pali,"Suraj Pole","Trader Z Pali",+919414005885,"Shop 152, Main Road, Suraj Pole, Pali, Rajasthan","Water-Based Paints & Hardware",221
2938,"Krishna Fort Wall Protect & Texture Depot",Chittorgarh,"Fort Road","Trader A Chittorgarh",+919414005887,"Shop 153, Main Road, Fort Road, Chittorgarh, Rajasthan","Water-Based Paints & Hardware",234
2939,"Vikas Gandhi Trade Associates",Nagaur,"Gandhi Chowk","Trader B Nagaur",+919414005889,"Shop 154, Main Road, Gandhi Chowk, Nagaur, Rajasthan","Water-Based Paints & Hardware",247
2940,"Shree Mandawa Paints & Hardware Mart",Jhunjhunu,"Mandawa Road","Trader C Jhunjhunu",+919414005891,"Shop 155, Main Road, Mandawa Road, Jhunjhunu, Rajasthan","Water-Based Paints & Hardware",260
2941,"Jai Subhash Paint & Sanitary Store",Tonk,"Subhash Chowk","Trader D Tonk",+919414005893,"Shop 156, Main Road, Subhash Chowk, Tonk, Rajasthan","Water-Based Paints & Hardware",273
2942,"New Industrial Colors & Coatings Agency",Hanumangarh,"Industrial Area","Trader E Hanumangarh",+919414005895,"Shop 157, Main Road, Industrial Area, Hanumangarh, Rajasthan","Water-Based Paints & Hardware",286
2943,"Royal Agra Hardware & Building Materials",Dausa,"Agra Road","Trader F Dausa",+919414005897,"Shop 158, Main Road, Agra Road, Dausa, Rajasthan","Water-Based Paints & Hardware",299
2944,"Modern Station Wall Protect & Texture Depot",Barmer,"Station Road","Trader G Barmer",+919414005899,"Shop 159, Main Road, Station Road, Barmer, Rajasthan","Water-Based Paints & Hardware",312
2945,"Star Transport Trade Associates",Jaipur,"Transport Nagar","Trader H Jaipur",+919414005901,"Shop 160, Main Road, Transport Nagar, Jaipur, Rajasthan","Water-Based Paints & Hardware",325
2946,"Classic Shastri Paints & Hardware Mart",Jodhpur,"Shastri Nagar","Trader I Jodhpur",+919414005903,"Shop 161, Main Road, Shastri Nagar, Jodhpur, Rajasthan","Water-Based Paints & Hardware",338
2947,"National Gumanpura Paint & Sanitary Store",Kota,"Gumanpura","Trader J Kota",+919414005905,"Shop 162, Main Road, Gumanpura, Kota, Rajasthan","Water-Based Paints & Hardware",351
2948,"Ganesh Sadul Colors & Coatings Agency",Bikaner,"Sadul Colony","Trader K Bikaner",+919414005907,"Shop 163, Main Road, Sadul Colony, Bikaner, Rajasthan","Water-Based Paints & Hardware",364
2949,"Maruti Parbatpura Hardware & Building Materials",Ajmer,"Parbatpura Industrial Area","Trader L Ajmer",+919414005909,"Shop 164, Main Road, Parbatpura Industrial Area, Ajmer, Rajasthan","Water-Based Paints & Hardware",377
2950,"Balaji Udaisagar Wall Protect & Texture Depot",Udaipur,"Udaisagar Road","Trader M Udaipur",+919414005911,"Shop 165, Main Road, Udaisagar Road, Udaipur, Rajasthan","Water-Based Paints & Hardware",390
2951,"Kalyan RIICO Trade Associates",Bhilwara,"RIICO Industrial Area","Trader N Bhilwara",+919414005913,"Shop 166, Main Road, RIICO Industrial Area, Bhilwara, Rajasthan","Water-Based Paints & Hardware",403
2952,"Krishna MIA Paints & Hardware Mart",Alwar,"MIA Industrial Area","Trader O Alwar",+919414005915,"Shop 167, Main Road, MIA Industrial Area, Alwar, Rajasthan","Water-Based Paints & Hardware",416
2953,"Vikas Bajoria Paint & Sanitary Store",Sikar,"Bajoria Road","Trader P Sikar",+919414005917,"Shop 168, Main Road, Bajoria Road, Sikar, Rajasthan","Water-Based Paints & Hardware",429
2954,"Shree Padampur Colors & Coatings Agency",Sri Ganganagar,"Padampur Road","Trader Q Sri Ganganagar",+919414005919,"Shop 169, Main Road, Padampur Road, Sri Ganganagar, Rajasthan","Water-Based Paints & Hardware",42
2955,"Jai Anah Hardware & Building Materials",Bharatpur,"Anah Gate","Trader R Bharatpur",+919414005921,"Shop 170, Main Road, Anah Gate, Bharatpur, Rajasthan","Water-Based Paints & Hardware",55
2956,"New Mandia Wall Protect & Texture Depot",Pali,"Mandia Road Industrial Area","Trader S Pali",+919414005923,"Shop 171, Main Road, Mandia Road Industrial Area, Pali, Rajasthan","Water-Based Paints & Hardware",68
2957,"Royal Chanderiya Trade Associates",Chittorgarh,"Chanderiya Industrial Area","Trader T Chittorgarh",+919414005925,"Shop 172, Main Road, Chanderiya Industrial Area, Chittorgarh, Rajasthan","Water-Based Paints & Hardware",81
2958,"Modern Makrana Paints & Hardware Mart",Nagaur,"Makrana Marble Zone","Trader U Nagaur",+919414005927,"Shop 173, Main Road, Makrana Marble Zone, Nagaur, Rajasthan","Water-Based Paints & Hardware",94
2959,"Star Khetri Paint & Sanitary Store",Jhunjhunu,"Khetri Nagar","Trader V Jhunjhunu",+919414005929,"Shop 174, Main Road, Khetri Nagar, Jhunjhunu, Rajasthan","Water-Based Paints & Hardware",107
2960,"Classic Niwai Colors & Coatings Agency",Tonk,"Niwai Industrial Area","Trader W Tonk",+919414005931,"Shop 175, Main Road, Niwai Industrial Area, Tonk, Rajasthan","Water-Based Paints & Hardware",120
2961,"National Town Hardware & Building Materials",Hanumangarh,"Town Main Bazaar","Trader X Hanumangarh",+919414005933,"Shop 176, Main Road, Town Main Bazaar, Hanumangarh, Rajasthan","Water-Based Paints & Hardware",133
2962,"Ganesh Bandikui Wall Protect & Texture Depot",Dausa,"Bandikui Mandi","Trader Y Dausa",+919414005935,"Shop 177, Main Road, Bandikui Mandi, Dausa, Rajasthan","Water-Based Paints & Hardware",146
2963,"Maruti Refinery Trade Associates",Barmer,"Refinery Site Corridor","Trader Z Barmer",+919414005937,"Shop 178, Main Road, Refinery Site Corridor, Barmer, Rajasthan","Water-Based Paints & Hardware",159
2964,"Balaji Vaishali Paints & Hardware Mart",Jaipur,"Vaishali Nagar","Trader A Jaipur",+919414005939,"Shop 179, Main Road, Vaishali Nagar, Jaipur, Rajasthan","Water-Based Paints & Hardware",172
2965,"Kalyan Boranada Paint & Sanitary Store",Jodhpur,"Boranada SEZ","Trader B Jodhpur",+919414005941,"Shop 180, Main Road, Boranada SEZ, Jodhpur, Rajasthan","Water-Based Paints & Hardware",185
2966,"Krishna DCM Colors & Coatings Agency",Kota,"DCM Road","Trader C Kota",+919414005943,"Shop 181, Main Road, DCM Road, Kota, Rajasthan","Water-Based Paints & Hardware",198
2967,"Vikas Bichhwal Hardware & Building Materials",Bikaner,"Bichhwal Industrial Area","Trader D Bikaner",+919414005945,"Shop 182, Main Road, Bichhwal Industrial Area, Bikaner, Rajasthan","Water-Based Paints & Hardware",211
2968,"Shree Kishangarh Wall Protect & Texture Depot",Ajmer,"Kishangarh Marble Mandi","Trader E Ajmer",+919414005947,"Shop 183, Main Road, Kishangarh Marble Mandi, Ajmer, Rajasthan","Water-Based Paints & Hardware",224
2969,"Jai Fatehpura Trade Associates",Udaipur,"Fatehpura","Trader F Udaipur",+919414005949,"Shop 184, Main Road, Fatehpura, Udaipur, Rajasthan","Water-Based Paints & Hardware",237
2970,"New Bhopalganj Paints & Hardware Mart",Bhilwara,"Bhopalganj","Trader G Bhilwara",+919414005951,"Shop 185, Main Road, Bhopalganj, Bhilwara, Rajasthan","Water-Based Paints & Hardware",250
2971,"Royal Manu Paint & Sanitary Store",Alwar,"Manu Marg","Trader H Alwar",+919414005953,"Shop 186, Main Road, Manu Marg, Alwar, Rajasthan","Water-Based Paints & Hardware",263
2972,"Modern Fatehpur Colors & Coatings Agency",Sikar,"Fatehpur Road","Trader I Sikar",+919414005955,"Shop 187, Main Road, Fatehpur Road, Sikar, Rajasthan","Water-Based Paints & Hardware",276
2973,"Star Gola Hardware & Building Materials",Sri Ganganagar,"Gola Market","Trader J Sri Ganganagar",+919414005957,"Shop 188, Main Road, Gola Market, Sri Ganganagar, Rajasthan","Water-Based Paints & Hardware",289
2974,"Classic Circular Wall Protect & Texture Depot",Bharatpur,"Circular Road","Trader K Bharatpur",+919414005959,"Shop 189, Main Road, Circular Road, Bharatpur, Rajasthan","Water-Based Paints & Hardware",302
2975,"National Sumerpur Trade Associates",Pali,"Sumerpur Road","Trader L Pali",+919414005961,"Shop 190, Main Road, Sumerpur Road, Pali, Rajasthan","Water-Based Paints & Hardware",315
2976,"Ganesh Collectorate Paints & Hardware Mart",Chittorgarh,"Collectorate Road","Trader M Chittorgarh",+919414005963,"Shop 191, Main Road, Collectorate Road, Chittorgarh, Rajasthan","Water-Based Paints & Hardware",328
2977,"Maruti Didwana Paint & Sanitary Store",Nagaur,"Didwana Road","Trader N Nagaur",+919414005965,"Shop 192, Main Road, Didwana Road, Nagaur, Rajasthan","Water-Based Paints & Hardware",341
2978,"Balaji Chirawa Colors & Coatings Agency",Jhunjhunu,"Chirawa Road","Trader O Jhunjhunu",+919414005967,"Shop 193, Main Road, Chirawa Road, Jhunjhunu, Rajasthan","Water-Based Paints & Hardware",354
2979,"Kalyan Malpura Hardware & Building Materials",Tonk,"Malpura Road","Trader P Tonk",+919414005969,"Shop 194, Main Road, Malpura Road, Tonk, Rajasthan","Water-Based Paints & Hardware",367
2980,"Krishna Junction Wall Protect & Texture Depot",Hanumangarh,"Junction Market","Trader Q Hanumangarh",+919414005971,"Shop 195, Main Road, Junction Market, Hanumangarh, Rajasthan","Water-Based Paints & Hardware",380
2981,"Vikas Station Trade Associates",Dausa,"Station Road","Trader R Dausa",+919414005973,"Shop 196, Main Road, Station Road, Dausa, Rajasthan","Water-Based Paints & Hardware",393
2982,"Shree Sindhari Paints & Hardware Mart",Barmer,"Sindhari Road","Trader S Barmer",+919414005975,"Shop 197, Main Road, Sindhari Road, Barmer, Rajasthan","Water-Based Paints & Hardware",406
2983,"Jai Jhotwara Paint & Sanitary Store",Jaipur,"Jhotwara","Trader T Jaipur",+919414005977,"Shop 198, Main Road, Jhotwara, Jaipur, Rajasthan","Water-Based Paints & Hardware",419
2984,"New Sardarpura Colors & Coatings Agency",Jodhpur,"Sardarpura","Trader U Jodhpur",+919414005979,"Shop 199, Main Road, Sardarpura, Jodhpur, Rajasthan","Water-Based Paints & Hardware",432
2985,"Royal Rampura Hardware & Building Materials",Kota,"Rampura","Trader V Kota",+919414005981,"Shop 200, Main Road, Rampura, Kota, Rajasthan","Water-Based Paints & Hardware",45
2986,"Modern Rani Wall Protect & Texture Depot",Bikaner,"Rani Bazar Industrial Area","Trader W Bikaner",+919414005983,"Shop 201, Main Road, Rani Bazar Industrial Area, Bikaner, Rajasthan","Water-Based Paints & Hardware",58
2987,"Star Beawar Trade Associates",Ajmer,"Beawar City","Trader X Ajmer",+919414005985,"Shop 202, Main Road, Beawar City, Ajmer, Rajasthan","Water-Based Paints & Hardware",71
2988,"Classic Sukher Paints & Hardware Mart",Udaipur,"Sukher Industrial Area","Trader Y Udaipur",+919414005987,"Shop 203, Main Road, Sukher Industrial Area, Udaipur, Rajasthan","Water-Based Paints & Hardware",84
2989,"National Sanganer Paint & Sanitary Store",Bhilwara,"Sanganer Road","Trader Z Bhilwara",+919414005989,"Shop 204, Main Road, Sanganer Road, Bhilwara, Rajasthan","Water-Based Paints & Hardware",97
2990,"Ganesh Company Colors & Coatings Agency",Alwar,"Company Bagh","Trader A Alwar",+919414005991,"Shop 205, Main Road, Company Bagh, Alwar, Rajasthan","Water-Based Paints & Hardware",110
2991,"Maruti Piprali Hardware & Building Materials",Sikar,"Piprali Road","Trader B Sikar",+919414005993,"Shop 206, Main Road, Piprali Road, Sikar, Rajasthan","Water-Based Paints & Hardware",123
2992,"Balaji Purani Wall Protect & Texture Depot",Sri Ganganagar,"Purani Abadi","Trader C Sri Ganganagar",+919414005995,"Shop 207, Main Road, Purani Abadi, Sri Ganganagar, Rajasthan","Water-Based Paints & Hardware",136
2993,"Kalyan Mathura Trade Associates",Bharatpur,"Mathura Road","Trader D Bharatpur",+919414005997,"Shop 208, Main Road, Mathura Road, Bharatpur, Rajasthan","Water-Based Paints & Hardware",149
2994,"Krishna Somnath Paints & Hardware Mart",Pali,"Somnath Temple Market","Trader E Pali",+919414005999,"Shop 209, Main Road, Somnath Temple Market, Pali, Rajasthan","Water-Based Paints & Hardware",162
2995,"Vikas Nimbahera Paint & Sanitary Store",Chittorgarh,"Nimbahera Town","Trader F Chittorgarh",+919414006001,"Shop 210, Main Road, Nimbahera Town, Chittorgarh, Rajasthan","Water-Based Paints & Hardware",175
2996,"Shree Kuchaman Colors & Coatings Agency",Nagaur,"Kuchaman City","Trader G Nagaur",+919414006003,"Shop 211, Main Road, Kuchaman City, Nagaur, Rajasthan","Water-Based Paints & Hardware",188
2997,"Jai Peeru Hardware & Building Materials",Jhunjhunu,"Peeru Singh Circle","Trader H Jhunjhunu",+919414006005,"Shop 212, Main Road, Peeru Singh Circle, Jhunjhunu, Rajasthan","Water-Based Paints & Hardware",201
2998,"New Civil Wall Protect & Texture Depot",Tonk,"Civil Lines","Trader I Tonk",+919414006007,"Shop 213, Main Road, Civil Lines, Tonk, Rajasthan","Water-Based Paints & Hardware",214
2999,"Royal Rawatsar Trade Associates",Hanumangarh,"Rawatsar Road","Trader J Hanumangarh",+919414006009,"Shop 214, Main Road, Rawatsar Road, Hanumangarh, Rajasthan","Water-Based Paints & Hardware",227
3000,"Modern Lalsot Paints & Hardware Mart",Dausa,"Lalsot Road","Trader K Dausa",+919414006011,"Shop 15, Main Road, Lalsot Road, Dausa, Rajasthan","Water-Based Paints & Hardware",240
3001,"Star Balotra Paint & Sanitary Store",Barmer,"Balotra Textile & Hardware Hub","Trader L Barmer",+919414006013,"Shop 16, Main Road, Balotra Textile & Hardware Hub, Barmer, Rajasthan","Water-Based Paints & Hardware",253
3002,"Classic Sanganer Colors & Coatings Agency",Jaipur,"Sanganer Town","Trader M Jaipur",+919414006015,"Shop 17, Main Road, Sanganer Town, Jaipur, Rajasthan","Water-Based Paints & Hardware",266
3003,"National Basni Hardware & Building Materials",Jodhpur,"Basni Industrial Area","Trader N Jodhpur",+919414006017,"Shop 18, Main Road, Basni Industrial Area, Jodhpur, Rajasthan","Water-Based Paints & Hardware",279
3004,"Ganesh Vigyan Wall Protect & Texture Depot",Kota,"Vigyan Nagar","Trader O Kota",+919414006019,"Shop 19, Main Road, Vigyan Nagar, Kota, Rajasthan","Water-Based Paints & Hardware",292
3005,"Maruti Kote Trade Associates",Bikaner,"Kote Gate","Trader P Bikaner",+919414006021,"Shop 20, Main Road, Kote Gate, Bikaner, Rajasthan","Water-Based Paints & Hardware",305
3006,"Balaji Kutchery Paints & Hardware Mart",Ajmer,"Kutchery Road","Trader Q Ajmer",+919414006023,"Shop 21, Main Road, Kutchery Road, Ajmer, Rajasthan","Water-Based Paints & Hardware",318
3007,"Kalyan Hiran Paint & Sanitary Store",Udaipur,"Hiran Magri","Trader R Udaipur",+919414006025,"Shop 22, Main Road, Hiran Magri, Udaipur, Rajasthan","Water-Based Paints & Hardware",331
3008,"Krishna Pur Colors & Coatings Agency",Bhilwara,"Pur Road","Trader S Bhilwara",+919414006027,"Shop 23, Main Road, Pur Road, Bhilwara, Rajasthan","Water-Based Paints & Hardware",344
3009,"Vikas Bhiwadi Hardware & Building Materials",Alwar,"Bhiwadi Industrial Zone","Trader T Alwar",+919414006029,"Shop 24, Main Road, Bhiwadi Industrial Zone, Alwar, Rajasthan","Water-Based Paints & Hardware",357
3010,"Shree Kotwali Wall Protect & Texture Depot",Sikar,"Kotwali Market","Trader U Sikar",+919414006031,"Shop 25, Main Road, Kotwali Market, Sikar, Rajasthan","Water-Based Paints & Hardware",370
3011,"Jai Birbal Trade Associates",Sri Ganganagar,"Birbal Chowk","Trader V Sri Ganganagar",+919414006033,"Shop 26, Main Road, Birbal Chowk, Sri Ganganagar, Rajasthan","Water-Based Paints & Hardware",383
3012,"New Sewar Paints & Hardware Mart",Bharatpur,"Sewar Industrial Area","Trader W Bharatpur",+919414006035,"Shop 27, Main Road, Sewar Industrial Area, Bharatpur, Rajasthan","Water-Based Paints & Hardware",396
3013,"Royal Suraj Paint & Sanitary Store",Pali,"Suraj Pole","Trader X Pali",+919414006037,"Shop 28, Main Road, Suraj Pole, Pali, Rajasthan","Water-Based Paints & Hardware",409
3014,"Modern Fort Colors & Coatings Agency",Chittorgarh,"Fort Road","Trader Y Chittorgarh",+919414006039,"Shop 29, Main Road, Fort Road, Chittorgarh, Rajasthan","Water-Based Paints & Hardware",422
3015,"Star Merta Hardware & Building Materials",Nagaur,"Merta City","Trader Z Nagaur",+919414006041,"Shop 30, Main Road, Merta City, Nagaur, Rajasthan","Water-Based Paints & Hardware",435
3016,"Classic Gugali Wall Protect & Texture Depot",Jhunjhunu,"Gugali Market","Trader A Jhunjhunu",+919414006043,"Shop 31, Main Road, Gugali Market, Jhunjhunu, Rajasthan","Water-Based Paints & Hardware",48
3017,"National Subhash Trade Associates",Tonk,"Subhash Chowk","Trader B Tonk",+919414006045,"Shop 32, Main Road, Subhash Chowk, Tonk, Rajasthan","Water-Based Paints & Hardware",61
3018,"Ganesh Industrial Paints & Hardware Mart",Hanumangarh,"Industrial Area","Trader C Hanumangarh",+919414006047,"Shop 33, Main Road, Industrial Area, Hanumangarh, Rajasthan","Water-Based Paints & Hardware",74
3019,"Maruti Agra Paint & Sanitary Store",Dausa,"Agra Road","Trader D Dausa",+919414006049,"Shop 34, Main Road, Agra Road, Dausa, Rajasthan","Water-Based Paints & Hardware",87
3020,"Balaji Station Colors & Coatings Agency",Barmer,"Station Road","Trader E Barmer",+919414006051,"Shop 35, Main Road, Station Road, Barmer, Rajasthan","Water-Based Paints & Hardware",100
3021,"Kalyan VKI Hardware & Building Materials",Jaipur,"VKI Industrial Area","Trader F Jaipur",+919414006053,"Shop 36, Main Road, VKI Industrial Area, Jaipur, Rajasthan","Water-Based Paints & Hardware",113
3022,"Krishna Ratanada Wall Protect & Texture Depot",Jodhpur,"Ratanada","Trader G Jodhpur",+919414006055,"Shop 37, Main Road, Ratanada, Jodhpur, Rajasthan","Water-Based Paints & Hardware",126
3023,"Vikas Mahaveer Trade Associates",Kota,"Mahaveer Nagar","Trader H Kota",+919414006057,"Shop 38, Main Road, Mahaveer Nagar, Kota, Rajasthan","Water-Based Paints & Hardware",139
3024,"Shree Nokha Paints & Hardware Mart",Bikaner,"Nokha Road","Trader I Bikaner",+919414006059,"Shop 39, Main Road, Nokha Road, Bikaner, Rajasthan","Water-Based Paints & Hardware",152
3025,"Jai Madar Paint & Sanitary Store",Ajmer,"Madar Gate","Trader J Ajmer",+919414006061,"Shop 40, Main Road, Madar Gate, Ajmer, Rajasthan","Water-Based Paints & Hardware",165
3026,"New Bapu Colors & Coatings Agency",Udaipur,"Bapu Bazar","Trader K Udaipur",+919414006063,"Shop 41, Main Road, Bapu Bazar, Udaipur, Rajasthan","Water-Based Paints & Hardware",178
3027,"Royal Gandhi Hardware & Building Materials",Bhilwara,"Gandhi Nagar","Trader L Bhilwara",+919414006065,"Shop 42, Main Road, Gandhi Nagar, Bhilwara, Rajasthan","Water-Based Paints & Hardware",191
3028,"Modern Neemrana Wall Protect & Texture Depot",Alwar,"Neemrana Japanese Zone","Trader M Alwar",+919414006067,"Shop 43, Main Road, Neemrana Japanese Zone, Alwar, Rajasthan","Water-Based Paints & Hardware",204
3029,"Star Salasar Trade Associates",Sikar,"Salasar Bus Stand","Trader N Sikar",+919414006069,"Shop 44, Main Road, Salasar Bus Stand, Sikar, Rajasthan","Water-Based Paints & Hardware",217
3030,"Classic Suratgarh Paints & Hardware Mart",Sri Ganganagar,"Suratgarh Road","Trader O Sri Ganganagar",+919414006071,"Shop 45, Main Road, Suratgarh Road, Sri Ganganagar, Rajasthan","Water-Based Paints & Hardware",230
3031,"National Kumher Paint & Sanitary Store",Bharatpur,"Kumher Gate","Trader P Bharatpur",+919414006073,"Shop 46, Main Road, Kumher Gate, Bharatpur, Rajasthan","Water-Based Paints & Hardware",243
3032,"Ganesh Mandia Colors & Coatings Agency",Pali,"Mandia Road Industrial Area","Trader Q Pali",+919414006075,"Shop 47, Main Road, Mandia Road Industrial Area, Pali, Rajasthan","Water-Based Paints & Hardware",256
3033,"Maruti Chanderiya Hardware & Building Materials",Chittorgarh,"Chanderiya Industrial Area","Trader R Chittorgarh",+919414006077,"Shop 48, Main Road, Chanderiya Industrial Area, Chittorgarh, Rajasthan","Water-Based Paints & Hardware",269
3034,"Balaji Gandhi Wall Protect & Texture Depot",Nagaur,"Gandhi Chowk","Trader S Nagaur",+919414006079,"Shop 49, Main Road, Gandhi Chowk, Nagaur, Rajasthan","Water-Based Paints & Hardware",282
3035,"Kalyan Mandawa Trade Associates",Jhunjhunu,"Mandawa Road","Trader T Jhunjhunu",+919414006081,"Shop 50, Main Road, Mandawa Road, Jhunjhunu, Rajasthan","Water-Based Paints & Hardware",295
3036,"Krishna Niwai Paints & Hardware Mart",Tonk,"Niwai Industrial Area","Trader U Tonk",+919414006083,"Shop 51, Main Road, Niwai Industrial Area, Tonk, Rajasthan","Water-Based Paints & Hardware",308
3037,"Vikas Town Paint & Sanitary Store",Hanumangarh,"Town Main Bazaar","Trader V Hanumangarh",+919414006085,"Shop 52, Main Road, Town Main Bazaar, Hanumangarh, Rajasthan","Water-Based Paints & Hardware",321
3038,"Shree Bandikui Colors & Coatings Agency",Dausa,"Bandikui Mandi","Trader W Dausa",+919414006087,"Shop 53, Main Road, Bandikui Mandi, Dausa, Rajasthan","Water-Based Paints & Hardware",334
3039,"Jai Refinery Hardware & Building Materials",Barmer,"Refinery Site Corridor","Trader X Barmer",+919414006089,"Shop 54, Main Road, Refinery Site Corridor, Barmer, Rajasthan","Water-Based Paints & Hardware",347
3040,"New Mansarovar Wall Protect & Texture Depot",Jaipur,"Mansarovar","Trader Y Jaipur",+919414006091,"Shop 55, Main Road, Mansarovar, Jaipur, Rajasthan","Water-Based Paints & Hardware",360
3041,"Royal Mandore Trade Associates",Jodhpur,"Mandore Road","Trader Z Jodhpur",+919414006093,"Shop 56, Main Road, Mandore Road, Jodhpur, Rajasthan","Water-Based Paints & Hardware",373
3042,"Modern Borkhera Paints & Hardware Mart",Kota,"Borkhera","Trader A Kota",+919414006095,"Shop 57, Main Road, Borkhera, Kota, Rajasthan","Water-Based Paints & Hardware",386
3043,"Star Sadul Paint & Sanitary Store",Bikaner,"Sadul Colony","Trader B Bikaner",+919414006097,"Shop 58, Main Road, Sadul Colony, Bikaner, Rajasthan","Water-Based Paints & Hardware",399
3044,"Classic Clock Colors & Coatings Agency",Ajmer,"Clock Tower Market","Trader C Ajmer",+919414006099,"Shop 59, Main Road, Clock Tower Market, Ajmer, Rajasthan","Water-Based Paints & Hardware",412
3045,"National Mewar Hardware & Building Materials",Udaipur,"Mewar Industrial Area","Trader D Udaipur",+919414006101,"Shop 60, Main Road, Mewar Industrial Area, Udaipur, Rajasthan","Water-Based Paints & Hardware",425
3046,"Ganesh RIICO Wall Protect & Texture Depot",Bhilwara,"RIICO Industrial Area","Trader E Bhilwara",+919414006103,"Shop 61, Main Road, RIICO Industrial Area, Bhilwara, Rajasthan","Water-Based Paints & Hardware",438
3047,"Maruti Tijara Trade Associates",Alwar,"Tijara Road","Trader F Alwar",+919414006105,"Shop 62, Main Road, Tijara Road, Alwar, Rajasthan","Water-Based Paints & Hardware",51
3048,"Balaji Station Paints & Hardware Mart",Sikar,"Station Road","Trader G Sikar",+919414006107,"Shop 63, Main Road, Station Road, Sikar, Rajasthan","Water-Based Paints & Hardware",64
3049,"Kalyan Padampur Paint & Sanitary Store",Sri Ganganagar,"Padampur Road","Trader H Sri Ganganagar",+919414006109,"Shop 64, Main Road, Padampur Road, Sri Ganganagar, Rajasthan","Water-Based Paints & Hardware",77
3050,"Krishna Anah Colors & Coatings Agency",Bharatpur,"Anah Gate","Trader I Bharatpur",+919414006111,"Shop 65, Main Road, Anah Gate, Bharatpur, Rajasthan","Water-Based Paints & Hardware",90
3051,"Vikas Sumerpur Hardware & Building Materials",Pali,"Sumerpur Road","Trader J Pali",+919414006113,"Shop 66, Main Road, Sumerpur Road, Pali, Rajasthan","Water-Based Paints & Hardware",103
3052,"Shree Collectorate Wall Protect & Texture Depot",Chittorgarh,"Collectorate Road","Trader K Chittorgarh",+919414006115,"Shop 67, Main Road, Collectorate Road, Chittorgarh, Rajasthan","Water-Based Paints & Hardware",116
3053,"Jai Makrana Trade Associates",Nagaur,"Makrana Marble Zone","Trader L Nagaur",+919414006117,"Shop 68, Main Road, Makrana Marble Zone, Nagaur, Rajasthan","Water-Based Paints & Hardware",129
3054,"New Khetri Paints & Hardware Mart",Jhunjhunu,"Khetri Nagar","Trader M Jhunjhunu",+919414006119,"Shop 69, Main Road, Khetri Nagar, Jhunjhunu, Rajasthan","Water-Based Paints & Hardware",142
3055,"Royal Malpura Paint & Sanitary Store",Tonk,"Malpura Road","Trader N Tonk",+919414006121,"Shop 70, Main Road, Malpura Road, Tonk, Rajasthan","Water-Based Paints & Hardware",155
3056,"Modern Junction Colors & Coatings Agency",Hanumangarh,"Junction Market","Trader O Hanumangarh",+919414006123,"Shop 71, Main Road, Junction Market, Hanumangarh, Rajasthan","Water-Based Paints & Hardware",168
3057,"Star Station Hardware & Building Materials",Dausa,"Station Road","Trader P Dausa",+919414006125,"Shop 72, Main Road, Station Road, Dausa, Rajasthan","Water-Based Paints & Hardware",181
3058,"Classic Sindhari Wall Protect & Texture Depot",Barmer,"Sindhari Road","Trader Q Barmer",+919414006127,"Shop 73, Main Road, Sindhari Road, Barmer, Rajasthan","Water-Based Paints & Hardware",194
3059,"National Tonk Trade Associates",Jaipur,"Tonk Road","Trader R Jaipur",+919414006129,"Shop 74, Main Road, Tonk Road, Jaipur, Rajasthan","Water-Based Paints & Hardware",207
3060,"Ganesh Pal Paints & Hardware Mart",Jodhpur,"Pal Road","Trader S Jodhpur",+919414006131,"Shop 75, Main Road, Pal Road, Jodhpur, Rajasthan","Water-Based Paints & Hardware",220
3061,"Maruti Indraprastha Paint & Sanitary Store",Kota,"Indraprastha Industrial Area","Trader T Kota",+919414006133,"Shop 76, Main Road, Indraprastha Industrial Area, Kota, Rajasthan","Water-Based Paints & Hardware",233
3062,"Balaji Bichhwal Colors & Coatings Agency",Bikaner,"Bichhwal Industrial Area","Trader U Bikaner",+919414006135,"Shop 77, Main Road, Bichhwal Industrial Area, Bikaner, Rajasthan","Water-Based Paints & Hardware",246
3063,"Kalyan Parbatpura Hardware & Building Materials",Ajmer,"Parbatpura Industrial Area","Trader V Ajmer",+919414006137,"Shop 78, Main Road, Parbatpura Industrial Area, Ajmer, Rajasthan","Water-Based Paints & Hardware",259
3064,"Krishna Udaisagar Wall Protect & Texture Depot",Udaipur,"Udaisagar Road","Trader W Udaipur",+919414006139,"Shop 79, Main Road, Udaisagar Road, Udaipur, Rajasthan","Water-Based Paints & Hardware",272
3065,"Vikas Bhopalganj Trade Associates",Bhilwara,"Bhopalganj","Trader X Bhilwara",+919414006141,"Shop 80, Main Road, Bhopalganj, Bhilwara, Rajasthan","Water-Based Paints & Hardware",285
3066,"Shree MIA Paints & Hardware Mart",Alwar,"MIA Industrial Area","Trader Y Alwar",+919414006143,"Shop 81, Main Road, MIA Industrial Area, Alwar, Rajasthan","Water-Based Paints & Hardware",298
3067,"Jai Bajoria Paint & Sanitary Store",Sikar,"Bajoria Road","Trader Z Sikar",+919414006145,"Shop 82, Main Road, Bajoria Road, Sikar, Rajasthan","Water-Based Paints & Hardware",311
3068,"New Gola Colors & Coatings Agency",Sri Ganganagar,"Gola Market","Trader A Sri Ganganagar",+919414006147,"Shop 83, Main Road, Gola Market, Sri Ganganagar, Rajasthan","Water-Based Paints & Hardware",324
3069,"Royal Circular Hardware & Building Materials",Bharatpur,"Circular Road","Trader B Bharatpur",+919414006149,"Shop 84, Main Road, Circular Road, Bharatpur, Rajasthan","Water-Based Paints & Hardware",337
3070,"Modern Somnath Wall Protect & Texture Depot",Pali,"Somnath Temple Market","Trader C Pali",+919414006151,"Shop 85, Main Road, Somnath Temple Market, Pali, Rajasthan","Water-Based Paints & Hardware",350
3071,"Star Nimbahera Trade Associates",Chittorgarh,"Nimbahera Town","Trader D Chittorgarh",+919414006153,"Shop 86, Main Road, Nimbahera Town, Chittorgarh, Rajasthan","Water-Based Paints & Hardware",363
3072,"Classic Didwana Paints & Hardware Mart",Nagaur,"Didwana Road","Trader E Nagaur",+919414006155,"Shop 87, Main Road, Didwana Road, Nagaur, Rajasthan","Water-Based Paints & Hardware",376
3073,"National Chirawa Paint & Sanitary Store",Jhunjhunu,"Chirawa Road","Trader F Jhunjhunu",+919414006157,"Shop 88, Main Road, Chirawa Road, Jhunjhunu, Rajasthan","Water-Based Paints & Hardware",389
3074,"Ganesh Civil Colors & Coatings Agency",Tonk,"Civil Lines","Trader G Tonk",+919414006159,"Shop 89, Main Road, Civil Lines, Tonk, Rajasthan","Water-Based Paints & Hardware",402
3075,"Maruti Rawatsar Hardware & Building Materials",Hanumangarh,"Rawatsar Road","Trader H Hanumangarh",+919414006161,"Shop 90, Main Road, Rawatsar Road, Hanumangarh, Rajasthan","Water-Based Paints & Hardware",415
3076,"Balaji Lalsot Wall Protect & Texture Depot",Dausa,"Lalsot Road","Trader I Dausa",+919414006163,"Shop 91, Main Road, Lalsot Road, Dausa, Rajasthan","Water-Based Paints & Hardware",428
3077,"Kalyan Balotra Trade Associates",Barmer,"Balotra Textile & Hardware Hub","Trader J Barmer",+919414006165,"Shop 92, Main Road, Balotra Textile & Hardware Hub, Barmer, Rajasthan","Water-Based Paints & Hardware",41
3078,"Krishna Amer Paints & Hardware Mart",Jaipur,"Amer Road","Trader K Jaipur",+919414006167,"Shop 93, Main Road, Amer Road, Jaipur, Rajasthan","Water-Based Paints & Hardware",54
3079,"Vikas Shastri Paint & Sanitary Store",Jodhpur,"Shastri Nagar","Trader L Jodhpur",+919414006169,"Shop 94, Main Road, Shastri Nagar, Jodhpur, Rajasthan","Water-Based Paints & Hardware",67
3080,"Shree Gumanpura Colors & Coatings Agency",Kota,"Gumanpura","Trader M Kota",+919414006171,"Shop 95, Main Road, Gumanpura, Kota, Rajasthan","Water-Based Paints & Hardware",80
3081,"Jai Rani Hardware & Building Materials",Bikaner,"Rani Bazar Industrial Area","Trader N Bikaner",+919414006173,"Shop 96, Main Road, Rani Bazar Industrial Area, Bikaner, Rajasthan","Water-Based Paints & Hardware",93
3082,"New Kishangarh Wall Protect & Texture Depot",Ajmer,"Kishangarh Marble Mandi","Trader O Ajmer",+919414006175,"Shop 97, Main Road, Kishangarh Marble Mandi, Ajmer, Rajasthan","Water-Based Paints & Hardware",106
3083,"Royal Fatehpura Trade Associates",Udaipur,"Fatehpura","Trader P Udaipur",+919414006177,"Shop 98, Main Road, Fatehpura, Udaipur, Rajasthan","Water-Based Paints & Hardware",119
3084,"Modern Sanganer Paints & Hardware Mart",Bhilwara,"Sanganer Road","Trader Q Bhilwara",+919414006179,"Shop 99, Main Road, Sanganer Road, Bhilwara, Rajasthan","Water-Based Paints & Hardware",132
3085,"Star Manu Paint & Sanitary Store",Alwar,"Manu Marg","Trader R Alwar",+919414006181,"Shop 100, Main Road, Manu Marg, Alwar, Rajasthan","Water-Based Paints & Hardware",145
3086,"Classic Fatehpur Colors & Coatings Agency",Sikar,"Fatehpur Road","Trader S Sikar",+919414006183,"Shop 101, Main Road, Fatehpur Road, Sikar, Rajasthan","Water-Based Paints & Hardware",158
3087,"National Purani Hardware & Building Materials",Sri Ganganagar,"Purani Abadi","Trader T Sri Ganganagar",+919414006185,"Shop 102, Main Road, Purani Abadi, Sri Ganganagar, Rajasthan","Water-Based Paints & Hardware",171
3088,"Ganesh Mathura Wall Protect & Texture Depot",Bharatpur,"Mathura Road","Trader U Bharatpur",+919414006187,"Shop 103, Main Road, Mathura Road, Bharatpur, Rajasthan","Water-Based Paints & Hardware",184
3089,"Maruti Suraj Trade Associates",Pali,"Suraj Pole","Trader V Pali",+919414006189,"Shop 104, Main Road, Suraj Pole, Pali, Rajasthan","Water-Based Paints & Hardware",197
3090,"Balaji Fort Paints & Hardware Mart",Chittorgarh,"Fort Road","Trader W Chittorgarh",+919414006191,"Shop 105, Main Road, Fort Road, Chittorgarh, Rajasthan","Water-Based Paints & Hardware",210
3091,"Kalyan Kuchaman Paint & Sanitary Store",Nagaur,"Kuchaman City","Trader X Nagaur",+919414006193,"Shop 106, Main Road, Kuchaman City, Nagaur, Rajasthan","Water-Based Paints & Hardware",223
3092,"Krishna Peeru Colors & Coatings Agency",Jhunjhunu,"Peeru Singh Circle","Trader Y Jhunjhunu",+919414006195,"Shop 107, Main Road, Peeru Singh Circle, Jhunjhunu, Rajasthan","Water-Based Paints & Hardware",236
3093,"Vikas Subhash Hardware & Building Materials",Tonk,"Subhash Chowk","Trader Z Tonk",+919414006197,"Shop 108, Main Road, Subhash Chowk, Tonk, Rajasthan","Water-Based Paints & Hardware",249
3094,"Shree Industrial Wall Protect & Texture Depot",Hanumangarh,"Industrial Area","Trader A Hanumangarh",+919414006199,"Shop 109, Main Road, Industrial Area, Hanumangarh, Rajasthan","Water-Based Paints & Hardware",262
3095,"Jai Agra Trade Associates",Dausa,"Agra Road","Trader B Dausa",+919414006201,"Shop 110, Main Road, Agra Road, Dausa, Rajasthan","Water-Based Paints & Hardware",275
3096,"New Station Paints & Hardware Mart",Barmer,"Station Road","Trader C Barmer",+919414006203,"Shop 111, Main Road, Station Road, Barmer, Rajasthan","Water-Based Paints & Hardware",288
3097,"Royal Chomu Paint & Sanitary Store",Jaipur,"Chomu","Trader D Jaipur",+919414006205,"Shop 112, Main Road, Chomu, Jaipur, Rajasthan","Water-Based Paints & Hardware",301
3098,"Modern Boranada Colors & Coatings Agency",Jodhpur,"Boranada SEZ","Trader E Jodhpur",+919414006207,"Shop 113, Main Road, Boranada SEZ, Jodhpur, Rajasthan","Water-Based Paints & Hardware",314
3099,"Star DCM Hardware & Building Materials",Kota,"DCM Road","Trader F Kota",+919414006209,"Shop 114, Main Road, DCM Road, Kota, Rajasthan","Water-Based Paints & Hardware",327
3100,"Classic Kote Wall Protect & Texture Depot",Bikaner,"Kote Gate","Trader G Bikaner",+919414006211,"Shop 115, Main Road, Kote Gate, Bikaner, Rajasthan","Water-Based Paints & Hardware",340
3101,"National Beawar Trade Associates",Ajmer,"Beawar City","Trader H Ajmer",+919414006213,"Shop 116, Main Road, Beawar City, Ajmer, Rajasthan","Water-Based Paints & Hardware",353
3102,"Ganesh Sukher Paints & Hardware Mart",Udaipur,"Sukher Industrial Area","Trader I Udaipur",+919414006215,"Shop 117, Main Road, Sukher Industrial Area, Udaipur, Rajasthan","Water-Based Paints & Hardware",366
3103,"Maruti Pur Paint & Sanitary Store",Bhilwara,"Pur Road","Trader J Bhilwara",+919414006217,"Shop 118, Main Road, Pur Road, Bhilwara, Rajasthan","Water-Based Paints & Hardware",379
3104,"Balaji Company Colors & Coatings Agency",Alwar,"Company Bagh","Trader K Alwar",+919414006219,"Shop 119, Main Road, Company Bagh, Alwar, Rajasthan","Water-Based Paints & Hardware",392
3105,"Kalyan Piprali Hardware & Building Materials",Sikar,"Piprali Road","Trader L Sikar",+919414006221,"Shop 120, Main Road, Piprali Road, Sikar, Rajasthan","Water-Based Paints & Hardware",405
3106,"Krishna Birbal Wall Protect & Texture Depot",Sri Ganganagar,"Birbal Chowk","Trader M Sri Ganganagar",+919414006223,"Shop 121, Main Road, Birbal Chowk, Sri Ganganagar, Rajasthan","Water-Based Paints & Hardware",418
3107,"Vikas Sewar Trade Associates",Bharatpur,"Sewar Industrial Area","Trader N Bharatpur",+919414006225,"Shop 122, Main Road, Sewar Industrial Area, Bharatpur, Rajasthan","Water-Based Paints & Hardware",431
3108,"Shree Mandia Paints & Hardware Mart",Pali,"Mandia Road Industrial Area","Trader O Pali",+919414006227,"Shop 123, Main Road, Mandia Road Industrial Area, Pali, Rajasthan","Water-Based Paints & Hardware",44
3109,"Jai Chanderiya Paint & Sanitary Store",Chittorgarh,"Chanderiya Industrial Area","Trader P Chittorgarh",+919414006229,"Shop 124, Main Road, Chanderiya Industrial Area, Chittorgarh, Rajasthan","Water-Based Paints & Hardware",57
3110,"New Merta Colors & Coatings Agency",Nagaur,"Merta City","Trader Q Nagaur",+919414006231,"Shop 125, Main Road, Merta City, Nagaur, Rajasthan","Water-Based Paints & Hardware",70
3111,"Royal Gugali Hardware & Building Materials",Jhunjhunu,"Gugali Market","Trader R Jhunjhunu",+919414006233,"Shop 126, Main Road, Gugali Market, Jhunjhunu, Rajasthan","Water-Based Paints & Hardware",83
3112,"Modern Niwai Wall Protect & Texture Depot",Tonk,"Niwai Industrial Area","Trader S Tonk",+919414006235,"Shop 127, Main Road, Niwai Industrial Area, Tonk, Rajasthan","Water-Based Paints & Hardware",96
3113,"Star Town Trade Associates",Hanumangarh,"Town Main Bazaar","Trader T Hanumangarh",+919414006237,"Shop 128, Main Road, Town Main Bazaar, Hanumangarh, Rajasthan","Water-Based Paints & Hardware",109
3114,"Classic Bandikui Paints & Hardware Mart",Dausa,"Bandikui Mandi","Trader U Dausa",+919414006239,"Shop 129, Main Road, Bandikui Mandi, Dausa, Rajasthan","Water-Based Paints & Hardware",122
3115,"National Refinery Paint & Sanitary Store",Barmer,"Refinery Site Corridor","Trader V Barmer",+919414006241,"Shop 130, Main Road, Refinery Site Corridor, Barmer, Rajasthan","Water-Based Paints & Hardware",135
3116,"Ganesh Malviya Colors & Coatings Agency",Jaipur,"Malviya Nagar","Trader W Jaipur",+919414006243,"Shop 131, Main Road, Malviya Nagar, Jaipur, Rajasthan","Water-Based Paints & Hardware",148
3117,"Maruti Sardarpura Hardware & Building Materials",Jodhpur,"Sardarpura","Trader X Jodhpur",+919414006245,"Shop 132, Main Road, Sardarpura, Jodhpur, Rajasthan","Water-Based Paints & Hardware",161
3118,"Balaji Rampura Wall Protect & Texture Depot",Kota,"Rampura","Trader Y Kota",+919414006247,"Shop 133, Main Road, Rampura, Kota, Rajasthan","Water-Based Paints & Hardware",174
3119,"Kalyan Nokha Trade Associates",Bikaner,"Nokha Road","Trader Z Bikaner",+919414006249,"Shop 134, Main Road, Nokha Road, Bikaner, Rajasthan","Water-Based Paints & Hardware",187
3120,"Krishna Kutchery Paints & Hardware Mart",Ajmer,"Kutchery Road","Trader A Ajmer",+919414006251,"Shop 135, Main Road, Kutchery Road, Ajmer, Rajasthan","Water-Based Paints & Hardware",200
3121,"Vikas Hiran Paint & Sanitary Store",Udaipur,"Hiran Magri","Trader B Udaipur",+919414006253,"Shop 136, Main Road, Hiran Magri, Udaipur, Rajasthan","Water-Based Paints & Hardware",213
3122,"Shree Gandhi Colors & Coatings Agency",Bhilwara,"Gandhi Nagar","Trader C Bhilwara",+919414006255,"Shop 137, Main Road, Gandhi Nagar, Bhilwara, Rajasthan","Water-Based Paints & Hardware",226
3123,"Jai Bhiwadi Hardware & Building Materials",Alwar,"Bhiwadi Industrial Zone","Trader D Alwar",+919414006257,"Shop 138, Main Road, Bhiwadi Industrial Zone, Alwar, Rajasthan","Water-Based Paints & Hardware",239
3124,"New Kotwali Wall Protect & Texture Depot",Sikar,"Kotwali Market","Trader E Sikar",+919414006259,"Shop 139, Main Road, Kotwali Market, Sikar, Rajasthan","Water-Based Paints & Hardware",252
3125,"Royal Suratgarh Trade Associates",Sri Ganganagar,"Suratgarh Road","Trader F Sri Ganganagar",+919414006261,"Shop 140, Main Road, Suratgarh Road, Sri Ganganagar, Rajasthan","Water-Based Paints & Hardware",265
3126,"Modern Kumher Paints & Hardware Mart",Bharatpur,"Kumher Gate","Trader G Bharatpur",+919414006263,"Shop 141, Main Road, Kumher Gate, Bharatpur, Rajasthan","Water-Based Paints & Hardware",278
3127,"Star Sumerpur Paint & Sanitary Store",Pali,"Sumerpur Road","Trader H Pali",+919414006265,"Shop 142, Main Road, Sumerpur Road, Pali, Rajasthan","Water-Based Paints & Hardware",291
3128,"Classic Collectorate Colors & Coatings Agency",Chittorgarh,"Collectorate Road","Trader I Chittorgarh",+919414006267,"Shop 143, Main Road, Collectorate Road, Chittorgarh, Rajasthan","Water-Based Paints & Hardware",304
3129,"National Gandhi Hardware & Building Materials",Nagaur,"Gandhi Chowk","Trader J Nagaur",+919414006269,"Shop 144, Main Road, Gandhi Chowk, Nagaur, Rajasthan","Water-Based Paints & Hardware",317
3130,"Ganesh Mandawa Wall Protect & Texture Depot",Jhunjhunu,"Mandawa Road","Trader K Jhunjhunu",+919414006271,"Shop 145, Main Road, Mandawa Road, Jhunjhunu, Rajasthan","Water-Based Paints & Hardware",330
3131,"Maruti Malpura Trade Associates",Tonk,"Malpura Road","Trader L Tonk",+919414006273,"Shop 146, Main Road, Malpura Road, Tonk, Rajasthan","Water-Based Paints & Hardware",343
3132,"Balaji Junction Paints & Hardware Mart",Hanumangarh,"Junction Market","Trader M Hanumangarh",+919414006275,"Shop 147, Main Road, Junction Market, Hanumangarh, Rajasthan","Water-Based Paints & Hardware",356
3133,"Kalyan Station Paint & Sanitary Store",Dausa,"Station Road","Trader N Dausa",+919414006277,"Shop 148, Main Road, Station Road, Dausa, Rajasthan","Water-Based Paints & Hardware",369
3134,"Krishna Sindhari Colors & Coatings Agency",Barmer,"Sindhari Road","Trader O Barmer",+919414006279,"Shop 149, Main Road, Sindhari Road, Barmer, Rajasthan","Water-Based Paints & Hardware",382
3135,"Vikas Transport Hardware & Building Materials",Jaipur,"Transport Nagar","Trader P Jaipur",+919414006281,"Shop 150, Main Road, Transport Nagar, Jaipur, Rajasthan","Water-Based Paints & Hardware",395
3136,"Shree Basni Wall Protect & Texture Depot",Jodhpur,"Basni Industrial Area","Trader Q Jodhpur",+919414006283,"Shop 151, Main Road, Basni Industrial Area, Jodhpur, Rajasthan","Water-Based Paints & Hardware",408
3137,"Jai Vigyan Trade Associates",Kota,"Vigyan Nagar","Trader R Kota",+919414006285,"Shop 152, Main Road, Vigyan Nagar, Kota, Rajasthan","Water-Based Paints & Hardware",421
3138,"New Sadul Paints & Hardware Mart",Bikaner,"Sadul Colony","Trader S Bikaner",+919414006287,"Shop 153, Main Road, Sadul Colony, Bikaner, Rajasthan","Water-Based Paints & Hardware",434
3139,"Royal Madar Paint & Sanitary Store",Ajmer,"Madar Gate","Trader T Ajmer",+919414006289,"Shop 154, Main Road, Madar Gate, Ajmer, Rajasthan","Water-Based Paints & Hardware",47
3140,"Modern Bapu Colors & Coatings Agency",Udaipur,"Bapu Bazar","Trader U Udaipur",+919414006291,"Shop 155, Main Road, Bapu Bazar, Udaipur, Rajasthan","Water-Based Paints & Hardware",60
3141,"Star RIICO Hardware & Building Materials",Bhilwara,"RIICO Industrial Area","Trader V Bhilwara",+919414006293,"Shop 156, Main Road, RIICO Industrial Area, Bhilwara, Rajasthan","Water-Based Paints & Hardware",73
3142,"Classic Neemrana Wall Protect & Texture Depot",Alwar,"Neemrana Japanese Zone","Trader W Alwar",+919414006295,"Shop 157, Main Road, Neemrana Japanese Zone, Alwar, Rajasthan","Water-Based Paints & Hardware",86
3143,"National Salasar Trade Associates",Sikar,"Salasar Bus Stand","Trader X Sikar",+919414006297,"Shop 158, Main Road, Salasar Bus Stand, Sikar, Rajasthan","Water-Based Paints & Hardware",99
3144,"Ganesh Padampur Paints & Hardware Mart",Sri Ganganagar,"Padampur Road","Trader Y Sri Ganganagar",+919414006299,"Shop 159, Main Road, Padampur Road, Sri Ganganagar, Rajasthan","Water-Based Paints & Hardware",112
3145,"Maruti Anah Paint & Sanitary Store",Bharatpur,"Anah Gate","Trader Z Bharatpur",+919414006301,"Shop 160, Main Road, Anah Gate, Bharatpur, Rajasthan","Water-Based Paints & Hardware",125
3146,"Balaji Somnath Colors & Coatings Agency",Pali,"Somnath Temple Market","Trader A Pali",+919414006303,"Shop 161, Main Road, Somnath Temple Market, Pali, Rajasthan","Water-Based Paints & Hardware",138
3147,"Kalyan Nimbahera Hardware & Building Materials",Chittorgarh,"Nimbahera Town","Trader B Chittorgarh",+919414006305,"Shop 162, Main Road, Nimbahera Town, Chittorgarh, Rajasthan","Water-Based Paints & Hardware",151
3148,"Krishna Makrana Wall Protect & Texture Depot",Nagaur,"Makrana Marble Zone","Trader C Nagaur",+919414006307,"Shop 163, Main Road, Makrana Marble Zone, Nagaur, Rajasthan","Water-Based Paints & Hardware",164
3149,"Vikas Khetri Trade Associates",Jhunjhunu,"Khetri Nagar","Trader D Jhunjhunu",+919414006309,"Shop 164, Main Road, Khetri Nagar, Jhunjhunu, Rajasthan","Water-Based Paints & Hardware",177
3150,"Shree Civil Paints & Hardware Mart",Tonk,"Civil Lines","Trader E Tonk",+919414006311,"Shop 165, Main Road, Civil Lines, Tonk, Rajasthan","Water-Based Paints & Hardware",190
3151,"Jai Rawatsar Paint & Sanitary Store",Hanumangarh,"Rawatsar Road","Trader F Hanumangarh",+919414006313,"Shop 166, Main Road, Rawatsar Road, Hanumangarh, Rajasthan","Water-Based Paints & Hardware",203
3152,"New Lalsot Colors & Coatings Agency",Dausa,"Lalsot Road","Trader G Dausa",+919414006315,"Shop 167, Main Road, Lalsot Road, Dausa, Rajasthan","Water-Based Paints & Hardware",216
3153,"Royal Balotra Hardware & Building Materials",Barmer,"Balotra Textile & Hardware Hub","Trader H Barmer",+919414006317,"Shop 168, Main Road, Balotra Textile & Hardware Hub, Barmer, Rajasthan","Water-Based Paints & Hardware",229
3154,"Modern Vaishali Wall Protect & Texture Depot",Jaipur,"Vaishali Nagar","Trader I Jaipur",+919414006319,"Shop 169, Main Road, Vaishali Nagar, Jaipur, Rajasthan","Water-Based Paints & Hardware",242
3155,"Star Ratanada Trade Associates",Jodhpur,"Ratanada","Trader J Jodhpur",+919414006321,"Shop 170, Main Road, Ratanada, Jodhpur, Rajasthan","Water-Based Paints & Hardware",255
3156,"Classic Mahaveer Paints & Hardware Mart",Kota,"Mahaveer Nagar","Trader K Kota",+919414006323,"Shop 171, Main Road, Mahaveer Nagar, Kota, Rajasthan","Water-Based Paints & Hardware",268
3157,"National Bichhwal Paint & Sanitary Store",Bikaner,"Bichhwal Industrial Area","Trader L Bikaner",+919414006325,"Shop 172, Main Road, Bichhwal Industrial Area, Bikaner, Rajasthan","Water-Based Paints & Hardware",281
3158,"Ganesh Clock Colors & Coatings Agency",Ajmer,"Clock Tower Market","Trader M Ajmer",+919414006327,"Shop 173, Main Road, Clock Tower Market, Ajmer, Rajasthan","Water-Based Paints & Hardware",294
3159,"Maruti Mewar Hardware & Building Materials",Udaipur,"Mewar Industrial Area","Trader N Udaipur",+919414006329,"Shop 174, Main Road, Mewar Industrial Area, Udaipur, Rajasthan","Water-Based Paints & Hardware",307
3160,"Balaji Bhopalganj Wall Protect & Texture Depot",Bhilwara,"Bhopalganj","Trader O Bhilwara",+919414006331,"Shop 175, Main Road, Bhopalganj, Bhilwara, Rajasthan","Water-Based Paints & Hardware",320
3161,"Kalyan Tijara Trade Associates",Alwar,"Tijara Road","Trader P Alwar",+919414006333,"Shop 176, Main Road, Tijara Road, Alwar, Rajasthan","Water-Based Paints & Hardware",333
3162,"Krishna Station Paints & Hardware Mart",Sikar,"Station Road","Trader Q Sikar",+919414006335,"Shop 177, Main Road, Station Road, Sikar, Rajasthan","Water-Based Paints & Hardware",346
3163,"Vikas Gola Paint & Sanitary Store",Sri Ganganagar,"Gola Market","Trader R Sri Ganganagar",+919414006337,"Shop 178, Main Road, Gola Market, Sri Ganganagar, Rajasthan","Water-Based Paints & Hardware",359
3164,"Shree Circular Colors & Coatings Agency",Bharatpur,"Circular Road","Trader S Bharatpur",+919414006339,"Shop 179, Main Road, Circular Road, Bharatpur, Rajasthan","Water-Based Paints & Hardware",372
3165,"Jai Suraj Hardware & Building Materials",Pali,"Suraj Pole","Trader T Pali",+919414006341,"Shop 180, Main Road, Suraj Pole, Pali, Rajasthan","Water-Based Paints & Hardware",385
3166,"New Fort Wall Protect & Texture Depot",Chittorgarh,"Fort Road","Trader U Chittorgarh",+919414006343,"Shop 181, Main Road, Fort Road, Chittorgarh, Rajasthan","Water-Based Paints & Hardware",398
3167,"Royal Didwana Trade Associates",Nagaur,"Didwana Road","Trader V Nagaur",+919414006345,"Shop 182, Main Road, Didwana Road, Nagaur, Rajasthan","Water-Based Paints & Hardware",411
3168,"Modern Chirawa Paints & Hardware Mart",Jhunjhunu,"Chirawa Road","Trader W Jhunjhunu",+919414006347,"Shop 183, Main Road, Chirawa Road, Jhunjhunu, Rajasthan","Water-Based Paints & Hardware",424
3169,"Star Subhash Paint & Sanitary Store",Tonk,"Subhash Chowk","Trader X Tonk",+919414006349,"Shop 184, Main Road, Subhash Chowk, Tonk, Rajasthan","Water-Based Paints & Hardware",437
3170,"Classic Industrial Colors & Coatings Agency",Hanumangarh,"Industrial Area","Trader Y Hanumangarh",+919414006351,"Shop 185, Main Road, Industrial Area, Hanumangarh, Rajasthan","Water-Based Paints & Hardware",50
3171,"National Agra Hardware & Building Materials",Dausa,"Agra Road","Trader Z Dausa",+919414006353,"Shop 186, Main Road, Agra Road, Dausa, Rajasthan","Water-Based Paints & Hardware",63
3172,"Ganesh Station Wall Protect & Texture Depot",Barmer,"Station Road","Trader A Barmer",+919414006355,"Shop 187, Main Road, Station Road, Barmer, Rajasthan","Water-Based Paints & Hardware",76
3173,"Maruti Jhotwara Trade Associates",Jaipur,"Jhotwara","Trader B Jaipur",+919414006357,"Shop 188, Main Road, Jhotwara, Jaipur, Rajasthan","Water-Based Paints & Hardware",89
3174,"Balaji Mandore Paints & Hardware Mart",Jodhpur,"Mandore Road","Trader C Jodhpur",+919414006359,"Shop 189, Main Road, Mandore Road, Jodhpur, Rajasthan","Water-Based Paints & Hardware",102
3175,"Kalyan Borkhera Paint & Sanitary Store",Kota,"Borkhera","Trader D Kota",+919414006361,"Shop 190, Main Road, Borkhera, Kota, Rajasthan","Water-Based Paints & Hardware",115
3176,"Krishna Rani Colors & Coatings Agency",Bikaner,"Rani Bazar Industrial Area","Trader E Bikaner",+919414006363,"Shop 191, Main Road, Rani Bazar Industrial Area, Bikaner, Rajasthan","Water-Based Paints & Hardware",128
3177,"Vikas Parbatpura Hardware & Building Materials",Ajmer,"Parbatpura Industrial Area","Trader F Ajmer",+919414006365,"Shop 192, Main Road, Parbatpura Industrial Area, Ajmer, Rajasthan","Water-Based Paints & Hardware",141
3178,"Shree Udaisagar Wall Protect & Texture Depot",Udaipur,"Udaisagar Road","Trader G Udaipur",+919414006367,"Shop 193, Main Road, Udaisagar Road, Udaipur, Rajasthan","Water-Based Paints & Hardware",154
3179,"Jai Sanganer Trade Associates",Bhilwara,"Sanganer Road","Trader H Bhilwara",+919414006369,"Shop 194, Main Road, Sanganer Road, Bhilwara, Rajasthan","Water-Based Paints & Hardware",167
3180,"New MIA Paints & Hardware Mart",Alwar,"MIA Industrial Area","Trader I Alwar",+919414006371,"Shop 195, Main Road, MIA Industrial Area, Alwar, Rajasthan","Water-Based Paints & Hardware",180
3181,"Royal Bajoria Paint & Sanitary Store",Sikar,"Bajoria Road","Trader J Sikar",+919414006373,"Shop 196, Main Road, Bajoria Road, Sikar, Rajasthan","Water-Based Paints & Hardware",193
3182,"Modern Purani Colors & Coatings Agency",Sri Ganganagar,"Purani Abadi","Trader K Sri Ganganagar",+919414006375,"Shop 197, Main Road, Purani Abadi, Sri Ganganagar, Rajasthan","Water-Based Paints & Hardware",206
3183,"Star Mathura Hardware & Building Materials",Bharatpur,"Mathura Road","Trader L Bharatpur",+919414006377,"Shop 198, Main Road, Mathura Road, Bharatpur, Rajasthan","Water-Based Paints & Hardware",219
3184,"Classic Mandia Wall Protect & Texture Depot",Pali,"Mandia Road Industrial Area","Trader M Pali",+919414006379,"Shop 199, Main Road, Mandia Road Industrial Area, Pali, Rajasthan","Water-Based Paints & Hardware",232
3185,"National Chanderiya Trade Associates",Chittorgarh,"Chanderiya Industrial Area","Trader N Chittorgarh",+919414006381,"Shop 200, Main Road, Chanderiya Industrial Area, Chittorgarh, Rajasthan","Water-Based Paints & Hardware",245
3186,"Ganesh Kuchaman Paints & Hardware Mart",Nagaur,"Kuchaman City","Trader O Nagaur",+919414006383,"Shop 201, Main Road, Kuchaman City, Nagaur, Rajasthan","Water-Based Paints & Hardware",258
3187,"Maruti Peeru Paint & Sanitary Store",Jhunjhunu,"Peeru Singh Circle","Trader P Jhunjhunu",+919414006385,"Shop 202, Main Road, Peeru Singh Circle, Jhunjhunu, Rajasthan","Water-Based Paints & Hardware",271
3188,"Balaji Niwai Colors & Coatings Agency",Tonk,"Niwai Industrial Area","Trader Q Tonk",+919414006387,"Shop 203, Main Road, Niwai Industrial Area, Tonk, Rajasthan","Water-Based Paints & Hardware",284
3189,"Kalyan Town Hardware & Building Materials",Hanumangarh,"Town Main Bazaar","Trader R Hanumangarh",+919414006389,"Shop 204, Main Road, Town Main Bazaar, Hanumangarh, Rajasthan","Water-Based Paints & Hardware",297
3190,"Krishna Bandikui Wall Protect & Texture Depot",Dausa,"Bandikui Mandi","Trader S Dausa",+919414006391,"Shop 205, Main Road, Bandikui Mandi, Dausa, Rajasthan","Water-Based Paints & Hardware",310
3191,"Vikas Refinery Trade Associates",Barmer,"Refinery Site Corridor","Trader T Barmer",+919414006393,"Shop 206, Main Road, Refinery Site Corridor, Barmer, Rajasthan","Water-Based Paints & Hardware",323
3192,"Shree Sanganer Paints & Hardware Mart",Jaipur,"Sanganer Town","Trader U Jaipur",+919414006395,"Shop 207, Main Road, Sanganer Town, Jaipur, Rajasthan","Water-Based Paints & Hardware",336
3193,"Jai Pal Paint & Sanitary Store",Jodhpur,"Pal Road","Trader V Jodhpur",+919414006397,"Shop 208, Main Road, Pal Road, Jodhpur, Rajasthan","Water-Based Paints & Hardware",349
3194,"New Indraprastha Colors & Coatings Agency",Kota,"Indraprastha Industrial Area","Trader W Kota",+919414006399,"Shop 209, Main Road, Indraprastha Industrial Area, Kota, Rajasthan","Water-Based Paints & Hardware",362
3195,"Royal Kote Hardware & Building Materials",Bikaner,"Kote Gate","Trader X Bikaner",+919414006401,"Shop 210, Main Road, Kote Gate, Bikaner, Rajasthan","Water-Based Paints & Hardware",375
3196,"Modern Kishangarh Wall Protect & Texture Depot",Ajmer,"Kishangarh Marble Mandi","Trader Y Ajmer",+919414006403,"Shop 211, Main Road, Kishangarh Marble Mandi, Ajmer, Rajasthan","Water-Based Paints & Hardware",388
3197,"Star Fatehpura Trade Associates",Udaipur,"Fatehpura","Trader Z Udaipur",+919414006405,"Shop 212, Main Road, Fatehpura, Udaipur, Rajasthan","Water-Based Paints & Hardware",401
3198,"Classic Pur Paints & Hardware Mart",Bhilwara,"Pur Road","Trader A Bhilwara",+919414006407,"Shop 213, Main Road, Pur Road, Bhilwara, Rajasthan","Water-Based Paints & Hardware",414
3199,"National Manu Paint & Sanitary Store",Alwar,"Manu Marg","Trader B Alwar",+919414006409,"Shop 214, Main Road, Manu Marg, Alwar, Rajasthan","Water-Based Paints & Hardware",427
3200,"Ganesh Fatehpur Colors & Coatings Agency",Sikar,"Fatehpur Road","Trader C Sikar",+919414006411,"Shop 15, Main Road, Fatehpur Road, Sikar, Rajasthan","Water-Based Paints & Hardware",40
3201,"Maruti Birbal Hardware & Building Materials",Sri Ganganagar,"Birbal Chowk","Trader D Sri Ganganagar",+919414006413,"Shop 16, Main Road, Birbal Chowk, Sri Ganganagar, Rajasthan","Water-Based Paints & Hardware",53
3202,"Balaji Sewar Wall Protect & Texture Depot",Bharatpur,"Sewar Industrial Area","Trader E Bharatpur",+919414006415,"Shop 17, Main Road, Sewar Industrial Area, Bharatpur, Rajasthan","Water-Based Paints & Hardware",66
3203,"Kalyan Sumerpur Trade Associates",Pali,"Sumerpur Road","Trader F Pali",+919414006417,"Shop 18, Main Road, Sumerpur Road, Pali, Rajasthan","Water-Based Paints & Hardware",79
3204,"Krishna Collectorate Paints & Hardware Mart",Chittorgarh,"Collectorate Road","Trader G Chittorgarh",+919414006419,"Shop 19, Main Road, Collectorate Road, Chittorgarh, Rajasthan","Water-Based Paints & Hardware",92
3205,"Vikas Merta Paint & Sanitary Store",Nagaur,"Merta City","Trader H Nagaur",+919414006421,"Shop 20, Main Road, Merta City, Nagaur, Rajasthan","Water-Based Paints & Hardware",105
3206,"Shree Gugali Colors & Coatings Agency",Jhunjhunu,"Gugali Market","Trader I Jhunjhunu",+919414006423,"Shop 21, Main Road, Gugali Market, Jhunjhunu, Rajasthan","Water-Based Paints & Hardware",118
3207,"Jai Malpura Hardware & Building Materials",Tonk,"Malpura Road","Trader J Tonk",+919414006425,"Shop 22, Main Road, Malpura Road, Tonk, Rajasthan","Water-Based Paints & Hardware",131
3208,"New Junction Wall Protect & Texture Depot",Hanumangarh,"Junction Market","Trader K Hanumangarh",+919414006427,"Shop 23, Main Road, Junction Market, Hanumangarh, Rajasthan","Water-Based Paints & Hardware",144
3209,"Royal Station Trade Associates",Dausa,"Station Road","Trader L Dausa",+919414006429,"Shop 24, Main Road, Station Road, Dausa, Rajasthan","Water-Based Paints & Hardware",157
3210,"Modern Sindhari Paints & Hardware Mart",Barmer,"Sindhari Road","Trader M Barmer",+919414006431,"Shop 25, Main Road, Sindhari Road, Barmer, Rajasthan","Water-Based Paints & Hardware",170
3211,"Star VKI Paint & Sanitary Store",Jaipur,"VKI Industrial Area","Trader N Jaipur",+919414006433,"Shop 26, Main Road, VKI Industrial Area, Jaipur, Rajasthan","Water-Based Paints & Hardware",183
3212,"Classic Shastri Colors & Coatings Agency",Jodhpur,"Shastri Nagar","Trader O Jodhpur",+919414006435,"Shop 27, Main Road, Shastri Nagar, Jodhpur, Rajasthan","Water-Based Paints & Hardware",196
3213,"National Gumanpura Hardware & Building Materials",Kota,"Gumanpura","Trader P Kota",+919414006437,"Shop 28, Main Road, Gumanpura, Kota, Rajasthan","Water-Based Paints & Hardware",209
3214,"Ganesh Nokha Wall Protect & Texture Depot",Bikaner,"Nokha Road","Trader Q Bikaner",+919414006439,"Shop 29, Main Road, Nokha Road, Bikaner, Rajasthan","Water-Based Paints & Hardware",222
3215,"Maruti Beawar Trade Associates",Ajmer,"Beawar City","Trader R Ajmer",+919414006441,"Shop 30, Main Road, Beawar City, Ajmer, Rajasthan","Water-Based Paints & Hardware",235
3216,"Balaji Sukher Paints & Hardware Mart",Udaipur,"Sukher Industrial Area","Trader S Udaipur",+919414006443,"Shop 31, Main Road, Sukher Industrial Area, Udaipur, Rajasthan","Water-Based Paints & Hardware",248
3217,"Kalyan Gandhi Paint & Sanitary Store",Bhilwara,"Gandhi Nagar","Trader T Bhilwara",+919414006445,"Shop 32, Main Road, Gandhi Nagar, Bhilwara, Rajasthan","Water-Based Paints & Hardware",261
3218,"Krishna Company Colors & Coatings Agency",Alwar,"Company Bagh","Trader U Alwar",+919414006447,"Shop 33, Main Road, Company Bagh, Alwar, Rajasthan","Water-Based Paints & Hardware",274
3219,"Vikas Piprali Hardware & Building Materials",Sikar,"Piprali Road","Trader V Sikar",+919414006449,"Shop 34, Main Road, Piprali Road, Sikar, Rajasthan","Water-Based Paints & Hardware",287
3220,"Shree Suratgarh Wall Protect & Texture Depot",Sri Ganganagar,"Suratgarh Road","Trader W Sri Ganganagar",+919414006451,"Shop 35, Main Road, Suratgarh Road, Sri Ganganagar, Rajasthan","Water-Based Paints & Hardware",300
3221,"Jai Kumher Trade Associates",Bharatpur,"Kumher Gate","Trader X Bharatpur",+919414006453,"Shop 36, Main Road, Kumher Gate, Bharatpur, Rajasthan","Water-Based Paints & Hardware",313
3222,"New Somnath Paints & Hardware Mart",Pali,"Somnath Temple Market","Trader Y Pali",+919414006455,"Shop 37, Main Road, Somnath Temple Market, Pali, Rajasthan","Water-Based Paints & Hardware",326
3223,"Royal Nimbahera Paint & Sanitary Store",Chittorgarh,"Nimbahera Town","Trader Z Chittorgarh",+919414006457,"Shop 38, Main Road, Nimbahera Town, Chittorgarh, Rajasthan","Water-Based Paints & Hardware",339
3224,"Modern Gandhi Colors & Coatings Agency",Nagaur,"Gandhi Chowk","Trader A Nagaur",+919414006459,"Shop 39, Main Road, Gandhi Chowk, Nagaur, Rajasthan","Water-Based Paints & Hardware",352
3225,"Star Mandawa Hardware & Building Materials",Jhunjhunu,"Mandawa Road","Trader B Jhunjhunu",+919414006461,"Shop 40, Main Road, Mandawa Road, Jhunjhunu, Rajasthan","Water-Based Paints & Hardware",365
3226,"Classic Civil Wall Protect & Texture Depot",Tonk,"Civil Lines","Trader C Tonk",+919414006463,"Shop 41, Main Road, Civil Lines, Tonk, Rajasthan","Water-Based Paints & Hardware",378
3227,"National Rawatsar Trade Associates",Hanumangarh,"Rawatsar Road","Trader D Hanumangarh",+919414006465,"Shop 42, Main Road, Rawatsar Road, Hanumangarh, Rajasthan","Water-Based Paints & Hardware",391
3228,"Ganesh Lalsot Paints & Hardware Mart",Dausa,"Lalsot Road","Trader E Dausa",+919414006467,"Shop 43, Main Road, Lalsot Road, Dausa, Rajasthan","Water-Based Paints & Hardware",404
3229,"Maruti Balotra Paint & Sanitary Store",Barmer,"Balotra Textile & Hardware Hub","Trader F Barmer",+919414006469,"Shop 44, Main Road, Balotra Textile & Hardware Hub, Barmer, Rajasthan","Water-Based Paints & Hardware",417
3230,"Balaji Mansarovar Colors & Coatings Agency",Jaipur,"Mansarovar","Trader G Jaipur",+919414006471,"Shop 45, Main Road, Mansarovar, Jaipur, Rajasthan","Water-Based Paints & Hardware",430
3231,"Kalyan Boranada Hardware & Building Materials",Jodhpur,"Boranada SEZ","Trader H Jodhpur",+919414006473,"Shop 46, Main Road, Boranada SEZ, Jodhpur, Rajasthan","Water-Based Paints & Hardware",43
3232,"Krishna DCM Wall Protect & Texture Depot",Kota,"DCM Road","Trader I Kota",+919414006475,"Shop 47, Main Road, DCM Road, Kota, Rajasthan","Water-Based Paints & Hardware",56
3233,"Vikas Sadul Trade Associates",Bikaner,"Sadul Colony","Trader J Bikaner",+919414006477,"Shop 48, Main Road, Sadul Colony, Bikaner, Rajasthan","Water-Based Paints & Hardware",69
3234,"Shree Kutchery Paints & Hardware Mart",Ajmer,"Kutchery Road","Trader K Ajmer",+919414006479,"Shop 49, Main Road, Kutchery Road, Ajmer, Rajasthan","Water-Based Paints & Hardware",82
3235,"Jai Hiran Paint & Sanitary Store",Udaipur,"Hiran Magri","Trader L Udaipur",+919414006481,"Shop 50, Main Road, Hiran Magri, Udaipur, Rajasthan","Water-Based Paints & Hardware",95
3236,"New RIICO Colors & Coatings Agency",Bhilwara,"RIICO Industrial Area","Trader M Bhilwara",+919414006483,"Shop 51, Main Road, RIICO Industrial Area, Bhilwara, Rajasthan","Water-Based Paints & Hardware",108
3237,"Royal Bhiwadi Hardware & Building Materials",Alwar,"Bhiwadi Industrial Zone","Trader N Alwar",+919414006485,"Shop 52, Main Road, Bhiwadi Industrial Zone, Alwar, Rajasthan","Water-Based Paints & Hardware",121
3238,"Modern Kotwali Wall Protect & Texture Depot",Sikar,"Kotwali Market","Trader O Sikar",+919414006487,"Shop 53, Main Road, Kotwali Market, Sikar, Rajasthan","Water-Based Paints & Hardware",134
3239,"Star Padampur Trade Associates",Sri Ganganagar,"Padampur Road","Trader P Sri Ganganagar",+919414006489,"Shop 54, Main Road, Padampur Road, Sri Ganganagar, Rajasthan","Water-Based Paints & Hardware",147
3240,"Classic Anah Paints & Hardware Mart",Bharatpur,"Anah Gate","Trader Q Bharatpur",+919414006491,"Shop 55, Main Road, Anah Gate, Bharatpur, Rajasthan","Water-Based Paints & Hardware",160
3241,"National Suraj Paint & Sanitary Store",Pali,"Suraj Pole","Trader R Pali",+919414006493,"Shop 56, Main Road, Suraj Pole, Pali, Rajasthan","Water-Based Paints & Hardware",173
3242,"Ganesh Fort Colors & Coatings Agency",Chittorgarh,"Fort Road","Trader S Chittorgarh",+919414006495,"Shop 57, Main Road, Fort Road, Chittorgarh, Rajasthan","Water-Based Paints & Hardware",186
3243,"Maruti Makrana Hardware & Building Materials",Nagaur,"Makrana Marble Zone","Trader T Nagaur",+919414006497,"Shop 58, Main Road, Makrana Marble Zone, Nagaur, Rajasthan","Water-Based Paints & Hardware",199
3244,"Balaji Khetri Wall Protect & Texture Depot",Jhunjhunu,"Khetri Nagar","Trader U Jhunjhunu",+919414006499,"Shop 59, Main Road, Khetri Nagar, Jhunjhunu, Rajasthan","Water-Based Paints & Hardware",212
3245,"Kalyan Subhash Trade Associates",Tonk,"Subhash Chowk","Trader V Tonk",+919414006501,"Shop 60, Main Road, Subhash Chowk, Tonk, Rajasthan","Water-Based Paints & Hardware",225
3246,"Krishna Industrial Paints & Hardware Mart",Hanumangarh,"Industrial Area","Trader W Hanumangarh",+919414006503,"Shop 61, Main Road, Industrial Area, Hanumangarh, Rajasthan","Water-Based Paints & Hardware",238
3247,"Vikas Agra Paint & Sanitary Store",Dausa,"Agra Road","Trader X Dausa",+919414006505,"Shop 62, Main Road, Agra Road, Dausa, Rajasthan","Water-Based Paints & Hardware",251
3248,"Shree Station Colors & Coatings Agency",Barmer,"Station Road","Trader Y Barmer",+919414006507,"Shop 63, Main Road, Station Road, Barmer, Rajasthan","Water-Based Paints & Hardware",264
3249,"Jai Tonk Hardware & Building Materials",Jaipur,"Tonk Road","Trader Z Jaipur",+919414006509,"Shop 64, Main Road, Tonk Road, Jaipur, Rajasthan","Water-Based Paints & Hardware",277
3250,"New Sardarpura Wall Protect & Texture Depot",Jodhpur,"Sardarpura","Trader A Jodhpur",+919414006511,"Shop 65, Main Road, Sardarpura, Jodhpur, Rajasthan","Water-Based Paints & Hardware",290
3251,"Royal Rampura Trade Associates",Kota,"Rampura","Trader B Kota",+919414006513,"Shop 66, Main Road, Rampura, Kota, Rajasthan","Water-Based Paints & Hardware",303
3252,"Modern Bichhwal Paints & Hardware Mart",Bikaner,"Bichhwal Industrial Area","Trader C Bikaner",+919414006515,"Shop 67, Main Road, Bichhwal Industrial Area, Bikaner, Rajasthan","Water-Based Paints & Hardware",316
3253,"Star Madar Paint & Sanitary Store",Ajmer,"Madar Gate","Trader D Ajmer",+919414006517,"Shop 68, Main Road, Madar Gate, Ajmer, Rajasthan","Water-Based Paints & Hardware",329
3254,"Classic Bapu Colors & Coatings Agency",Udaipur,"Bapu Bazar","Trader E Udaipur",+919414006519,"Shop 69, Main Road, Bapu Bazar, Udaipur, Rajasthan","Water-Based Paints & Hardware",342
3255,"National Bhopalganj Hardware & Building Materials",Bhilwara,"Bhopalganj","Trader F Bhilwara",+919414006521,"Shop 70, Main Road, Bhopalganj, Bhilwara, Rajasthan","Water-Based Paints & Hardware",355
3256,"Ganesh Neemrana Wall Protect & Texture Depot",Alwar,"Neemrana Japanese Zone","Trader G Alwar",+919414006523,"Shop 71, Main Road, Neemrana Japanese Zone, Alwar, Rajasthan","Water-Based Paints & Hardware",368
3257,"Maruti Salasar Trade Associates",Sikar,"Salasar Bus Stand","Trader H Sikar",+919414006525,"Shop 72, Main Road, Salasar Bus Stand, Sikar, Rajasthan","Water-Based Paints & Hardware",381
3258,"Balaji Gola Paints & Hardware Mart",Sri Ganganagar,"Gola Market","Trader I Sri Ganganagar",+919414006527,"Shop 73, Main Road, Gola Market, Sri Ganganagar, Rajasthan","Water-Based Paints & Hardware",394
3259,"Kalyan Circular Paint & Sanitary Store",Bharatpur,"Circular Road","Trader J Bharatpur",+919414006529,"Shop 74, Main Road, Circular Road, Bharatpur, Rajasthan","Water-Based Paints & Hardware",407
3260,"Krishna Mandia Colors & Coatings Agency",Pali,"Mandia Road Industrial Area","Trader K Pali",+919414006531,"Shop 75, Main Road, Mandia Road Industrial Area, Pali, Rajasthan","Water-Based Paints & Hardware",420
3261,"Vikas Chanderiya Hardware & Building Materials",Chittorgarh,"Chanderiya Industrial Area","Trader L Chittorgarh",+919414006533,"Shop 76, Main Road, Chanderiya Industrial Area, Chittorgarh, Rajasthan","Water-Based Paints & Hardware",433
3262,"Shree Didwana Wall Protect & Texture Depot",Nagaur,"Didwana Road","Trader M Nagaur",+919414006535,"Shop 77, Main Road, Didwana Road, Nagaur, Rajasthan","Water-Based Paints & Hardware",46
3263,"Jai Chirawa Trade Associates",Jhunjhunu,"Chirawa Road","Trader N Jhunjhunu",+919414006537,"Shop 78, Main Road, Chirawa Road, Jhunjhunu, Rajasthan","Water-Based Paints & Hardware",59
3264,"New Niwai Paints & Hardware Mart",Tonk,"Niwai Industrial Area","Trader O Tonk",+919414006539,"Shop 79, Main Road, Niwai Industrial Area, Tonk, Rajasthan","Water-Based Paints & Hardware",72
3265,"Royal Town Paint & Sanitary Store",Hanumangarh,"Town Main Bazaar","Trader P Hanumangarh",+919414006541,"Shop 80, Main Road, Town Main Bazaar, Hanumangarh, Rajasthan","Water-Based Paints & Hardware",85
3266,"Modern Bandikui Colors & Coatings Agency",Dausa,"Bandikui Mandi","Trader Q Dausa",+919414006543,"Shop 81, Main Road, Bandikui Mandi, Dausa, Rajasthan","Water-Based Paints & Hardware",98
3267,"Star Refinery Hardware & Building Materials",Barmer,"Refinery Site Corridor","Trader R Barmer",+919414006545,"Shop 82, Main Road, Refinery Site Corridor, Barmer, Rajasthan","Water-Based Paints & Hardware",111
3268,"Classic Amer Wall Protect & Texture Depot",Jaipur,"Amer Road","Trader S Jaipur",+919414006547,"Shop 83, Main Road, Amer Road, Jaipur, Rajasthan","Water-Based Paints & Hardware",124
3269,"National Basni Trade Associates",Jodhpur,"Basni Industrial Area","Trader T Jodhpur",+919414006549,"Shop 84, Main Road, Basni Industrial Area, Jodhpur, Rajasthan","Water-Based Paints & Hardware",137
3270,"Ganesh Vigyan Paints & Hardware Mart",Kota,"Vigyan Nagar","Trader U Kota",+919414006551,"Shop 85, Main Road, Vigyan Nagar, Kota, Rajasthan","Water-Based Paints & Hardware",150
3271,"Maruti Rani Paint & Sanitary Store",Bikaner,"Rani Bazar Industrial Area","Trader V Bikaner",+919414006553,"Shop 86, Main Road, Rani Bazar Industrial Area, Bikaner, Rajasthan","Water-Based Paints & Hardware",163
3272,"Balaji Clock Colors & Coatings Agency",Ajmer,"Clock Tower Market","Trader W Ajmer",+919414006555,"Shop 87, Main Road, Clock Tower Market, Ajmer, Rajasthan","Water-Based Paints & Hardware",176
3273,"Kalyan Mewar Hardware & Building Materials",Udaipur,"Mewar Industrial Area","Trader X Udaipur",+919414006557,"Shop 88, Main Road, Mewar Industrial Area, Udaipur, Rajasthan","Water-Based Paints & Hardware",189
3274,"Krishna Sanganer Wall Protect & Texture Depot",Bhilwara,"Sanganer Road","Trader Y Bhilwara",+919414006559,"Shop 89, Main Road, Sanganer Road, Bhilwara, Rajasthan","Water-Based Paints & Hardware",202
3275,"Vikas Tijara Trade Associates",Alwar,"Tijara Road","Trader Z Alwar",+919414006561,"Shop 90, Main Road, Tijara Road, Alwar, Rajasthan","Water-Based Paints & Hardware",215
3276,"Shree Station Paints & Hardware Mart",Sikar,"Station Road","Trader A Sikar",+919414006563,"Shop 91, Main Road, Station Road, Sikar, Rajasthan","Water-Based Paints & Hardware",228
3277,"Jai Purani Paint & Sanitary Store",Sri Ganganagar,"Purani Abadi","Trader B Sri Ganganagar",+919414006565,"Shop 92, Main Road, Purani Abadi, Sri Ganganagar, Rajasthan","Water-Based Paints & Hardware",241
3278,"New Mathura Colors & Coatings Agency",Bharatpur,"Mathura Road","Trader C Bharatpur",+919414006567,"Shop 93, Main Road, Mathura Road, Bharatpur, Rajasthan","Water-Based Paints & Hardware",254
3279,"Royal Sumerpur Hardware & Building Materials",Pali,"Sumerpur Road","Trader D Pali",+919414006569,"Shop 94, Main Road, Sumerpur Road, Pali, Rajasthan","Water-Based Paints & Hardware",267
3280,"Modern Collectorate Wall Protect & Texture Depot",Chittorgarh,"Collectorate Road","Trader E Chittorgarh",+919414006571,"Shop 95, Main Road, Collectorate Road, Chittorgarh, Rajasthan","Water-Based Paints & Hardware",280
3281,"Star Kuchaman Trade Associates",Nagaur,"Kuchaman City","Trader F Nagaur",+919414006573,"Shop 96, Main Road, Kuchaman City, Nagaur, Rajasthan","Water-Based Paints & Hardware",293
3282,"Classic Peeru Paints & Hardware Mart",Jhunjhunu,"Peeru Singh Circle","Trader G Jhunjhunu",+919414006575,"Shop 97, Main Road, Peeru Singh Circle, Jhunjhunu, Rajasthan","Water-Based Paints & Hardware",306
3283,"National Malpura Paint & Sanitary Store",Tonk,"Malpura Road","Trader H Tonk",+919414006577,"Shop 98, Main Road, Malpura Road, Tonk, Rajasthan","Water-Based Paints & Hardware",319
3284,"Ganesh Junction Colors & Coatings Agency",Hanumangarh,"Junction Market","Trader I Hanumangarh",+919414006579,"Shop 99, Main Road, Junction Market, Hanumangarh, Rajasthan","Water-Based Paints & Hardware",332
3285,"Maruti Station Hardware & Building Materials",Dausa,"Station Road","Trader J Dausa",+919414006581,"Shop 100, Main Road, Station Road, Dausa, Rajasthan","Water-Based Paints & Hardware",345
3286,"Balaji Sindhari Wall Protect & Texture Depot",Barmer,"Sindhari Road","Trader K Barmer",+919414006583,"Shop 101, Main Road, Sindhari Road, Barmer, Rajasthan","Water-Based Paints & Hardware",358
3287,"Kalyan Chomu Trade Associates",Jaipur,"Chomu","Trader L Jaipur",+919414006585,"Shop 102, Main Road, Chomu, Jaipur, Rajasthan","Water-Based Paints & Hardware",371
3288,"Krishna Ratanada Paints & Hardware Mart",Jodhpur,"Ratanada","Trader M Jodhpur",+919414006587,"Shop 103, Main Road, Ratanada, Jodhpur, Rajasthan","Water-Based Paints & Hardware",384
3289,"Vikas Mahaveer Paint & Sanitary Store",Kota,"Mahaveer Nagar","Trader N Kota",+919414006589,"Shop 104, Main Road, Mahaveer Nagar, Kota, Rajasthan","Water-Based Paints & Hardware",397
3290,"Shree Kote Colors & Coatings Agency",Bikaner,"Kote Gate","Trader O Bikaner",+919414006591,"Shop 105, Main Road, Kote Gate, Bikaner, Rajasthan","Water-Based Paints & Hardware",410
3291,"Jai Parbatpura Hardware & Building Materials",Ajmer,"Parbatpura Industrial Area","Trader P Ajmer",+919414006593,"Shop 106, Main Road, Parbatpura Industrial Area, Ajmer, Rajasthan","Water-Based Paints & Hardware",423
3292,"New Udaisagar Wall Protect & Texture Depot",Udaipur,"Udaisagar Road","Trader Q Udaipur",+919414006595,"Shop 107, Main Road, Udaisagar Road, Udaipur, Rajasthan","Water-Based Paints & Hardware",436
3293,"Royal Pur Trade Associates",Bhilwara,"Pur Road","Trader R Bhilwara",+919414006597,"Shop 108, Main Road, Pur Road, Bhilwara, Rajasthan","Water-Based Paints & Hardware",49
3294,"Modern MIA Paints & Hardware Mart",Alwar,"MIA Industrial Area","Trader S Alwar",+919414006599,"Shop 109, Main Road, MIA Industrial Area, Alwar, Rajasthan","Water-Based Paints & Hardware",62
3295,"Star Bajoria Paint & Sanitary Store",Sikar,"Bajoria Road","Trader T Sikar",+919414006601,"Shop 110, Main Road, Bajoria Road, Sikar, Rajasthan","Water-Based Paints & Hardware",75
3296,"Classic Birbal Colors & Coatings Agency",Sri Ganganagar,"Birbal Chowk","Trader U Sri Ganganagar",+919414006603,"Shop 111, Main Road, Birbal Chowk, Sri Ganganagar, Rajasthan","Water-Based Paints & Hardware",88
3297,"National Sewar Hardware & Building Materials",Bharatpur,"Sewar Industrial Area","Trader V Bharatpur",+919414006605,"Shop 112, Main Road, Sewar Industrial Area, Bharatpur, Rajasthan","Water-Based Paints & Hardware",101
3298,"Ganesh Somnath Wall Protect & Texture Depot",Pali,"Somnath Temple Market","Trader W Pali",+919414006607,"Shop 113, Main Road, Somnath Temple Market, Pali, Rajasthan","Water-Based Paints & Hardware",114
3299,"Maruti Nimbahera Trade Associates",Chittorgarh,"Nimbahera Town","Trader X Chittorgarh",+919414006609,"Shop 114, Main Road, Nimbahera Town, Chittorgarh, Rajasthan","Water-Based Paints & Hardware",127
3300,"Balaji Merta Paints & Hardware Mart",Nagaur,"Merta City","Trader Y Nagaur",+919414006611,"Shop 115, Main Road, Merta City, Nagaur, Rajasthan","Water-Based Paints & Hardware",140
3301,"Kalyan Gugali Paint & Sanitary Store",Jhunjhunu,"Gugali Market","Trader Z Jhunjhunu",+919414006613,"Shop 116, Main Road, Gugali Market, Jhunjhunu, Rajasthan","Water-Based Paints & Hardware",153
3302,"Krishna Civil Colors & Coatings Agency",Tonk,"Civil Lines","Trader A Tonk",+919414006615,"Shop 117, Main Road, Civil Lines, Tonk, Rajasthan","Water-Based Paints & Hardware",166
3303,"Vikas Rawatsar Hardware & Building Materials",Hanumangarh,"Rawatsar Road","Trader B Hanumangarh",+919414006617,"Shop 118, Main Road, Rawatsar Road, Hanumangarh, Rajasthan","Water-Based Paints & Hardware",179
3304,"Shree Lalsot Wall Protect & Texture Depot",Dausa,"Lalsot Road","Trader C Dausa",+919414006619,"Shop 119, Main Road, Lalsot Road, Dausa, Rajasthan","Water-Based Paints & Hardware",192
3305,"Jai Balotra Trade Associates",Barmer,"Balotra Textile & Hardware Hub","Trader D Barmer",+919414006621,"Shop 120, Main Road, Balotra Textile & Hardware Hub, Barmer, Rajasthan","Water-Based Paints & Hardware",205
3306,"New Malviya Paints & Hardware Mart",Jaipur,"Malviya Nagar","Trader E Jaipur",+919414006623,"Shop 121, Main Road, Malviya Nagar, Jaipur, Rajasthan","Water-Based Paints & Hardware",218
3307,"Royal Mandore Paint & Sanitary Store",Jodhpur,"Mandore Road","Trader F Jodhpur",+919414006625,"Shop 122, Main Road, Mandore Road, Jodhpur, Rajasthan","Water-Based Paints & Hardware",231
3308,"Modern Borkhera Colors & Coatings Agency",Kota,"Borkhera","Trader G Kota",+919414006627,"Shop 123, Main Road, Borkhera, Kota, Rajasthan","Water-Based Paints & Hardware",244
3309,"Star Nokha Hardware & Building Materials",Bikaner,"Nokha Road","Trader H Bikaner",+919414006629,"Shop 124, Main Road, Nokha Road, Bikaner, Rajasthan","Water-Based Paints & Hardware",257
3310,"Classic Kishangarh Wall Protect & Texture Depot",Ajmer,"Kishangarh Marble Mandi","Trader I Ajmer",+919414006631,"Shop 125, Main Road, Kishangarh Marble Mandi, Ajmer, Rajasthan","Water-Based Paints & Hardware",270
3311,"National Fatehpura Trade Associates",Udaipur,"Fatehpura","Trader J Udaipur",+919414006633,"Shop 126, Main Road, Fatehpura, Udaipur, Rajasthan","Water-Based Paints & Hardware",283
3312,"Ganesh Gandhi Paints & Hardware Mart",Bhilwara,"Gandhi Nagar","Trader K Bhilwara",+919414006635,"Shop 127, Main Road, Gandhi Nagar, Bhilwara, Rajasthan","Water-Based Paints & Hardware",296
3313,"Maruti Manu Paint & Sanitary Store",Alwar,"Manu Marg","Trader L Alwar",+919414006637,"Shop 128, Main Road, Manu Marg, Alwar, Rajasthan","Water-Based Paints & Hardware",309
3314,"Balaji Fatehpur Colors & Coatings Agency",Sikar,"Fatehpur Road","Trader M Sikar",+919414006639,"Shop 129, Main Road, Fatehpur Road, Sikar, Rajasthan","Water-Based Paints & Hardware",322
3315,"Kalyan Suratgarh Hardware & Building Materials",Sri Ganganagar,"Suratgarh Road","Trader N Sri Ganganagar",+919414006641,"Shop 130, Main Road, Suratgarh Road, Sri Ganganagar, Rajasthan","Water-Based Paints & Hardware",335
3316,"Krishna Kumher Wall Protect & Texture Depot",Bharatpur,"Kumher Gate","Trader O Bharatpur",+919414006643,"Shop 131, Main Road, Kumher Gate, Bharatpur, Rajasthan","Water-Based Paints & Hardware",348
3317,"Vikas Suraj Trade Associates",Pali,"Suraj Pole","Trader P Pali",+919414006645,"Shop 132, Main Road, Suraj Pole, Pali, Rajasthan","Water-Based Paints & Hardware",361
3318,"Shree Fort Paints & Hardware Mart",Chittorgarh,"Fort Road","Trader Q Chittorgarh",+919414006647,"Shop 133, Main Road, Fort Road, Chittorgarh, Rajasthan","Water-Based Paints & Hardware",374
3319,"Jai Gandhi Paint & Sanitary Store",Nagaur,"Gandhi Chowk","Trader R Nagaur",+919414006649,"Shop 134, Main Road, Gandhi Chowk, Nagaur, Rajasthan","Water-Based Paints & Hardware",387
3320,"New Mandawa Colors & Coatings Agency",Jhunjhunu,"Mandawa Road","Trader S Jhunjhunu",+919414006651,"Shop 135, Main Road, Mandawa Road, Jhunjhunu, Rajasthan","Water-Based Paints & Hardware",400
3321,"Royal Subhash Hardware & Building Materials",Tonk,"Subhash Chowk","Trader T Tonk",+919414006653,"Shop 136, Main Road, Subhash Chowk, Tonk, Rajasthan","Water-Based Paints & Hardware",413
3322,"Modern Industrial Wall Protect & Texture Depot",Hanumangarh,"Industrial Area","Trader U Hanumangarh",+919414006655,"Shop 137, Main Road, Industrial Area, Hanumangarh, Rajasthan","Water-Based Paints & Hardware",426
3323,"Star Agra Trade Associates",Dausa,"Agra Road","Trader V Dausa",+919414006657,"Shop 138, Main Road, Agra Road, Dausa, Rajasthan","Water-Based Paints & Hardware",439
3324,"Classic Station Paints & Hardware Mart",Barmer,"Station Road","Trader W Barmer",+919414006659,"Shop 139, Main Road, Station Road, Barmer, Rajasthan","Water-Based Paints & Hardware",52
3325,"National Transport Paint & Sanitary Store",Jaipur,"Transport Nagar","Trader X Jaipur",+919414006661,"Shop 140, Main Road, Transport Nagar, Jaipur, Rajasthan","Water-Based Paints & Hardware",65
3326,"Ganesh Pal Colors & Coatings Agency",Jodhpur,"Pal Road","Trader Y Jodhpur",+919414006663,"Shop 141, Main Road, Pal Road, Jodhpur, Rajasthan","Water-Based Paints & Hardware",78
3327,"Maruti Indraprastha Hardware & Building Materials",Kota,"Indraprastha Industrial Area","Trader Z Kota",+919414006665,"Shop 142, Main Road, Indraprastha Industrial Area, Kota, Rajasthan","Water-Based Paints & Hardware",91
3328,"Balaji Sadul Wall Protect & Texture Depot",Bikaner,"Sadul Colony","Trader A Bikaner",+919414006667,"Shop 143, Main Road, Sadul Colony, Bikaner, Rajasthan","Water-Based Paints & Hardware",104
3329,"Kalyan Beawar Trade Associates",Ajmer,"Beawar City","Trader B Ajmer",+919414006669,"Shop 144, Main Road, Beawar City, Ajmer, Rajasthan","Water-Based Paints & Hardware",117
3330,"Krishna Sukher Paints & Hardware Mart",Udaipur,"Sukher Industrial Area","Trader C Udaipur",+919414006671,"Shop 145, Main Road, Sukher Industrial Area, Udaipur, Rajasthan","Water-Based Paints & Hardware",130
3331,"Vikas RIICO Paint & Sanitary Store",Bhilwara,"RIICO Industrial Area","Trader D Bhilwara",+919414006673,"Shop 146, Main Road, RIICO Industrial Area, Bhilwara, Rajasthan","Water-Based Paints & Hardware",143
3332,"Shree Company Colors & Coatings Agency",Alwar,"Company Bagh","Trader E Alwar",+919414006675,"Shop 147, Main Road, Company Bagh, Alwar, Rajasthan","Water-Based Paints & Hardware",156
3333,"Jai Piprali Hardware & Building Materials",Sikar,"Piprali Road","Trader F Sikar",+919414006677,"Shop 148, Main Road, Piprali Road, Sikar, Rajasthan","Water-Based Paints & Hardware",169
3334,"New Padampur Wall Protect & Texture Depot",Sri Ganganagar,"Padampur Road","Trader G Sri Ganganagar",+919414006679,"Shop 149, Main Road, Padampur Road, Sri Ganganagar, Rajasthan","Water-Based Paints & Hardware",182
3335,"Royal Anah Trade Associates",Bharatpur,"Anah Gate","Trader H Bharatpur",+919414006681,"Shop 150, Main Road, Anah Gate, Bharatpur, Rajasthan","Water-Based Paints & Hardware",195
3336,"Modern Mandia Paints & Hardware Mart",Pali,"Mandia Road Industrial Area","Trader I Pali",+919414006683,"Shop 151, Main Road, Mandia Road Industrial Area, Pali, Rajasthan","Water-Based Paints & Hardware",208
3337,"Star Chanderiya Paint & Sanitary Store",Chittorgarh,"Chanderiya Industrial Area","Trader J Chittorgarh",+919414006685,"Shop 152, Main Road, Chanderiya Industrial Area, Chittorgarh, Rajasthan","Water-Based Paints & Hardware",221
3338,"Classic Makrana Colors & Coatings Agency",Nagaur,"Makrana Marble Zone","Trader K Nagaur",+919414006687,"Shop 153, Main Road, Makrana Marble Zone, Nagaur, Rajasthan","Water-Based Paints & Hardware",234
3339,"National Khetri Hardware & Building Materials",Jhunjhunu,"Khetri Nagar","Trader L Jhunjhunu",+919414006689,"Shop 154, Main Road, Khetri Nagar, Jhunjhunu, Rajasthan","Water-Based Paints & Hardware",247
3340,"Ganesh Niwai Wall Protect & Texture Depot",Tonk,"Niwai Industrial Area","Trader M Tonk",+919414006691,"Shop 155, Main Road, Niwai Industrial Area, Tonk, Rajasthan","Water-Based Paints & Hardware",260
3341,"Maruti Town Trade Associates",Hanumangarh,"Town Main Bazaar","Trader N Hanumangarh",+919414006693,"Shop 156, Main Road, Town Main Bazaar, Hanumangarh, Rajasthan","Water-Based Paints & Hardware",273
3342,"Balaji Bandikui Paints & Hardware Mart",Dausa,"Bandikui Mandi","Trader O Dausa",+919414006695,"Shop 157, Main Road, Bandikui Mandi, Dausa, Rajasthan","Water-Based Paints & Hardware",286
3343,"Kalyan Refinery Paint & Sanitary Store",Barmer,"Refinery Site Corridor","Trader P Barmer",+919414006697,"Shop 158, Main Road, Refinery Site Corridor, Barmer, Rajasthan","Water-Based Paints & Hardware",299
3344,"Krishna Vaishali Colors & Coatings Agency",Jaipur,"Vaishali Nagar","Trader Q Jaipur",+919414006699,"Shop 159, Main Road, Vaishali Nagar, Jaipur, Rajasthan","Water-Based Paints & Hardware",312
3345,"Vikas Shastri Hardware & Building Materials",Jodhpur,"Shastri Nagar","Trader R Jodhpur",+919414006701,"Shop 160, Main Road, Shastri Nagar, Jodhpur, Rajasthan","Water-Based Paints & Hardware",325
3346,"Shree Gumanpura Wall Protect & Texture Depot",Kota,"Gumanpura","Trader S Kota",+919414006703,"Shop 161, Main Road, Gumanpura, Kota, Rajasthan","Water-Based Paints & Hardware",338
3347,"Jai Bichhwal Trade Associates",Bikaner,"Bichhwal Industrial Area","Trader T Bikaner",+919414006705,"Shop 162, Main Road, Bichhwal Industrial Area, Bikaner, Rajasthan","Water-Based Paints & Hardware",351
3348,"New Kutchery Paints & Hardware Mart",Ajmer,"Kutchery Road","Trader U Ajmer",+919414006707,"Shop 163, Main Road, Kutchery Road, Ajmer, Rajasthan","Water-Based Paints & Hardware",364
3349,"Royal Hiran Paint & Sanitary Store",Udaipur,"Hiran Magri","Trader V Udaipur",+919414006709,"Shop 164, Main Road, Hiran Magri, Udaipur, Rajasthan","Water-Based Paints & Hardware",377
3350,"Modern Bhopalganj Colors & Coatings Agency",Bhilwara,"Bhopalganj","Trader W Bhilwara",+919414006711,"Shop 165, Main Road, Bhopalganj, Bhilwara, Rajasthan","Water-Based Paints & Hardware",390
3351,"Star Bhiwadi Hardware & Building Materials",Alwar,"Bhiwadi Industrial Zone","Trader X Alwar",+919414006713,"Shop 166, Main Road, Bhiwadi Industrial Zone, Alwar, Rajasthan","Water-Based Paints & Hardware",403
3352,"Classic Kotwali Wall Protect & Texture Depot",Sikar,"Kotwali Market","Trader Y Sikar",+919414006715,"Shop 167, Main Road, Kotwali Market, Sikar, Rajasthan","Water-Based Paints & Hardware",416
3353,"National Gola Trade Associates",Sri Ganganagar,"Gola Market","Trader Z Sri Ganganagar",+919414006717,"Shop 168, Main Road, Gola Market, Sri Ganganagar, Rajasthan","Water-Based Paints & Hardware",429
3354,"Ganesh Circular Paints & Hardware Mart",Bharatpur,"Circular Road","Trader A Bharatpur",+919414006719,"Shop 169, Main Road, Circular Road, Bharatpur, Rajasthan","Water-Based Paints & Hardware",42
3355,"Maruti Sumerpur Paint & Sanitary Store",Pali,"Sumerpur Road","Trader B Pali",+919414006721,"Shop 170, Main Road, Sumerpur Road, Pali, Rajasthan","Water-Based Paints & Hardware",55
3356,"Balaji Collectorate Colors & Coatings Agency",Chittorgarh,"Collectorate Road","Trader C Chittorgarh",+919414006723,"Shop 171, Main Road, Collectorate Road, Chittorgarh, Rajasthan","Water-Based Paints & Hardware",68
3357,"Kalyan Didwana Hardware & Building Materials",Nagaur,"Didwana Road","Trader D Nagaur",+919414006725,"Shop 172, Main Road, Didwana Road, Nagaur, Rajasthan","Water-Based Paints & Hardware",81
3358,"Krishna Chirawa Wall Protect & Texture Depot",Jhunjhunu,"Chirawa Road","Trader E Jhunjhunu",+919414006727,"Shop 173, Main Road, Chirawa Road, Jhunjhunu, Rajasthan","Water-Based Paints & Hardware",94
3359,"Vikas Malpura Trade Associates",Tonk,"Malpura Road","Trader F Tonk",+919414006729,"Shop 174, Main Road, Malpura Road, Tonk, Rajasthan","Water-Based Paints & Hardware",107
3360,"Shree Junction Paints & Hardware Mart",Hanumangarh,"Junction Market","Trader G Hanumangarh",+919414006731,"Shop 175, Main Road, Junction Market, Hanumangarh, Rajasthan","Water-Based Paints & Hardware",120
3361,"Jai Station Paint & Sanitary Store",Dausa,"Station Road","Trader H Dausa",+919414006733,"Shop 176, Main Road, Station Road, Dausa, Rajasthan","Water-Based Paints & Hardware",133
3362,"New Sindhari Colors & Coatings Agency",Barmer,"Sindhari Road","Trader I Barmer",+919414006735,"Shop 177, Main Road, Sindhari Road, Barmer, Rajasthan","Water-Based Paints & Hardware",146
3363,"Royal Jhotwara Hardware & Building Materials",Jaipur,"Jhotwara","Trader J Jaipur",+919414006737,"Shop 178, Main Road, Jhotwara, Jaipur, Rajasthan","Water-Based Paints & Hardware",159
3364,"Modern Boranada Wall Protect & Texture Depot",Jodhpur,"Boranada SEZ","Trader K Jodhpur",+919414006739,"Shop 179, Main Road, Boranada SEZ, Jodhpur, Rajasthan","Water-Based Paints & Hardware",172
3365,"Star DCM Trade Associates",Kota,"DCM Road","Trader L Kota",+919414006741,"Shop 180, Main Road, DCM Road, Kota, Rajasthan","Water-Based Paints & Hardware",185
3366,"Classic Rani Paints & Hardware Mart",Bikaner,"Rani Bazar Industrial Area","Trader M Bikaner",+919414006743,"Shop 181, Main Road, Rani Bazar Industrial Area, Bikaner, Rajasthan","Water-Based Paints & Hardware",198
3367,"National Madar Paint & Sanitary Store",Ajmer,"Madar Gate","Trader N Ajmer",+919414006745,"Shop 182, Main Road, Madar Gate, Ajmer, Rajasthan","Water-Based Paints & Hardware",211
3368,"Ganesh Bapu Colors & Coatings Agency",Udaipur,"Bapu Bazar","Trader O Udaipur",+919414006747,"Shop 183, Main Road, Bapu Bazar, Udaipur, Rajasthan","Water-Based Paints & Hardware",224
3369,"Maruti Sanganer Hardware & Building Materials",Bhilwara,"Sanganer Road","Trader P Bhilwara",+919414006749,"Shop 184, Main Road, Sanganer Road, Bhilwara, Rajasthan","Water-Based Paints & Hardware",237
3370,"Balaji Neemrana Wall Protect & Texture Depot",Alwar,"Neemrana Japanese Zone","Trader Q Alwar",+919414006751,"Shop 185, Main Road, Neemrana Japanese Zone, Alwar, Rajasthan","Water-Based Paints & Hardware",250
3371,"Kalyan Salasar Trade Associates",Sikar,"Salasar Bus Stand","Trader R Sikar",+919414006753,"Shop 186, Main Road, Salasar Bus Stand, Sikar, Rajasthan","Water-Based Paints & Hardware",263
3372,"Krishna Purani Paints & Hardware Mart",Sri Ganganagar,"Purani Abadi","Trader S Sri Ganganagar",+919414006755,"Shop 187, Main Road, Purani Abadi, Sri Ganganagar, Rajasthan","Water-Based Paints & Hardware",276
3373,"Vikas Mathura Paint & Sanitary Store",Bharatpur,"Mathura Road","Trader T Bharatpur",+919414006757,"Shop 188, Main Road, Mathura Road, Bharatpur, Rajasthan","Water-Based Paints & Hardware",289
3374,"Shree Somnath Colors & Coatings Agency",Pali,"Somnath Temple Market","Trader U Pali",+919414006759,"Shop 189, Main Road, Somnath Temple Market, Pali, Rajasthan","Water-Based Paints & Hardware",302
3375,"Jai Nimbahera Hardware & Building Materials",Chittorgarh,"Nimbahera Town","Trader V Chittorgarh",+919414006761,"Shop 190, Main Road, Nimbahera Town, Chittorgarh, Rajasthan","Water-Based Paints & Hardware",315
3376,"New Kuchaman Wall Protect & Texture Depot",Nagaur,"Kuchaman City","Trader W Nagaur",+919414006763,"Shop 191, Main Road, Kuchaman City, Nagaur, Rajasthan","Water-Based Paints & Hardware",328
3377,"Royal Peeru Trade Associates",Jhunjhunu,"Peeru Singh Circle","Trader X Jhunjhunu",+919414006765,"Shop 192, Main Road, Peeru Singh Circle, Jhunjhunu, Rajasthan","Water-Based Paints & Hardware",341
3378,"Modern Civil Paints & Hardware Mart",Tonk,"Civil Lines","Trader Y Tonk",+919414006767,"Shop 193, Main Road, Civil Lines, Tonk, Rajasthan","Water-Based Paints & Hardware",354
3379,"Star Rawatsar Paint & Sanitary Store",Hanumangarh,"Rawatsar Road","Trader Z Hanumangarh",+919414006769,"Shop 194, Main Road, Rawatsar Road, Hanumangarh, Rajasthan","Water-Based Paints & Hardware",367
3380,"Classic Lalsot Colors & Coatings Agency",Dausa,"Lalsot Road","Trader A Dausa",+919414006771,"Shop 195, Main Road, Lalsot Road, Dausa, Rajasthan","Water-Based Paints & Hardware",380
3381,"National Balotra Hardware & Building Materials",Barmer,"Balotra Textile & Hardware Hub","Trader B Barmer",+919414006773,"Shop 196, Main Road, Balotra Textile & Hardware Hub, Barmer, Rajasthan","Water-Based Paints & Hardware",393
3382,"Ganesh Sanganer Wall Protect & Texture Depot",Jaipur,"Sanganer Town","Trader C Jaipur",+919414006775,"Shop 197, Main Road, Sanganer Town, Jaipur, Rajasthan","Water-Based Paints & Hardware",406
3383,"Maruti Sardarpura Trade Associates",Jodhpur,"Sardarpura","Trader D Jodhpur",+919414006777,"Shop 198, Main Road, Sardarpura, Jodhpur, Rajasthan","Water-Based Paints & Hardware",419
3384,"Balaji Rampura Paints & Hardware Mart",Kota,"Rampura","Trader E Kota",+919414006779,"Shop 199, Main Road, Rampura, Kota, Rajasthan","Water-Based Paints & Hardware",432
3385,"Kalyan Kote Paint & Sanitary Store",Bikaner,"Kote Gate","Trader F Bikaner",+919414006781,"Shop 200, Main Road, Kote Gate, Bikaner, Rajasthan","Water-Based Paints & Hardware",45
3386,"Krishna Clock Colors & Coatings Agency",Ajmer,"Clock Tower Market","Trader G Ajmer",+919414006783,"Shop 201, Main Road, Clock Tower Market, Ajmer, Rajasthan","Water-Based Paints & Hardware",58
3387,"Vikas Mewar Hardware & Building Materials",Udaipur,"Mewar Industrial Area","Trader H Udaipur",+919414006785,"Shop 202, Main Road, Mewar Industrial Area, Udaipur, Rajasthan","Water-Based Paints & Hardware",71
3388,"Shree Pur Wall Protect & Texture Depot",Bhilwara,"Pur Road","Trader I Bhilwara",+919414006787,"Shop 203, Main Road, Pur Road, Bhilwara, Rajasthan","Water-Based Paints & Hardware",84
3389,"Jai Tijara Trade Associates",Alwar,"Tijara Road","Trader J Alwar",+919414006789,"Shop 204, Main Road, Tijara Road, Alwar, Rajasthan","Water-Based Paints & Hardware",97
3390,"New Station Paints & Hardware Mart",Sikar,"Station Road","Trader K Sikar",+919414006791,"Shop 205, Main Road, Station Road, Sikar, Rajasthan","Water-Based Paints & Hardware",110
3391,"Royal Birbal Paint & Sanitary Store",Sri Ganganagar,"Birbal Chowk","Trader L Sri Ganganagar",+919414006793,"Shop 206, Main Road, Birbal Chowk, Sri Ganganagar, Rajasthan","Water-Based Paints & Hardware",123
3392,"Modern Sewar Colors & Coatings Agency",Bharatpur,"Sewar Industrial Area","Trader M Bharatpur",+919414006795,"Shop 207, Main Road, Sewar Industrial Area, Bharatpur, Rajasthan","Water-Based Paints & Hardware",136
3393,"Star Suraj Hardware & Building Materials",Pali,"Suraj Pole","Trader N Pali",+919414006797,"Shop 208, Main Road, Suraj Pole, Pali, Rajasthan","Water-Based Paints & Hardware",149
3394,"Classic Fort Wall Protect & Texture Depot",Chittorgarh,"Fort Road","Trader O Chittorgarh",+919414006799,"Shop 209, Main Road, Fort Road, Chittorgarh, Rajasthan","Water-Based Paints & Hardware",162
3395,"National Merta Trade Associates",Nagaur,"Merta City","Trader P Nagaur",+919414006801,"Shop 210, Main Road, Merta City, Nagaur, Rajasthan","Water-Based Paints & Hardware",175
3396,"Ganesh Gugali Paints & Hardware Mart",Jhunjhunu,"Gugali Market","Trader Q Jhunjhunu",+919414006803,"Shop 211, Main Road, Gugali Market, Jhunjhunu, Rajasthan","Water-Based Paints & Hardware",188
3397,"Maruti Subhash Paint & Sanitary Store",Tonk,"Subhash Chowk","Trader R Tonk",+919414006805,"Shop 212, Main Road, Subhash Chowk, Tonk, Rajasthan","Water-Based Paints & Hardware",201
3398,"Balaji Industrial Colors & Coatings Agency",Hanumangarh,"Industrial Area","Trader S Hanumangarh",+919414006807,"Shop 213, Main Road, Industrial Area, Hanumangarh, Rajasthan","Water-Based Paints & Hardware",214
3399,"Kalyan Agra Hardware & Building Materials",Dausa,"Agra Road","Trader T Dausa",+919414006809,"Shop 214, Main Road, Agra Road, Dausa, Rajasthan","Water-Based Paints & Hardware",227
3400,"Krishna Station Wall Protect & Texture Depot",Barmer,"Station Road","Trader U Barmer",+919414006811,"Shop 15, Main Road, Station Road, Barmer, Rajasthan","Water-Based Paints & Hardware",240
3401,"Vikas VKI Trade Associates",Jaipur,"VKI Industrial Area","Trader V Jaipur",+919414006813,"Shop 16, Main Road, VKI Industrial Area, Jaipur, Rajasthan","Water-Based Paints & Hardware",253
3402,"Shree Basni Paints & Hardware Mart",Jodhpur,"Basni Industrial Area","Trader W Jodhpur",+919414006815,"Shop 17, Main Road, Basni Industrial Area, Jodhpur, Rajasthan","Water-Based Paints & Hardware",266
3403,"Jai Vigyan Paint & Sanitary Store",Kota,"Vigyan Nagar","Trader X Kota",+919414006817,"Shop 18, Main Road, Vigyan Nagar, Kota, Rajasthan","Water-Based Paints & Hardware",279
3404,"New Nokha Colors & Coatings Agency",Bikaner,"Nokha Road","Trader Y Bikaner",+919414006819,"Shop 19, Main Road, Nokha Road, Bikaner, Rajasthan","Water-Based Paints & Hardware",292
3405,"Royal Parbatpura Hardware & Building Materials",Ajmer,"Parbatpura Industrial Area","Trader Z Ajmer",+919414006821,"Shop 20, Main Road, Parbatpura Industrial Area, Ajmer, Rajasthan","Water-Based Paints & Hardware",305
3406,"Modern Udaisagar Wall Protect & Texture Depot",Udaipur,"Udaisagar Road","Trader A Udaipur",+919414006823,"Shop 21, Main Road, Udaisagar Road, Udaipur, Rajasthan","Water-Based Paints & Hardware",318
3407,"Star Gandhi Trade Associates",Bhilwara,"Gandhi Nagar","Trader B Bhilwara",+919414006825,"Shop 22, Main Road, Gandhi Nagar, Bhilwara, Rajasthan","Water-Based Paints & Hardware",331
3408,"Classic MIA Paints & Hardware Mart",Alwar,"MIA Industrial Area","Trader C Alwar",+919414006827,"Shop 23, Main Road, MIA Industrial Area, Alwar, Rajasthan","Water-Based Paints & Hardware",344
3409,"National Bajoria Paint & Sanitary Store",Sikar,"Bajoria Road","Trader D Sikar",+919414006829,"Shop 24, Main Road, Bajoria Road, Sikar, Rajasthan","Water-Based Paints & Hardware",357
3410,"Ganesh Suratgarh Colors & Coatings Agency",Sri Ganganagar,"Suratgarh Road","Trader E Sri Ganganagar",+919414006831,"Shop 25, Main Road, Suratgarh Road, Sri Ganganagar, Rajasthan","Water-Based Paints & Hardware",370
3411,"Maruti Kumher Hardware & Building Materials",Bharatpur,"Kumher Gate","Trader F Bharatpur",+919414006833,"Shop 26, Main Road, Kumher Gate, Bharatpur, Rajasthan","Water-Based Paints & Hardware",383
3412,"Balaji Mandia Wall Protect & Texture Depot",Pali,"Mandia Road Industrial Area","Trader G Pali",+919414006835,"Shop 27, Main Road, Mandia Road Industrial Area, Pali, Rajasthan","Water-Based Paints & Hardware",396
3413,"Kalyan Chanderiya Trade Associates",Chittorgarh,"Chanderiya Industrial Area","Trader H Chittorgarh",+919414006837,"Shop 28, Main Road, Chanderiya Industrial Area, Chittorgarh, Rajasthan","Water-Based Paints & Hardware",409
3414,"Krishna Gandhi Paints & Hardware Mart",Nagaur,"Gandhi Chowk","Trader I Nagaur",+919414006839,"Shop 29, Main Road, Gandhi Chowk, Nagaur, Rajasthan","Water-Based Paints & Hardware",422
3415,"Vikas Mandawa Paint & Sanitary Store",Jhunjhunu,"Mandawa Road","Trader J Jhunjhunu",+919414006841,"Shop 30, Main Road, Mandawa Road, Jhunjhunu, Rajasthan","Water-Based Paints & Hardware",435
3416,"Shree Niwai Colors & Coatings Agency",Tonk,"Niwai Industrial Area","Trader K Tonk",+919414006843,"Shop 31, Main Road, Niwai Industrial Area, Tonk, Rajasthan","Water-Based Paints & Hardware",48
3417,"Jai Town Hardware & Building Materials",Hanumangarh,"Town Main Bazaar","Trader L Hanumangarh",+919414006845,"Shop 32, Main Road, Town Main Bazaar, Hanumangarh, Rajasthan","Water-Based Paints & Hardware",61
3418,"New Bandikui Wall Protect & Texture Depot",Dausa,"Bandikui Mandi","Trader M Dausa",+919414006847,"Shop 33, Main Road, Bandikui Mandi, Dausa, Rajasthan","Water-Based Paints & Hardware",74
3419,"Royal Refinery Trade Associates",Barmer,"Refinery Site Corridor","Trader N Barmer",+919414006849,"Shop 34, Main Road, Refinery Site Corridor, Barmer, Rajasthan","Water-Based Paints & Hardware",87
3420,"Modern Mansarovar Paints & Hardware Mart",Jaipur,"Mansarovar","Trader O Jaipur",+919414006851,"Shop 35, Main Road, Mansarovar, Jaipur, Rajasthan","Water-Based Paints & Hardware",100
3421,"Star Ratanada Paint & Sanitary Store",Jodhpur,"Ratanada","Trader P Jodhpur",+919414006853,"Shop 36, Main Road, Ratanada, Jodhpur, Rajasthan","Water-Based Paints & Hardware",113
3422,"Classic Mahaveer Colors & Coatings Agency",Kota,"Mahaveer Nagar","Trader Q Kota",+919414006855,"Shop 37, Main Road, Mahaveer Nagar, Kota, Rajasthan","Water-Based Paints & Hardware",126
3423,"National Sadul Hardware & Building Materials",Bikaner,"Sadul Colony","Trader R Bikaner",+919414006857,"Shop 38, Main Road, Sadul Colony, Bikaner, Rajasthan","Water-Based Paints & Hardware",139
3424,"Ganesh Kishangarh Wall Protect & Texture Depot",Ajmer,"Kishangarh Marble Mandi","Trader S Ajmer",+919414006859,"Shop 39, Main Road, Kishangarh Marble Mandi, Ajmer, Rajasthan","Water-Based Paints & Hardware",152
3425,"Maruti Fatehpura Trade Associates",Udaipur,"Fatehpura","Trader T Udaipur",+919414006861,"Shop 40, Main Road, Fatehpura, Udaipur, Rajasthan","Water-Based Paints & Hardware",165
3426,"Balaji RIICO Paints & Hardware Mart",Bhilwara,"RIICO Industrial Area","Trader U Bhilwara",+919414006863,"Shop 41, Main Road, RIICO Industrial Area, Bhilwara, Rajasthan","Water-Based Paints & Hardware",178
3427,"Kalyan Manu Paint & Sanitary Store",Alwar,"Manu Marg","Trader V Alwar",+919414006865,"Shop 42, Main Road, Manu Marg, Alwar, Rajasthan","Water-Based Paints & Hardware",191
3428,"Krishna Fatehpur Colors & Coatings Agency",Sikar,"Fatehpur Road","Trader W Sikar",+919414006867,"Shop 43, Main Road, Fatehpur Road, Sikar, Rajasthan","Water-Based Paints & Hardware",204
3429,"Vikas Padampur Hardware & Building Materials",Sri Ganganagar,"Padampur Road","Trader X Sri Ganganagar",+919414006869,"Shop 44, Main Road, Padampur Road, Sri Ganganagar, Rajasthan","Water-Based Paints & Hardware",217
3430,"Shree Anah Wall Protect & Texture Depot",Bharatpur,"Anah Gate","Trader Y Bharatpur",+919414006871,"Shop 45, Main Road, Anah Gate, Bharatpur, Rajasthan","Water-Based Paints & Hardware",230
3431,"Jai Sumerpur Trade Associates",Pali,"Sumerpur Road","Trader Z Pali",+919414006873,"Shop 46, Main Road, Sumerpur Road, Pali, Rajasthan","Water-Based Paints & Hardware",243
3432,"New Collectorate Paints & Hardware Mart",Chittorgarh,"Collectorate Road","Trader A Chittorgarh",+919414006875,"Shop 47, Main Road, Collectorate Road, Chittorgarh, Rajasthan","Water-Based Paints & Hardware",256
3433,"Royal Makrana Paint & Sanitary Store",Nagaur,"Makrana Marble Zone","Trader B Nagaur",+919414006877,"Shop 48, Main Road, Makrana Marble Zone, Nagaur, Rajasthan","Water-Based Paints & Hardware",269
3434,"Modern Khetri Colors & Coatings Agency",Jhunjhunu,"Khetri Nagar","Trader C Jhunjhunu",+919414006879,"Shop 49, Main Road, Khetri Nagar, Jhunjhunu, Rajasthan","Water-Based Paints & Hardware",282
3435,"Star Malpura Hardware & Building Materials",Tonk,"Malpura Road","Trader D Tonk",+919414006881,"Shop 50, Main Road, Malpura Road, Tonk, Rajasthan","Water-Based Paints & Hardware",295
3436,"Classic Junction Wall Protect & Texture Depot",Hanumangarh,"Junction Market","Trader E Hanumangarh",+919414006883,"Shop 51, Main Road, Junction Market, Hanumangarh, Rajasthan","Water-Based Paints & Hardware",308
3437,"National Station Trade Associates",Dausa,"Station Road","Trader F Dausa",+919414006885,"Shop 52, Main Road, Station Road, Dausa, Rajasthan","Water-Based Paints & Hardware",321
3438,"Ganesh Sindhari Paints & Hardware Mart",Barmer,"Sindhari Road","Trader G Barmer",+919414006887,"Shop 53, Main Road, Sindhari Road, Barmer, Rajasthan","Water-Based Paints & Hardware",334
3439,"Maruti Tonk Paint & Sanitary Store",Jaipur,"Tonk Road","Trader H Jaipur",+919414006889,"Shop 54, Main Road, Tonk Road, Jaipur, Rajasthan","Water-Based Paints & Hardware",347
3440,"Balaji Mandore Colors & Coatings Agency",Jodhpur,"Mandore Road","Trader I Jodhpur",+919414006891,"Shop 55, Main Road, Mandore Road, Jodhpur, Rajasthan","Water-Based Paints & Hardware",360
3441,"Kalyan Borkhera Hardware & Building Materials",Kota,"Borkhera","Trader J Kota",+919414006893,"Shop 56, Main Road, Borkhera, Kota, Rajasthan","Water-Based Paints & Hardware",373
3442,"Krishna Bichhwal Wall Protect & Texture Depot",Bikaner,"Bichhwal Industrial Area","Trader K Bikaner",+919414006895,"Shop 57, Main Road, Bichhwal Industrial Area, Bikaner, Rajasthan","Water-Based Paints & Hardware",386
3443,"Vikas Beawar Trade Associates",Ajmer,"Beawar City","Trader L Ajmer",+919414006897,"Shop 58, Main Road, Beawar City, Ajmer, Rajasthan","Water-Based Paints & Hardware",399
3444,"Shree Sukher Paints & Hardware Mart",Udaipur,"Sukher Industrial Area","Trader M Udaipur",+919414006899,"Shop 59, Main Road, Sukher Industrial Area, Udaipur, Rajasthan","Water-Based Paints & Hardware",412
3445,"Jai Bhopalganj Paint & Sanitary Store",Bhilwara,"Bhopalganj","Trader N Bhilwara",+919414006901,"Shop 60, Main Road, Bhopalganj, Bhilwara, Rajasthan","Water-Based Paints & Hardware",425
3446,"New Company Colors & Coatings Agency",Alwar,"Company Bagh","Trader O Alwar",+919414006903,"Shop 61, Main Road, Company Bagh, Alwar, Rajasthan","Water-Based Paints & Hardware",438
3447,"Royal Piprali Hardware & Building Materials",Sikar,"Piprali Road","Trader P Sikar",+919414006905,"Shop 62, Main Road, Piprali Road, Sikar, Rajasthan","Water-Based Paints & Hardware",51
3448,"Modern Gola Wall Protect & Texture Depot",Sri Ganganagar,"Gola Market","Trader Q Sri Ganganagar",+919414006907,"Shop 63, Main Road, Gola Market, Sri Ganganagar, Rajasthan","Water-Based Paints & Hardware",64
3449,"Star Circular Trade Associates",Bharatpur,"Circular Road","Trader R Bharatpur",+919414006909,"Shop 64, Main Road, Circular Road, Bharatpur, Rajasthan","Water-Based Paints & Hardware",77
3450,"Classic Somnath Paints & Hardware Mart",Pali,"Somnath Temple Market","Trader S Pali",+919414006911,"Shop 65, Main Road, Somnath Temple Market, Pali, Rajasthan","Water-Based Paints & Hardware",90
3451,"National Nimbahera Paint & Sanitary Store",Chittorgarh,"Nimbahera Town","Trader T Chittorgarh",+919414006913,"Shop 66, Main Road, Nimbahera Town, Chittorgarh, Rajasthan","Water-Based Paints & Hardware",103
3452,"Ganesh Didwana Colors & Coatings Agency",Nagaur,"Didwana Road","Trader U Nagaur",+919414006915,"Shop 67, Main Road, Didwana Road, Nagaur, Rajasthan","Water-Based Paints & Hardware",116
3453,"Maruti Chirawa Hardware & Building Materials",Jhunjhunu,"Chirawa Road","Trader V Jhunjhunu",+919414006917,"Shop 68, Main Road, Chirawa Road, Jhunjhunu, Rajasthan","Water-Based Paints & Hardware",129
3454,"Balaji Civil Wall Protect & Texture Depot",Tonk,"Civil Lines","Trader W Tonk",+919414006919,"Shop 69, Main Road, Civil Lines, Tonk, Rajasthan","Water-Based Paints & Hardware",142
3455,"Kalyan Rawatsar Trade Associates",Hanumangarh,"Rawatsar Road","Trader X Hanumangarh",+919414006921,"Shop 70, Main Road, Rawatsar Road, Hanumangarh, Rajasthan","Water-Based Paints & Hardware",155
3456,"Krishna Lalsot Paints & Hardware Mart",Dausa,"Lalsot Road","Trader Y Dausa",+919414006923,"Shop 71, Main Road, Lalsot Road, Dausa, Rajasthan","Water-Based Paints & Hardware",168
3457,"Vikas Balotra Paint & Sanitary Store",Barmer,"Balotra Textile & Hardware Hub","Trader Z Barmer",+919414006925,"Shop 72, Main Road, Balotra Textile & Hardware Hub, Barmer, Rajasthan","Water-Based Paints & Hardware",181
3458,"Shree Amer Colors & Coatings Agency",Jaipur,"Amer Road","Trader A Jaipur",+919414006927,"Shop 73, Main Road, Amer Road, Jaipur, Rajasthan","Water-Based Paints & Hardware",194
3459,"Jai Pal Hardware & Building Materials",Jodhpur,"Pal Road","Trader B Jodhpur",+919414006929,"Shop 74, Main Road, Pal Road, Jodhpur, Rajasthan","Water-Based Paints & Hardware",207
3460,"New Indraprastha Wall Protect & Texture Depot",Kota,"Indraprastha Industrial Area","Trader C Kota",+919414006931,"Shop 75, Main Road, Indraprastha Industrial Area, Kota, Rajasthan","Water-Based Paints & Hardware",220
3461,"Royal Rani Trade Associates",Bikaner,"Rani Bazar Industrial Area","Trader D Bikaner",+919414006933,"Shop 76, Main Road, Rani Bazar Industrial Area, Bikaner, Rajasthan","Water-Based Paints & Hardware",233
3462,"Modern Kutchery Paints & Hardware Mart",Ajmer,"Kutchery Road","Trader E Ajmer",+919414006935,"Shop 77, Main Road, Kutchery Road, Ajmer, Rajasthan","Water-Based Paints & Hardware",246
3463,"Star Hiran Paint & Sanitary Store",Udaipur,"Hiran Magri","Trader F Udaipur",+919414006937,"Shop 78, Main Road, Hiran Magri, Udaipur, Rajasthan","Water-Based Paints & Hardware",259
3464,"Classic Sanganer Colors & Coatings Agency",Bhilwara,"Sanganer Road","Trader G Bhilwara",+919414006939,"Shop 79, Main Road, Sanganer Road, Bhilwara, Rajasthan","Water-Based Paints & Hardware",272
3465,"National Bhiwadi Hardware & Building Materials",Alwar,"Bhiwadi Industrial Zone","Trader H Alwar",+919414006941,"Shop 80, Main Road, Bhiwadi Industrial Zone, Alwar, Rajasthan","Water-Based Paints & Hardware",285
3466,"Ganesh Kotwali Wall Protect & Texture Depot",Sikar,"Kotwali Market","Trader I Sikar",+919414006943,"Shop 81, Main Road, Kotwali Market, Sikar, Rajasthan","Water-Based Paints & Hardware",298
3467,"Maruti Purani Trade Associates",Sri Ganganagar,"Purani Abadi","Trader J Sri Ganganagar",+919414006945,"Shop 82, Main Road, Purani Abadi, Sri Ganganagar, Rajasthan","Water-Based Paints & Hardware",311
3468,"Balaji Mathura Paints & Hardware Mart",Bharatpur,"Mathura Road","Trader K Bharatpur",+919414006947,"Shop 83, Main Road, Mathura Road, Bharatpur, Rajasthan","Water-Based Paints & Hardware",324
3469,"Kalyan Suraj Paint & Sanitary Store",Pali,"Suraj Pole","Trader L Pali",+919414006949,"Shop 84, Main Road, Suraj Pole, Pali, Rajasthan","Water-Based Paints & Hardware",337
3470,"Krishna Fort Colors & Coatings Agency",Chittorgarh,"Fort Road","Trader M Chittorgarh",+919414006951,"Shop 85, Main Road, Fort Road, Chittorgarh, Rajasthan","Water-Based Paints & Hardware",350
3471,"Vikas Kuchaman Hardware & Building Materials",Nagaur,"Kuchaman City","Trader N Nagaur",+919414006953,"Shop 86, Main Road, Kuchaman City, Nagaur, Rajasthan","Water-Based Paints & Hardware",363
3472,"Shree Peeru Wall Protect & Texture Depot",Jhunjhunu,"Peeru Singh Circle","Trader O Jhunjhunu",+919414006955,"Shop 87, Main Road, Peeru Singh Circle, Jhunjhunu, Rajasthan","Water-Based Paints & Hardware",376
3473,"Jai Subhash Trade Associates",Tonk,"Subhash Chowk","Trader P Tonk",+919414006957,"Shop 88, Main Road, Subhash Chowk, Tonk, Rajasthan","Water-Based Paints & Hardware",389
3474,"New Industrial Paints & Hardware Mart",Hanumangarh,"Industrial Area","Trader Q Hanumangarh",+919414006959,"Shop 89, Main Road, Industrial Area, Hanumangarh, Rajasthan","Water-Based Paints & Hardware",402
3475,"Royal Agra Paint & Sanitary Store",Dausa,"Agra Road","Trader R Dausa",+919414006961,"Shop 90, Main Road, Agra Road, Dausa, Rajasthan","Water-Based Paints & Hardware",415
3476,"Modern Station Colors & Coatings Agency",Barmer,"Station Road","Trader S Barmer",+919414006963,"Shop 91, Main Road, Station Road, Barmer, Rajasthan","Water-Based Paints & Hardware",428
3477,"Star Chomu Hardware & Building Materials",Jaipur,"Chomu","Trader T Jaipur",+919414006965,"Shop 92, Main Road, Chomu, Jaipur, Rajasthan","Water-Based Paints & Hardware",41
3478,"Classic Shastri Wall Protect & Texture Depot",Jodhpur,"Shastri Nagar","Trader U Jodhpur",+919414006967,"Shop 93, Main Road, Shastri Nagar, Jodhpur, Rajasthan","Water-Based Paints & Hardware",54
3479,"National Gumanpura Trade Associates",Kota,"Gumanpura","Trader V Kota",+919414006969,"Shop 94, Main Road, Gumanpura, Kota, Rajasthan","Water-Based Paints & Hardware",67
3480,"Ganesh Kote Paints & Hardware Mart",Bikaner,"Kote Gate","Trader W Bikaner",+919414006971,"Shop 95, Main Road, Kote Gate, Bikaner, Rajasthan","Water-Based Paints & Hardware",80
3481,"Maruti Madar Paint & Sanitary Store",Ajmer,"Madar Gate","Trader X Ajmer",+919414006973,"Shop 96, Main Road, Madar Gate, Ajmer, Rajasthan","Water-Based Paints & Hardware",93
3482,"Balaji Bapu Colors & Coatings Agency",Udaipur,"Bapu Bazar","Trader Y Udaipur",+919414006975,"Shop 97, Main Road, Bapu Bazar, Udaipur, Rajasthan","Water-Based Paints & Hardware",106
3483,"Kalyan Pur Hardware & Building Materials",Bhilwara,"Pur Road","Trader Z Bhilwara",+919414006977,"Shop 98, Main Road, Pur Road, Bhilwara, Rajasthan","Water-Based Paints & Hardware",119
3484,"Krishna Neemrana Wall Protect & Texture Depot",Alwar,"Neemrana Japanese Zone","Trader A Alwar",+919414006979,"Shop 99, Main Road, Neemrana Japanese Zone, Alwar, Rajasthan","Water-Based Paints & Hardware",132
3485,"Vikas Salasar Trade Associates",Sikar,"Salasar Bus Stand","Trader B Sikar",+919414006981,"Shop 100, Main Road, Salasar Bus Stand, Sikar, Rajasthan","Water-Based Paints & Hardware",145
3486,"Shree Birbal Paints & Hardware Mart",Sri Ganganagar,"Birbal Chowk","Trader C Sri Ganganagar",+919414006983,"Shop 101, Main Road, Birbal Chowk, Sri Ganganagar, Rajasthan","Water-Based Paints & Hardware",158
3487,"Jai Sewar Paint & Sanitary Store",Bharatpur,"Sewar Industrial Area","Trader D Bharatpur",+919414006985,"Shop 102, Main Road, Sewar Industrial Area, Bharatpur, Rajasthan","Water-Based Paints & Hardware",171
3488,"New Mandia Colors & Coatings Agency",Pali,"Mandia Road Industrial Area","Trader E Pali",+919414006987,"Shop 103, Main Road, Mandia Road Industrial Area, Pali, Rajasthan","Water-Based Paints & Hardware",184
3489,"Royal Chanderiya Hardware & Building Materials",Chittorgarh,"Chanderiya Industrial Area","Trader F Chittorgarh",+919414006989,"Shop 104, Main Road, Chanderiya Industrial Area, Chittorgarh, Rajasthan","Water-Based Paints & Hardware",197
3490,"Modern Merta Wall Protect & Texture Depot",Nagaur,"Merta City","Trader G Nagaur",+919414006991,"Shop 105, Main Road, Merta City, Nagaur, Rajasthan","Water-Based Paints & Hardware",210
3491,"Star Gugali Trade Associates",Jhunjhunu,"Gugali Market","Trader H Jhunjhunu",+919414006993,"Shop 106, Main Road, Gugali Market, Jhunjhunu, Rajasthan","Water-Based Paints & Hardware",223
3492,"Classic Niwai Paints & Hardware Mart",Tonk,"Niwai Industrial Area","Trader I Tonk",+919414006995,"Shop 107, Main Road, Niwai Industrial Area, Tonk, Rajasthan","Water-Based Paints & Hardware",236
3493,"National Town Paint & Sanitary Store",Hanumangarh,"Town Main Bazaar","Trader J Hanumangarh",+919414006997,"Shop 108, Main Road, Town Main Bazaar, Hanumangarh, Rajasthan","Water-Based Paints & Hardware",249
3494,"Ganesh Bandikui Colors & Coatings Agency",Dausa,"Bandikui Mandi","Trader K Dausa",+919414006999,"Shop 109, Main Road, Bandikui Mandi, Dausa, Rajasthan","Water-Based Paints & Hardware",262
3495,"Maruti Refinery Hardware & Building Materials",Barmer,"Refinery Site Corridor","Trader L Barmer",+919414007001,"Shop 110, Main Road, Refinery Site Corridor, Barmer, Rajasthan","Water-Based Paints & Hardware",275
3496,"Balaji Malviya Wall Protect & Texture Depot",Jaipur,"Malviya Nagar","Trader M Jaipur",+919414007003,"Shop 111, Main Road, Malviya Nagar, Jaipur, Rajasthan","Water-Based Paints & Hardware",288
3497,"Kalyan Boranada Trade Associates",Jodhpur,"Boranada SEZ","Trader N Jodhpur",+919414007005,"Shop 112, Main Road, Boranada SEZ, Jodhpur, Rajasthan","Water-Based Paints & Hardware",301
3498,"Krishna DCM Paints & Hardware Mart",Kota,"DCM Road","Trader O Kota",+919414007007,"Shop 113, Main Road, DCM Road, Kota, Rajasthan","Water-Based Paints & Hardware",314
3499,"Vikas Nokha Paint & Sanitary Store",Bikaner,"Nokha Road","Trader P Bikaner",+919414007009,"Shop 114, Main Road, Nokha Road, Bikaner, Rajasthan","Water-Based Paints & Hardware",327
3500,"Shree Clock Colors & Coatings Agency",Ajmer,"Clock Tower Market","Trader Q Ajmer",+919414007011,"Shop 115, Main Road, Clock Tower Market, Ajmer, Rajasthan","Water-Based Paints & Hardware",340
